{"resourceType":"ImplementationGuide","id":"hl7.cda.us.ccda","text":{"status":"generated","div":"<div xmlns=\"http://www.w3.org/1999/xhtml\"><h2>ccda</h2><p>The official URL for this implementation guide is: </p><pre>http://hl7.org/fhir/cda/ccda/ImplementationGuide/hl7.cda.us.ccda</pre></div>"},"url":"http://hl7.org/fhir/cda/ccda/ImplementationGuide/hl7.cda.us.ccda","version":"2.1.0","name":"ccda","title":"Consolidated CDA Templates for Clinical Notes (US Realm) STU R2.1","status":"active","experimental":false,"date":"2020-01-15T08:47:11-08:00","publisher":"Health Level 7","packageId":"hl7.cda.us.ccda","license":"CC0-1.0","fhirVersion":["4.0.1"],"dependsOn":[{"uri":"http://hl7.org/fhir/cda/ImplementationGuide/cda-ig","packageId":"hl7.fhir.cda","version":"dev"}],"definition":{"grouping":[{"id":"document","name":"Document Templates","description":"Document-level templates describe the purpose and rules for constructing a conforming CDA document. Document templates include constraints on the CDA header and indicate contained section-level templates.\rEach document-level template contains the following information:\r* Scope and intended use of the document type\r* Description and explanatory narrative\r* Template metadata (e.g., templateId)\r* Header constraints (e.g., document type, template id, participants)\r* Required and optional section-level templates\r"},{"id":"section","name":"Section Templates","description":"This chapter contains the section-level templates referenced by one or more of the document types of this consolidated guide. These templates describe the purpose of each section and the section-level constraints.\rSection-level templates are always included in a document. One and only one of each section type is allowed in a given document instance. Please see the document context tables to determine the sections that are contained in a given document type. Please see the conformance verb in the conformance statements to determine if it is required (SHALL), strongly recommended (SHOULD), or optional (MAY).\rEach section-level template contains the following:\r* Template metadata (e.g., templateId, etc.)\r* Description and explanatory narrative\r* LOINC section code\r* Section title\r* Requirements for a text element\r* Entry-level template names and Ids for referenced templates (required and optional)\rNarrative Text\rThe text element within the section stores the narrative to be rendered, as described in the CDA R2 specification, and is referred to as the CDA narrative block.\rThe content model of the CDA narrative block schema is handcrafted to meet requirements of human readability and rendering. The schema is registered as a MIME type (text/x-hl7-text+xml), which is the fixed media type for the text element.\rAs noted in the CDA R2 specification, the document originator is responsible for ensuring that the narrative block contains the complete, human readable, attested content of the section. Structured entries support computer processing and computation and are not a replacement for the attestable, human-readable content of the CDA narrative block. The special case of structured entries with an entry relationship of \"DRIV\" (is derived from) indicates to the receiving application that the source of the narrative block is the structured entries, and that the contents of the two are clinically equivalent.\rAs for all CDA documents—even when a report consisting entirely of structured entries is transformed into CDA—the encoding application must ensure that the authenticated content (narrative plus multimedia) is a faithful and complete rendering of the clinical content of the structured source data. As a general guideline, a generated narrative block should include the same human readable content that would be available to users viewing that content in the originating system. Although content formatting in the narrative block need not be identical to that in the originating system, the narrative block should use elements from the CDA narrative block schema to provide sufficient formatting to support human readability when rendered according to the rules defined in Section Narrative Block (§ 4.3.5 ) of the CDA R2 specification.\rHL7 CDA R2.1 IG: Consolidated CDA Templates for Clinical Note (US Realm), DSTU R2—Vol. 2: Templates Page 251\rAugust 2015 © 2015 Health Level Seven, Inc. All rights reserved.\rBy definition, a receiving application cannot assume that all clinical content in a section (i.e., in the narrative block and multimedia) is contained in the structured entries unless the entries in the section have an entry relationship of \"DRIV\".\rAdditional specification information for the CDA narrative block can be found in the CDA R2 specification in sections 1.2.1, 1.2.3, 1.3, 1.3.1, 1.3.2, 4.3.4.2, and 6."},{"id":"entry","name":"Entry Templates","description":"This chapter describes the clinical statement entry templates used within the sections of the document types of this consolidated guide. Entry templates contain constraints that are required for conformance.\rEntry-level templates are always in sections.\rEach entry-level template description contains the following information:\r* Key template metadata (e.g., template identifier, etc.)\r* Description and explanatory narrative.\r* Required CDA acts, participants and vocabularies.\r* Optional CDA acts, participants and vocabularies.\rSeveral entry-level templates require an effectiveTime:\rThe effectiveTime of an observation is the time interval over which the observation is known to be true. The low and high values should be as precise as possible, but no more precise than known. While CDA has multiple mechanisms to record this time interval (e.g., by low and high values, low and width, high and width, or center point and width), this guide constrains most to use only the low/high form. The low value is the earliest point for which the condition is known to have existed. The high value, when present, indicates the time at which the observation was no longer known to be true. The full description of effectiveTime and time intervals is contained in the CDA R2 normative edition.\rProvenance in entry templates:\rIn this version of Consolidated CDA (C-CDA), we have added a \"SHOULD\" Author constraint on several entry-level templates. Authorship and Author timestamps must be explicitly asserted in these cases, unless the values propagated from the document header hold true.\rID in entry templates:\rEntry-level templates may also describe an id element, which is an identifier for that entry. This id may be referenced within the document, or by the system receiving the document. The id assigned must be globally unique."},{"id":"other","name":"Participation & Other Templates","description":"The participation and other templates chapter contains templates for CDA participations (e.g., author, performer), and other fielded items (e.g., address, name) that cannot stand on their own without being nested in another template."},{"id":"_term_valueset","name":"Terminology: Value Sets","description":"These define sets of codes used by systems conforming with this implementation guide"}],"resource":[{"extension":[{"url":"http://hl7.org/fhir/StructureDefinition/implementationguide-page","valueUri":"StructureDefinition-2.16.840.1.113883.10.20.22.1.1.html"}],"reference":{"reference":"StructureDefinition/2.16.840.1.113883.10.20.22.1.1","display":"USRealmHeader"},"name":"US Realm Header (V3)","description":"This template defines constraints that represent common administrative and demographic concepts for US Realm CDA documents. Further specification, such as ClinicalDocument/code, are provided in document templates that conform to this template.","groupingId":"document"},{"extension":[{"url":"http://hl7.org/fhir/StructureDefinition/implementationguide-page","valueUri":"StructureDefinition-2.16.840.1.113883.10.20.22.1.10.html"}],"reference":{"reference":"StructureDefinition/2.16.840.1.113883.10.20.22.1.10","display":"UnstructuredDocument"},"name":"Unstructured Document (V3)","description":"An Unstructured Document (UD) document type can (1) include unstructured content, such as a graphic, directly in a text element with a mediaType attribute, or (2) reference a single document file, such as a word-processing document using a text/reference element.\nFor guidance on how to handle multiple files, on the selection of media types for this IG, and on the identification of external files, see the examples that follow the constraints below.\nIHEs XDS-SD (Cross-Transaction Specifications and Content Specifications, Scanned Documents Module) profile addresses a similar, more restricted use case, specifically for scanned documents or documents electronically created from existing text sources, and limits content to PDF-A or text. This Unstructured Documents template is applicable not only for scanned documents in non-PDF formats, but also for clinical documents produced through word processing applications, etc. \nFor conformance with both specifications, implementers need to ensure that their documents at a minimum conform with the SHALL constraints from either specification.","groupingId":"document"},{"extension":[{"url":"http://hl7.org/fhir/StructureDefinition/implementationguide-page","valueUri":"StructureDefinition-2.16.840.1.113883.10.20.22.1.13.html"}],"reference":{"reference":"StructureDefinition/2.16.840.1.113883.10.20.22.1.13","display":"TransferSummary"},"name":"Transfer Summary (V2)","description":"This document describes constraints on the Clinical Document Architecture (CDA) header and body elements for a Transfer Summary. The Transfer Summary standardizes critical information for exchange of information between providers of care when a patient moves between health care settings. \nStandardization of information used in this form will promote interoperability; create information suitable for reuse in quality measurement, public health, research, and for reimbursement.","groupingId":"document"},{"extension":[{"url":"http://hl7.org/fhir/StructureDefinition/implementationguide-page","valueUri":"StructureDefinition-2.16.840.1.113883.10.20.22.1.14.html"}],"reference":{"reference":"StructureDefinition/2.16.840.1.113883.10.20.22.1.14","display":"ReferralNote"},"name":"Referral Note (V2)","description":"A Referral Note communicates pertinent information from a provider who is requesting services of another provider of clinical or non-clinical services. The information in this document includes the reason for the referral and additional information that would augment decision making and care delivery. \nExamples of referral situations are when a patient is referred from a family physician to a cardiologist for cardiac evaluation or when patient is sent by a cardiologist to an emergency department for angina or when a patient is referred by a nurse practitioner to an audiologist for hearing screening or when a patient is referred by a hospitalist to social services.","groupingId":"document"},{"extension":[{"url":"http://hl7.org/fhir/StructureDefinition/implementationguide-page","valueUri":"StructureDefinition-2.16.840.1.113883.10.20.22.2.10.html"}],"reference":{"reference":"StructureDefinition/2.16.840.1.113883.10.20.22.2.10","display":"PlanofTreatmentSection"},"name":"Plan of Treatment Section (V2)","description":"This section, formerly known as \"Plan of Care\", contains data that define pending orders, interventions, encounters, services, and procedures for the patient. It is limited to prospective, unfulfilled, or incomplete orders and requests only. These are indicated by the @moodCode of the entries within this section. All active, incomplete, or pending orders, appointments, referrals, procedures, services, or any other pending event of clinical significance to the current care of the patient should be listed.\nClinical reminders are placed here to provide prompts for disease prevention and management, patient safety, and healthcare quality improvements, including widely accepted performance measures. \nThe plan may also indicate that patient education will be provided.\nWhen used in a document that includes a Goals Section, all the goals (whether narrative only, or structured Goal Observation entries) should be recorded in the Goals Section, rather than in the Plan of Treatment Section, to avoid confusion as to which/whose goals should be in which section? \nWhen used in a document that does not include a Goals Section, the Plan of Treatment section may also contain information about care team members goals, including the patients values, beliefs, preferences, care expectations, and overarching care goals. Values may include the importance of quality of life over longevity. These values are taken into account when prioritizing all problems and their treatments. Beliefs may include comfort with dying or the refusal of blood transfusions because of the patients religious convictions. Preferences may include liquid medicines over tablets, or treatment via secure email instead of in person. Care expectations may range from being treated only by female clinicians, to expecting all calls to be returned within 24 hours. Overarching goals described in this section are not tied to a specific condition, problem, health concern, or intervention. Examples of overarching goals could be to minimize pain or dependence on others, or to walk a daughter down the aisle for her marriage.","groupingId":"section"},{"extension":[{"url":"http://hl7.org/fhir/StructureDefinition/implementationguide-page","valueUri":"StructureDefinition-2.16.840.1.113883.10.20.22.5.4.html"}],"reference":{"reference":"StructureDefinition/2.16.840.1.113883.10.20.22.5.4","display":"USRealmDateandTimeDTMUSFIELDED"},"name":"US Realm Date and Time (DTM.US.FIELDED)","description":"The US Realm Clinical Document Date and Time datatype flavor records date and time information. If no time zone offset is provided, you can make no assumption about time, unless you have made a local exchange agreement.\n\nThis data type uses the same rules as US Realm Date and Time (DT.US.FIELDED), but is used with elements having a datatype of TS.","groupingId":"other"},{"extension":[{"url":"http://hl7.org/fhir/StructureDefinition/implementationguide-page","valueUri":"StructureDefinition-2.16.840.1.113883.10.20.22.5.2.html"}],"reference":{"reference":"StructureDefinition/2.16.840.1.113883.10.20.22.5.2","display":"USRealmAddressADUSFIELDED"},"name":"US Realm Address (AD.US.FIELDED)","description":"Reusable address template, for use in US Realm CDA Header.","groupingId":"other"},{"extension":[{"url":"http://hl7.org/fhir/StructureDefinition/implementationguide-page","valueUri":"StructureDefinition-2.16.840.1.113883.10.20.22.5.1.html"}],"reference":{"reference":"StructureDefinition/2.16.840.1.113883.10.20.22.5.1","display":"USRealmPatientNamePTNUSFIELDED"},"name":"US Realm Patient Name (PTN.US.FIELDED)","description":"The US Realm Patient Name datatype flavor is a set of reusable constraints that can be used for the patient or any other person. It requires a first (given) and last (family) name. If a patient or person has only one name part (e.g., patient with first name only) place the name part in the field required by the organization. Use the appropriate nullFlavor, \"Not Applicable\" (NA), in the other field.\nFor information on mixed content see the Extensible Markup Language reference (http://www.w3c.org/TR/2008/REC-xml-20081126/).","groupingId":"other"},{"extension":[{"url":"http://hl7.org/fhir/StructureDefinition/implementationguide-page","valueUri":"StructureDefinition-2.16.840.1.113883.10.20.22.5.1.1.html"}],"reference":{"reference":"StructureDefinition/2.16.840.1.113883.10.20.22.5.1.1","display":"USRealmPersonNamePNUSFIELDED"},"name":"US Realm Person Name (PN.US.FIELDED)","description":"The US Realm Clinical Document Person Name datatype flavor is a set of reusable constraints that can be used for Persons.","groupingId":"other"},{"extension":[{"url":"http://hl7.org/fhir/StructureDefinition/implementationguide-page","valueUri":"StructureDefinition-2.16.840.1.113883.10.20.22.4.44.html"}],"reference":{"reference":"StructureDefinition/2.16.840.1.113883.10.20.22.4.44","display":"PlannedObservation"},"name":"Planned Observation (V2)","description":"This template represents planned observations that result in new information about the patient which cannot be classified as a procedure according to the HL7 RIM, i.e., procedures alter the patient's body. Examples of these observations are laboratory tests, diagnostic imaging tests, EEGs, and EKGs.\r\n\r\nThe importance of the planned observation to the patient and provider is communicated through Priority Preference. The effectiveTime indicates the time when the observation is intended to take place and authorTime indicates when the documentation of the plan occurred. \r\nThe Planned Observation template may also indicate the potential insurance coverage for the observation.\r\n\r\n","groupingId":"entry"},{"extension":[{"url":"http://hl7.org/fhir/StructureDefinition/implementationguide-page","valueUri":"StructureDefinition-2.16.840.1.113883.10.20.22.4.121.html"}],"reference":{"reference":"StructureDefinition/2.16.840.1.113883.10.20.22.4.121","display":"GoalObservation"},"name":"Goal Observation","description":"This template represents a patient health goal. A Goal Observation template may have related components that are acts, encounters, observations, procedures, substance administrations, or supplies. \n\nA goal may be a patient or provider goal. If the author is set to the recordTarget (patient), this is a patient goal. If the author is set to a provider, this is a provider goal. If both patient and provider are set as authors, this is a negotiated goal.\n\nA goal usually has a related health concern and/or risk.\n\nA goal may have components consisting of other goals (milestones). These milestones are related to the overall goal through entryRelationships.","groupingId":"entry"},{"extension":[{"url":"http://hl7.org/fhir/StructureDefinition/implementationguide-page","valueUri":"StructureDefinition-2.16.840.1.113883.10.20.22.4.119.html"}],"reference":{"reference":"StructureDefinition/2.16.840.1.113883.10.20.22.4.119","display":"AuthorParticipation"},"name":"Author Participation","description":"This template represents the Author Participation (including the author timestamp). CDA R2 requires that Author and Author timestamp be asserted in the document header. From there, authorship propagates to contained sections and contained entries, unless explicitly overridden.\n\nThe Author Participation template was added to those templates in scope for analysis in R2. Although it is not explicitly stated in all templates the Author Participation template can be used in any template.","groupingId":"other"},{"extension":[{"url":"http://hl7.org/fhir/StructureDefinition/implementationguide-page","valueUri":"StructureDefinition-2.16.840.1.113883.10.20.22.4.143.html"}],"reference":{"reference":"StructureDefinition/2.16.840.1.113883.10.20.22.4.143","display":"PriorityPreference"},"name":"Priority Preference","description":"This template represents priority preferences chosen by a patient or a care provider. Priority preferences are choices made by care providers or patients or both relative to options for care or treatment (including scheduling, care experience, and meeting of personal health goals), the sharing and disclosure of health information, and the prioritization of concerns and problems.","groupingId":"other"},{"extension":[{"url":"http://hl7.org/fhir/StructureDefinition/implementationguide-page","valueUri":"StructureDefinition-2.16.840.1.113883.10.20.22.4.19.html"}],"reference":{"reference":"StructureDefinition/2.16.840.1.113883.10.20.22.4.19","display":"Indication"},"name":"Indication (V2)","description":"This template represents the rationale for an action such as an encounter, a medication administration, or a procedure. The id element can be used to reference a problem recorded elsewhere in the document, or can be used with a code and value to record the problem. Indications for treatment are not laboratory results; rather the problem associated with the laboratory result should be cited (e.g., hypokalemia instead of a laboratory result of Potassium 2.0 mEq/L). Use the Drug Monitoring Act [templateId 2.16.840.1.113883.10.20.22.4.123] to indicate if a particular drug needs special monitoring (e.g., anticoagulant therapy). Use Precondition for Substance Administration (V2) [templateId 2.16.840.1.113883.10.20.22.4.25.2] to represent that a medication is to be administered only when the associated criteria are met.","groupingId":"other"},{"extension":[{"url":"http://hl7.org/fhir/StructureDefinition/implementationguide-page","valueUri":"StructureDefinition-2.16.840.1.113883.10.20.22.4.20.html"}],"reference":{"reference":"StructureDefinition/2.16.840.1.113883.10.20.22.4.20","display":"Instruction"},"name":"Instruction (V2)","description":"The Instruction template can be used in several ways, such as to record patient instructions within a Medication Activity or to record fill instructions within a supply order. The template's moodCode can only be INT. If an instruction was already given, the Procedure Activity Act template (instead of this template) should be used to represent the already occurred instruction. The act/code defines the type of instruction. Though not defined in this template, a Vaccine Information Statement (VIS) document could be referenced through act/reference/externalDocument, and patient awareness of the instructions can be represented with the generic participant and the participant/awarenessCode.","groupingId":"other"},{"extension":[{"url":"http://hl7.org/fhir/StructureDefinition/implementationguide-page","valueUri":"StructureDefinition-2.16.840.1.113883.10.20.22.4.129.html"}],"reference":{"reference":"StructureDefinition/2.16.840.1.113883.10.20.22.4.129","display":"PlannedCoverage"},"name":"Planned Coverage","description":"This template represents the insurance coverage intended to cover an act or procedure.","groupingId":"other"},{"extension":[{"url":"http://hl7.org/fhir/StructureDefinition/implementationguide-page","valueUri":"ValueSet-1.3.6.1.4.1.12009.10.2.5.html"}],"reference":{"reference":"ValueSet/1.3.6.1.4.1.12009.10.2.5","display":"LOINCImagingDocumentCodes"},"name":"LOINC Imaging Document Codes","groupingId":"_term_valueset"},{"extension":[{"url":"http://hl7.org/fhir/StructureDefinition/implementationguide-page","valueUri":"ValueSet-2.16.840.1.113762.1.4.1010.1.html"}],"reference":{"reference":"ValueSet/2.16.840.1.113762.1.4.1010.1","display":"SubstanceReactantforIntolerance"},"name":"Substance Reactant for Intolerance","groupingId":"_term_valueset"},{"extension":[{"url":"http://hl7.org/fhir/StructureDefinition/implementationguide-page","valueUri":"ValueSet-2.16.840.1.113762.1.4.1010.2.html"}],"reference":{"reference":"ValueSet/2.16.840.1.113762.1.4.1010.2","display":"ClinicalSubstance"},"name":"Clinical Substance","groupingId":"_term_valueset"},{"extension":[{"url":"http://hl7.org/fhir/StructureDefinition/implementationguide-page","valueUri":"ValueSet-2.16.840.1.113762.1.4.1010.4.html"}],"reference":{"reference":"ValueSet/2.16.840.1.113762.1.4.1010.4","display":"MedicationClinicalDrug"},"name":"Medication Clinical Drug","groupingId":"_term_valueset"},{"extension":[{"url":"http://hl7.org/fhir/StructureDefinition/implementationguide-page","valueUri":"ValueSet-2.16.840.1.113762.1.4.1010.6.html"}],"reference":{"reference":"ValueSet/2.16.840.1.113762.1.4.1010.6","display":"CVXVaccinesAdministeredVaccineSet"},"name":"CVX Vaccines Administered Vaccine Set","groupingId":"_term_valueset"},{"extension":[{"url":"http://hl7.org/fhir/StructureDefinition/implementationguide-page","valueUri":"ValueSet-2.16.840.1.113762.1.4.1010.8.html"}],"reference":{"reference":"ValueSet/2.16.840.1.113762.1.4.1010.8","display":"VaccineClinicalDrug"},"name":"Vaccine Clinical Drug","groupingId":"_term_valueset"},{"extension":[{"url":"http://hl7.org/fhir/StructureDefinition/implementationguide-page","valueUri":"ValueSet-2.16.840.1.113762.1.4.1021.30.html"}],"reference":{"reference":"ValueSet/2.16.840.1.113762.1.4.1021.30","display":"AdministrationUnitDoseForm"},"name":"AdministrationUnitDoseForm","groupingId":"_term_valueset"},{"extension":[{"url":"http://hl7.org/fhir/StructureDefinition/implementationguide-page","valueUri":"ValueSet-2.16.840.1.113762.1.4.1099.11.html"}],"reference":{"reference":"ValueSet/2.16.840.1.113762.1.4.1099.11","display":"MedicationStatus"},"name":"Medication Status","groupingId":"_term_valueset"},{"extension":[{"url":"http://hl7.org/fhir/StructureDefinition/implementationguide-page","valueUri":"ValueSet-2.16.840.1.113762.1.4.1099.12.html"}],"reference":{"reference":"ValueSet/2.16.840.1.113762.1.4.1099.12","display":"MedicationRoute"},"name":"Medication Route","groupingId":"_term_valueset"},{"extension":[{"url":"http://hl7.org/fhir/StructureDefinition/implementationguide-page","valueUri":"ValueSet-2.16.840.1.113762.1.4.1099.24.html"}],"reference":{"reference":"ValueSet/2.16.840.1.113762.1.4.1099.24","display":"ExtendedPregnancyStatus"},"name":"Extended Pregnancy Status","groupingId":"_term_valueset"},{"extension":[{"url":"http://hl7.org/fhir/StructureDefinition/implementationguide-page","valueUri":"ValueSet-2.16.840.1.113883.1.11.1.html"}],"reference":{"reference":"ValueSet/2.16.840.1.113883.1.11.1","display":"AdministrativeGenderHL7V3"},"name":"Administrative Gender (HL7 V3)","groupingId":"_term_valueset"},{"extension":[{"url":"http://hl7.org/fhir/StructureDefinition/implementationguide-page","valueUri":"ValueSet-2.16.840.1.113883.1.11.10267.html"}],"reference":{"reference":"ValueSet/2.16.840.1.113883.1.11.10267","display":"ParticipationFunction"},"name":"ParticipationFunction","groupingId":"_term_valueset"},{"extension":[{"url":"http://hl7.org/fhir/StructureDefinition/implementationguide-page","valueUri":"ValueSet-2.16.840.1.113883.1.11.10416.html"}],"reference":{"reference":"ValueSet/2.16.840.1.113883.1.11.10416","display":"FinanciallyResponsiblePartyTypeValueSet"},"name":"Financially Responsible Party Type Value Set","groupingId":"_term_valueset"},{"extension":[{"url":"http://hl7.org/fhir/StructureDefinition/implementationguide-page","valueUri":"ValueSet-2.16.840.1.113883.1.11.10637.html"}],"reference":{"reference":"ValueSet/2.16.840.1.113883.1.11.10637","display":"PostalAddressUse"},"name":"PostalAddressUse","groupingId":"_term_valueset"},{"extension":[{"url":"http://hl7.org/fhir/StructureDefinition/implementationguide-page","valueUri":"ValueSet-2.16.840.1.113883.1.11.11526.html"}],"reference":{"reference":"ValueSet/2.16.840.1.113883.1.11.11526","display":"Language"},"name":"Language","groupingId":"_term_valueset"},{"extension":[{"url":"http://hl7.org/fhir/StructureDefinition/implementationguide-page","valueUri":"ValueSet-2.16.840.1.113883.1.11.11610.html"}],"reference":{"reference":"ValueSet/2.16.840.1.113883.1.11.11610","display":"xActRelationshipDocument"},"name":"x_ActRelationshipDocument","groupingId":"_term_valueset"},{"extension":[{"url":"http://hl7.org/fhir/StructureDefinition/implementationguide-page","valueUri":"ValueSet-2.16.840.1.113883.1.11.12199.html"}],"reference":{"reference":"ValueSet/2.16.840.1.113883.1.11.12199","display":"LanguageAbilityProficiency"},"name":"LanguageAbilityProficiency","groupingId":"_term_valueset"},{"extension":[{"url":"http://hl7.org/fhir/StructureDefinition/implementationguide-page","valueUri":"ValueSet-2.16.840.1.113883.1.11.12212.html"}],"reference":{"reference":"ValueSet/2.16.840.1.113883.1.11.12212","display":"MaritalStatus"},"name":"Marital Status","groupingId":"_term_valueset"},{"extension":[{"url":"http://hl7.org/fhir/StructureDefinition/implementationguide-page","valueUri":"ValueSet-2.16.840.1.113883.1.11.12249.html"}],"reference":{"reference":"ValueSet/2.16.840.1.113883.1.11.12249","display":"LanguageAbilityMode"},"name":"LanguageAbilityMode","groupingId":"_term_valueset"},{"extension":[{"url":"http://hl7.org/fhir/StructureDefinition/implementationguide-page","valueUri":"ValueSet-2.16.840.1.113883.1.11.12839.html"}],"reference":{"reference":"ValueSet/2.16.840.1.113883.1.11.12839","display":"UnitsOfMeasureCaseSensitive"},"name":"UnitsOfMeasureCaseSensitive","groupingId":"_term_valueset"},{"extension":[{"url":"http://hl7.org/fhir/StructureDefinition/implementationguide-page","valueUri":"ValueSet-2.16.840.1.113883.1.11.14914.html"}],"reference":{"reference":"ValueSet/2.16.840.1.113883.1.11.14914","display":"RaceValueSet"},"name":"Race Value Set","groupingId":"_term_valueset"},{"extension":[{"url":"http://hl7.org/fhir/StructureDefinition/implementationguide-page","valueUri":"ValueSet-2.16.840.1.113883.1.11.15913.html"}],"reference":{"reference":"ValueSet/2.16.840.1.113883.1.11.15913","display":"EntityNameUse"},"name":"EntityNameUse","groupingId":"_term_valueset"},{"extension":[{"url":"http://hl7.org/fhir/StructureDefinition/implementationguide-page","valueUri":"ValueSet-2.16.840.1.113883.1.11.15933.html"}],"reference":{"reference":"ValueSet/2.16.840.1.113883.1.11.15933","display":"ActStatus"},"name":"ActStatus","groupingId":"_term_valueset"},{"extension":[{"url":"http://hl7.org/fhir/StructureDefinition/implementationguide-page","valueUri":"ValueSet-2.16.840.1.113883.1.11.16866.html"}],"reference":{"reference":"ValueSet/2.16.840.1.113883.1.11.16866","display":"ActPriority"},"name":"ActPriority","groupingId":"_term_valueset"},{"extension":[{"url":"http://hl7.org/fhir/StructureDefinition/implementationguide-page","valueUri":"ValueSet-2.16.840.1.113883.1.11.16926.html"}],"reference":{"reference":"ValueSet/2.16.840.1.113883.1.11.16926","display":"HL7BasicConfidentialityKind"},"name":"HL7 BasicConfidentialityKind","groupingId":"_term_valueset"},{"extension":[{"url":"http://hl7.org/fhir/StructureDefinition/implementationguide-page","valueUri":"ValueSet-2.16.840.1.113883.1.11.18877.html"}],"reference":{"reference":"ValueSet/2.16.840.1.113883.1.11.18877","display":"CoverageRoleTypeValueSet"},"name":"Coverage Role Type Value Set","groupingId":"_term_valueset"},{"extension":[{"url":"http://hl7.org/fhir/StructureDefinition/implementationguide-page","valueUri":"ValueSet-2.16.840.1.113883.1.11.19185.html"}],"reference":{"reference":"ValueSet/2.16.840.1.113883.1.11.19185","display":"ReligiousAffiliation"},"name":"Religious Affiliation","groupingId":"_term_valueset"},{"extension":[{"url":"http://hl7.org/fhir/StructureDefinition/implementationguide-page","valueUri":"ValueSet-2.16.840.1.113883.1.11.19579.html"}],"reference":{"reference":"ValueSet/2.16.840.1.113883.1.11.19579","display":"FamilyMemberValue"},"name":"Family Member Value","groupingId":"_term_valueset"},{"extension":[{"url":"http://hl7.org/fhir/StructureDefinition/implementationguide-page","valueUri":"ValueSet-2.16.840.1.113883.1.11.19601.html"}],"reference":{"reference":"ValueSet/2.16.840.1.113883.1.11.19601","display":"xServiceEventPerformer"},"name":"x_ServiceEventPerformer","groupingId":"_term_valueset"},{"extension":[{"url":"http://hl7.org/fhir/StructureDefinition/implementationguide-page","valueUri":"ValueSet-2.16.840.1.113883.1.11.19717.html"}],"reference":{"reference":"ValueSet/2.16.840.1.113883.1.11.19717","display":"NoImmunizationReason"},"name":"No Immunization Reason","groupingId":"_term_valueset"},{"extension":[{"url":"http://hl7.org/fhir/StructureDefinition/implementationguide-page","valueUri":"ValueSet-2.16.840.1.113883.1.11.20.12.html"}],"reference":{"reference":"ValueSet/2.16.840.1.113883.1.11.20.12","display":"HealthStatus"},"name":"HealthStatus","groupingId":"_term_valueset"},{"extension":[{"url":"http://hl7.org/fhir/StructureDefinition/implementationguide-page","valueUri":"ValueSet-2.16.840.1.113883.1.11.20.2.3.html"}],"reference":{"reference":"ValueSet/2.16.840.1.113883.1.11.20.2.3","display":"ReferralDocumentType"},"name":"ReferralDocumentType","groupingId":"_term_valueset"},{"extension":[{"url":"http://hl7.org/fhir/StructureDefinition/implementationguide-page","valueUri":"ValueSet-2.16.840.1.113883.1.11.20.2.4.html"}],"reference":{"reference":"ValueSet/2.16.840.1.113883.1.11.20.2.4","display":"TransferDocumentType"},"name":"TransferDocumentType","groupingId":"_term_valueset"},{"extension":[{"url":"http://hl7.org/fhir/StructureDefinition/implementationguide-page","valueUri":"ValueSet-2.16.840.1.113883.1.11.20.2.5.html"}],"reference":{"reference":"ValueSet/2.16.840.1.113883.1.11.20.2.5","display":"WoundMeasurements"},"name":"Wound Measurements","groupingId":"_term_valueset"},{"extension":[{"url":"http://hl7.org/fhir/StructureDefinition/implementationguide-page","valueUri":"ValueSet-2.16.840.1.113883.1.11.20.2.6.html"}],"reference":{"reference":"ValueSet/2.16.840.1.113883.1.11.20.2.6","display":"WoundType"},"name":"Wound Type","groupingId":"_term_valueset"},{"extension":[{"url":"http://hl7.org/fhir/StructureDefinition/implementationguide-page","valueUri":"ValueSet-2.16.840.1.113883.1.11.20.2.7.html"}],"reference":{"reference":"ValueSet/2.16.840.1.113883.1.11.20.2.7","display":"NutritionalStatus"},"name":"Nutritional Status","groupingId":"_term_valueset"},{"extension":[{"url":"http://hl7.org/fhir/StructureDefinition/implementationguide-page","valueUri":"ValueSet-2.16.840.1.113883.1.11.20.2.9.html"}],"reference":{"reference":"ValueSet/2.16.840.1.113883.1.11.20.2.9","display":"NutritionRecommendations"},"name":"Nutrition Recommendations","groupingId":"_term_valueset"},{"extension":[{"url":"http://hl7.org/fhir/StructureDefinition/implementationguide-page","valueUri":"ValueSet-2.16.840.1.113883.1.11.20.2.html"}],"reference":{"reference":"ValueSet/2.16.840.1.113883.1.11.20.2","display":"AdvanceDirectiveTypeCode"},"name":"Advance Directive Type Code","groupingId":"_term_valueset"},{"extension":[{"url":"http://hl7.org/fhir/StructureDefinition/implementationguide-page","valueUri":"ValueSet-2.16.840.1.113883.1.11.20549.html"}],"reference":{"reference":"ValueSet/2.16.840.1.113883.1.11.20549","display":"CriticalityObservation"},"name":"Criticality Observation","groupingId":"_term_valueset"},{"extension":[{"url":"http://hl7.org/fhir/StructureDefinition/implementationguide-page","valueUri":"ValueSet-2.16.840.1.113883.1.11.78.html"}],"reference":{"reference":"ValueSet/2.16.840.1.113883.1.11.78","display":"ObservationInterpretationHL7"},"name":"Observation Interpretation (HL7)","groupingId":"_term_valueset"},{"extension":[{"url":"http://hl7.org/fhir/StructureDefinition/implementationguide-page","valueUri":"ValueSet-2.16.840.1.113883.11.20.1.1.html"}],"reference":{"reference":"ValueSet/2.16.840.1.113883.11.20.1.1","display":"SurgicalOperationNoteDocumentTypeCode"},"name":"SurgicalOperationNoteDocumentTypeCode","groupingId":"_term_valueset"},{"extension":[{"url":"http://hl7.org/fhir/StructureDefinition/implementationguide-page","valueUri":"ValueSet-2.16.840.1.113883.11.20.12.1.html"}],"reference":{"reference":"ValueSet/2.16.840.1.113883.11.20.12.1","display":"PersonalAndLegalRelationshipRoleType"},"name":"Personal And Legal Relationship Role Type","groupingId":"_term_valueset"},{"extension":[{"url":"http://hl7.org/fhir/StructureDefinition/implementationguide-page","valueUri":"ValueSet-2.16.840.1.113883.11.20.6.1.html"}],"reference":{"reference":"ValueSet/2.16.840.1.113883.11.20.6.1","display":"ProcedureNoteDocumentTypeCodes"},"name":"ProcedureNoteDocumentTypeCodes","groupingId":"_term_valueset"},{"extension":[{"url":"http://hl7.org/fhir/StructureDefinition/implementationguide-page","valueUri":"ValueSet-2.16.840.1.113883.11.20.8.1.html"}],"reference":{"reference":"ValueSet/2.16.840.1.113883.11.20.8.1","display":"ProgressNoteDocumentTypeCode"},"name":"ProgressNoteDocumentTypeCode","groupingId":"_term_valueset"},{"extension":[{"url":"http://hl7.org/fhir/StructureDefinition/implementationguide-page","valueUri":"ValueSet-2.16.840.1.113883.11.20.9.18.html"}],"reference":{"reference":"ValueSet/2.16.840.1.113883.11.20.9.18","display":"MoodCodeEvnInt"},"name":"MoodCodeEvnInt","groupingId":"_term_valueset"},{"extension":[{"url":"http://hl7.org/fhir/StructureDefinition/implementationguide-page","valueUri":"ValueSet-2.16.840.1.113883.11.20.9.19.html"}],"reference":{"reference":"ValueSet/2.16.840.1.113883.11.20.9.19","display":"ProblemActstatusCode"},"name":"ProblemAct statusCode","groupingId":"_term_valueset"},{"extension":[{"url":"http://hl7.org/fhir/StructureDefinition/implementationguide-page","valueUri":"ValueSet-2.16.840.1.113883.11.20.9.20.html"}],"reference":{"reference":"ValueSet/2.16.840.1.113883.11.20.9.20","display":"TelecomUseUSRealmHeader"},"name":"Telecom Use (US Realm Header)","groupingId":"_term_valueset"},{"extension":[{"url":"http://hl7.org/fhir/StructureDefinition/implementationguide-page","valueUri":"ValueSet-2.16.840.1.113883.11.20.9.21.html"}],"reference":{"reference":"ValueSet/2.16.840.1.113883.11.20.9.21","display":"AgePQUCUM"},"name":"AgePQ_UCUM","groupingId":"_term_valueset"},{"extension":[{"url":"http://hl7.org/fhir/StructureDefinition/implementationguide-page","valueUri":"ValueSet-2.16.840.1.113883.11.20.9.22.html"}],"reference":{"reference":"ValueSet/2.16.840.1.113883.11.20.9.22","display":"ProcedureActstatusCode"},"name":"ProcedureAct statusCode","groupingId":"_term_valueset"},{"extension":[{"url":"http://hl7.org/fhir/StructureDefinition/implementationguide-page","valueUri":"ValueSet-2.16.840.1.113883.11.20.9.23.html"}],"reference":{"reference":"ValueSet/2.16.840.1.113883.11.20.9.23","display":"PlannedmoodCodeActEncounterProcedure"},"name":"Planned moodCode (Act/Encounter/Procedure)","groupingId":"_term_valueset"},{"extension":[{"url":"http://hl7.org/fhir/StructureDefinition/implementationguide-page","valueUri":"ValueSet-2.16.840.1.113883.11.20.9.24.html"}],"reference":{"reference":"ValueSet/2.16.840.1.113883.11.20.9.24","display":"PlannedmoodCodeSubstanceAdministrationSupply"},"name":"Planned moodCode (SubstanceAdministration/Supply)","groupingId":"_term_valueset"},{"extension":[{"url":"http://hl7.org/fhir/StructureDefinition/implementationguide-page","valueUri":"ValueSet-2.16.840.1.113883.11.20.9.25.html"}],"reference":{"reference":"ValueSet/2.16.840.1.113883.11.20.9.25","display":"PlannedmoodCodeObservation"},"name":"Planned moodCode (Observation)","groupingId":"_term_valueset"},{"extension":[{"url":"http://hl7.org/fhir/StructureDefinition/implementationguide-page","valueUri":"ValueSet-2.16.840.1.113883.11.20.9.26.html"}],"reference":{"reference":"ValueSet/2.16.840.1.113883.11.20.9.26","display":"EntityPersonNamePartQualifier"},"name":"EntityPersonNamePartQualifier","groupingId":"_term_valueset"},{"extension":[{"url":"http://hl7.org/fhir/StructureDefinition/implementationguide-page","valueUri":"ValueSet-2.16.840.1.113883.11.20.9.29.html"}],"reference":{"reference":"ValueSet/2.16.840.1.113883.11.20.9.29","display":"DIRQuantityMeasurementTypeCodes"},"name":"DIRQuantityMeasurementTypeCodes","groupingId":"_term_valueset"},{"extension":[{"url":"http://hl7.org/fhir/StructureDefinition/implementationguide-page","valueUri":"ValueSet-2.16.840.1.113883.11.20.9.31.html"}],"reference":{"reference":"ValueSet/2.16.840.1.113883.11.20.9.31","display":"ConsultDocumentType"},"name":"ConsultDocumentType","groupingId":"_term_valueset"},{"extension":[{"url":"http://hl7.org/fhir/StructureDefinition/implementationguide-page","valueUri":"ValueSet-2.16.840.1.113883.11.20.9.33.html"}],"reference":{"reference":"ValueSet/2.16.840.1.113883.11.20.9.33","display":"INDRoleclassCodes"},"name":"INDRoleclassCodes","groupingId":"_term_valueset"},{"extension":[{"url":"http://hl7.org/fhir/StructureDefinition/implementationguide-page","valueUri":"ValueSet-2.16.840.1.113883.11.20.9.35.html"}],"reference":{"reference":"ValueSet/2.16.840.1.113883.11.20.9.35","display":"PressureUlcerStage"},"name":"Pressure Ulcer Stage","groupingId":"_term_valueset"},{"extension":[{"url":"http://hl7.org/fhir/StructureDefinition/implementationguide-page","valueUri":"ValueSet-2.16.840.1.113883.11.20.9.36.html"}],"reference":{"reference":"ValueSet/2.16.840.1.113883.11.20.9.36","display":"PressurePoint"},"name":"Pressure Point","groupingId":"_term_valueset"},{"extension":[{"url":"http://hl7.org/fhir/StructureDefinition/implementationguide-page","valueUri":"ValueSet-2.16.840.1.113883.11.20.9.37.html"}],"reference":{"reference":"ValueSet/2.16.840.1.113883.11.20.9.37","display":"TargetSiteQualifiers"},"name":"TargetSite Qualifiers","groupingId":"_term_valueset"},{"extension":[{"url":"http://hl7.org/fhir/StructureDefinition/implementationguide-page","valueUri":"ValueSet-2.16.840.1.113883.11.20.9.38.html"}],"reference":{"reference":"ValueSet/2.16.840.1.113883.11.20.9.38","display":"SmokingStatus"},"name":"Smoking Status","groupingId":"_term_valueset"},{"extension":[{"url":"http://hl7.org/fhir/StructureDefinition/implementationguide-page","valueUri":"ValueSet-2.16.840.1.113883.11.20.9.39.html"}],"reference":{"reference":"ValueSet/2.16.840.1.113883.11.20.9.39","display":"ResultStatus"},"name":"Result Status","groupingId":"_term_valueset"},{"extension":[{"url":"http://hl7.org/fhir/StructureDefinition/implementationguide-page","valueUri":"ValueSet-2.16.840.1.113883.11.20.9.41.html"}],"reference":{"reference":"ValueSet/2.16.840.1.113883.11.20.9.41","display":"TobaccoUse"},"name":"Tobacco Use","groupingId":"_term_valueset"},{"extension":[{"url":"http://hl7.org/fhir/StructureDefinition/implementationguide-page","valueUri":"ValueSet-2.16.840.1.113883.11.20.9.44.html"}],"reference":{"reference":"ValueSet/2.16.840.1.113883.11.20.9.44","display":"MentalandFunctionalStatusResponse"},"name":"Mental and Functional Status Response","groupingId":"_term_valueset"},{"extension":[{"url":"http://hl7.org/fhir/StructureDefinition/implementationguide-page","valueUri":"ValueSet-2.16.840.1.113883.11.20.9.47.html"}],"reference":{"reference":"ValueSet/2.16.840.1.113883.11.20.9.47","display":"ADLResultType"},"name":"ADL Result Type","groupingId":"_term_valueset"},{"extension":[{"url":"http://hl7.org/fhir/StructureDefinition/implementationguide-page","valueUri":"ValueSet-2.16.840.1.113883.11.20.9.49.html"}],"reference":{"reference":"ValueSet/2.16.840.1.113883.11.20.9.49","display":"ResidenceandAccommodationType"},"name":"Residence and Accommodation Type","groupingId":"_term_valueset"},{"extension":[{"url":"http://hl7.org/fhir/StructureDefinition/implementationguide-page","valueUri":"ValueSet-2.16.840.1.113883.11.20.9.50.html"}],"reference":{"reference":"ValueSet/2.16.840.1.113883.11.20.9.50","display":"SensoryStatusProblemType"},"name":"Sensory Status Problem Type","groupingId":"_term_valueset"},{"extension":[{"url":"http://hl7.org/fhir/StructureDefinition/implementationguide-page","valueUri":"ValueSet-2.16.840.1.113883.11.20.9.51.html"}],"reference":{"reference":"ValueSet/2.16.840.1.113883.11.20.9.51","display":"HealthcareAgentQualifier"},"name":"Healthcare Agent Qualifier","groupingId":"_term_valueset"},{"extension":[{"url":"http://hl7.org/fhir/StructureDefinition/implementationguide-page","valueUri":"ValueSet-2.16.840.1.113883.11.20.9.52.html"}],"reference":{"reference":"ValueSet/2.16.840.1.113883.11.20.9.52","display":"EncounterPlanned"},"name":"Encounter Planned","groupingId":"_term_valueset"},{"extension":[{"url":"http://hl7.org/fhir/StructureDefinition/implementationguide-page","valueUri":"ValueSet-2.16.840.1.113883.11.20.9.54.html"}],"reference":{"reference":"ValueSet/2.16.840.1.113883.11.20.9.54","display":"PlannedInterventionmoodCode"},"name":"Planned Intervention moodCode","groupingId":"_term_valueset"},{"extension":[{"url":"http://hl7.org/fhir/StructureDefinition/implementationguide-page","valueUri":"ValueSet-2.16.840.1.113883.11.20.9.55.html"}],"reference":{"reference":"ValueSet/2.16.840.1.113883.11.20.9.55","display":"GoalAchievement"},"name":"Goal Achievement","groupingId":"_term_valueset"},{"extension":[{"url":"http://hl7.org/fhir/StructureDefinition/implementationguide-page","valueUri":"ValueSet-2.16.840.1.113883.11.20.9.58.html"}],"reference":{"reference":"ValueSet/2.16.840.1.113883.11.20.9.58","display":"WoundCharacteristic"},"name":"Wound Characteristic","groupingId":"_term_valueset"},{"extension":[{"url":"http://hl7.org/fhir/StructureDefinition/implementationguide-page","valueUri":"ValueSet-2.16.840.1.113883.11.20.9.59.html"}],"reference":{"reference":"ValueSet/2.16.840.1.113883.11.20.9.59","display":"DIRSectionTypeCodes"},"name":"DIRSectionTypeCodes","groupingId":"_term_valueset"},{"extension":[{"url":"http://hl7.org/fhir/StructureDefinition/implementationguide-page","valueUri":"ValueSet-2.16.840.1.113883.11.20.9.60.html"}],"reference":{"reference":"ValueSet/2.16.840.1.113883.11.20.9.60","display":"PriorityLevel"},"name":"Priority Level","groupingId":"_term_valueset"},{"extension":[{"url":"http://hl7.org/fhir/StructureDefinition/implementationguide-page","valueUri":"ValueSet-2.16.840.1.113883.11.20.9.61.html"}],"reference":{"reference":"ValueSet/2.16.840.1.113883.11.20.9.61","display":"CareModel"},"name":"Care Model","groupingId":"_term_valueset"},{"extension":[{"url":"http://hl7.org/fhir/StructureDefinition/implementationguide-page","valueUri":"ValueSet-2.16.840.1.113883.11.20.9.65.html"}],"reference":{"reference":"ValueSet/2.16.840.1.113883.11.20.9.65","display":"PhysicalExamType"},"name":"Physical Exam Type","groupingId":"_term_valueset"},{"extension":[{"url":"http://hl7.org/fhir/StructureDefinition/implementationguide-page","valueUri":"ValueSet-2.16.840.1.113883.11.20.9.66.html"}],"reference":{"reference":"ValueSet/2.16.840.1.113883.11.20.9.66","display":"PatientReferralActmoodCode"},"name":"Patient Referral Act moodCode","groupingId":"_term_valueset"},{"extension":[{"url":"http://hl7.org/fhir/StructureDefinition/implementationguide-page","valueUri":"ValueSet-2.16.840.1.113883.3.2074.1.1.3.html"}],"reference":{"reference":"ValueSet/2.16.840.1.113883.3.2074.1.1.3","display":"RaceCategoryExcludingNulls"},"name":"Race Category Excluding Nulls","groupingId":"_term_valueset"},{"extension":[{"url":"http://hl7.org/fhir/StructureDefinition/implementationguide-page","valueUri":"ValueSet-2.16.840.1.113883.3.88.12.3221.6.2.html"}],"reference":{"reference":"ValueSet/2.16.840.1.113883.3.88.12.3221.6.2","display":"AllergyandIntoleranceType"},"name":"Allergy and Intolerance Type","groupingId":"_term_valueset"},{"extension":[{"url":"http://hl7.org/fhir/StructureDefinition/implementationguide-page","valueUri":"ValueSet-2.16.840.1.113883.3.88.12.3221.6.8.html"}],"reference":{"reference":"ValueSet/2.16.840.1.113883.3.88.12.3221.6.8","display":"ReactionSeverity"},"name":"Reaction Severity","groupingId":"_term_valueset"},{"extension":[{"url":"http://hl7.org/fhir/StructureDefinition/implementationguide-page","valueUri":"ValueSet-2.16.840.1.113883.3.88.12.3221.7.2.html"}],"reference":{"reference":"ValueSet/2.16.840.1.113883.3.88.12.3221.7.2","display":"ProblemTypeSNOMEDCT"},"name":"Problem Type (SNOMEDCT)","groupingId":"_term_valueset"},{"extension":[{"url":"http://hl7.org/fhir/StructureDefinition/implementationguide-page","valueUri":"ValueSet-2.16.840.1.113883.3.88.12.3221.8.7.html"}],"reference":{"reference":"ValueSet/2.16.840.1.113883.3.88.12.3221.8.7","display":"SPLDrugRouteofAdministrationTerminology"},"name":"SPL Drug Route of Administration Terminology","groupingId":"_term_valueset"},{"extension":[{"url":"http://hl7.org/fhir/StructureDefinition/implementationguide-page","valueUri":"ValueSet-2.16.840.1.113883.3.88.12.3221.8.9.html"}],"reference":{"reference":"ValueSet/2.16.840.1.113883.3.88.12.3221.8.9","display":"BodySiteValueSet"},"name":"Body Site Value Set","groupingId":"_term_valueset"},{"extension":[{"url":"http://hl7.org/fhir/StructureDefinition/implementationguide-page","valueUri":"ValueSet-2.16.840.1.113883.3.88.12.80.32.html"}],"reference":{"reference":"ValueSet/2.16.840.1.113883.3.88.12.80.32","display":"EncounterTypeCode"},"name":"EncounterTypeCode","groupingId":"_term_valueset"},{"extension":[{"url":"http://hl7.org/fhir/StructureDefinition/implementationguide-page","valueUri":"ValueSet-2.16.840.1.113883.3.88.12.80.60.html"}],"reference":{"reference":"ValueSet/2.16.840.1.113883.3.88.12.80.60","display":"SocialHistoryType"},"name":"Social History Type","groupingId":"_term_valueset"},{"extension":[{"url":"http://hl7.org/fhir/StructureDefinition/implementationguide-page","valueUri":"ValueSet-2.16.840.1.113883.3.88.12.80.62.html"}],"reference":{"reference":"ValueSet/2.16.840.1.113883.3.88.12.80.62","display":"VitalSignResultType"},"name":"Vital Sign Result Type","groupingId":"_term_valueset"},{"extension":[{"url":"http://hl7.org/fhir/StructureDefinition/implementationguide-page","valueUri":"ValueSet-2.16.840.1.113883.3.88.12.80.64.html"}],"reference":{"reference":"ValueSet/2.16.840.1.113883.3.88.12.80.64","display":"MedicationFillStatus"},"name":"Medication Fill Status","groupingId":"_term_valueset"},{"extension":[{"url":"http://hl7.org/fhir/StructureDefinition/implementationguide-page","valueUri":"ValueSet-2.16.840.1.113883.3.88.12.80.68.html"}],"reference":{"reference":"ValueSet/2.16.840.1.113883.3.88.12.80.68","display":"ProblemStatus"},"name":"Problem Status","groupingId":"_term_valueset"},{"extension":[{"url":"http://hl7.org/fhir/StructureDefinition/implementationguide-page","valueUri":"ValueSet-2.16.840.1.114222.4.11.1066.html"}],"reference":{"reference":"ValueSet/2.16.840.1.114222.4.11.1066","display":"HealthcareProviderTaxonomyHIPAA"},"name":"Healthcare Provider Taxonomy (HIPAA)","groupingId":"_term_valueset"},{"extension":[{"url":"http://hl7.org/fhir/StructureDefinition/implementationguide-page","valueUri":"ValueSet-2.16.840.1.114222.4.11.3591.html"}],"reference":{"reference":"ValueSet/2.16.840.1.114222.4.11.3591","display":"Payer"},"name":"Payer","groupingId":"_term_valueset"},{"extension":[{"url":"http://hl7.org/fhir/StructureDefinition/implementationguide-page","valueUri":"ValueSet-2.16.840.1.114222.4.11.837.html"}],"reference":{"reference":"ValueSet/2.16.840.1.114222.4.11.837","display":"Ethnicity"},"name":"Ethnicity","groupingId":"_term_valueset"},{"extension":[{"url":"http://hl7.org/fhir/StructureDefinition/implementationguide-page","valueUri":"ValueSet-2.16.840.1.114222.4.11.877.html"}],"reference":{"reference":"ValueSet/2.16.840.1.114222.4.11.877","display":"DetailedEthnicity"},"name":"Detailed Ethnicity","groupingId":"_term_valueset"}],"page":{"nameUrl":"toc.html","title":"Table of Contents","generation":"html","page":[{"nameUrl":"index.html","title":"IG Home Page","generation":"markdown"},{"nameUrl":"background.html","title":"Background","generation":"markdown"},{"nameUrl":"designconsiderations.html","title":"Design Considerations","generation":"markdown"},{"nameUrl":"using.html","title":"Using this Implementation Guide","generation":"markdown"},{"nameUrl":"references.html","title":"References","generation":"markdown"},{"nameUrl":"appendix.html","title":"Appendix","generation":"markdown"},{"nameUrl":"downloads.html","title":"Downloads","generation":"markdown"},{"nameUrl":"artifacts.html","title":"Artifacts Summary","generation":"html","page":[{"nameUrl":"StructureDefinition-2.16.840.1.113883.10.20.22.1.1.html","title":"US Realm Header (V3)","generation":"generated"},{"nameUrl":"StructureDefinition-2.16.840.1.113883.10.20.22.1.10.html","title":"Unstructured Document (V3)","generation":"generated"},{"nameUrl":"StructureDefinition-2.16.840.1.113883.10.20.22.1.13.html","title":"Transfer Summary (V2)","generation":"generated"},{"nameUrl":"StructureDefinition-2.16.840.1.113883.10.20.22.1.14.html","title":"Referral Note (V2)","generation":"generated"},{"nameUrl":"StructureDefinition-2.16.840.1.113883.10.20.22.2.10.html","title":"Plan of Treatment Section (V2)","generation":"generated"},{"nameUrl":"StructureDefinition-2.16.840.1.113883.10.20.22.4.44.html","title":"Planned Observation (V2)","generation":"generated"},{"nameUrl":"StructureDefinition-2.16.840.1.113883.10.20.22.4.121.html","title":"Goal Observation","generation":"generated"},{"nameUrl":"StructureDefinition-2.16.840.1.113883.10.20.22.5.4.html","title":"US Realm Date and Time (DTM.US.FIELDED)","generation":"generated"},{"nameUrl":"StructureDefinition-2.16.840.1.113883.10.20.22.5.2.html","title":"US Realm Address (AD.US.FIELDED)","generation":"generated"},{"nameUrl":"StructureDefinition-2.16.840.1.113883.10.20.22.5.1.html","title":"US Realm Patient Name (PTN.US.FIELDED)","generation":"generated"},{"nameUrl":"StructureDefinition-2.16.840.1.113883.10.20.22.5.1.1.html","title":"US Realm Person Name (PN.US.FIELDED)","generation":"generated"},{"nameUrl":"StructureDefinition-2.16.840.1.113883.10.20.22.4.119.html","title":"Author Participation","generation":"generated"},{"nameUrl":"StructureDefinition-2.16.840.1.113883.10.20.22.4.143.html","title":"Priority Preference","generation":"generated"},{"nameUrl":"StructureDefinition-2.16.840.1.113883.10.20.22.4.19.html","title":"Indication (V2)","generation":"generated"},{"nameUrl":"StructureDefinition-2.16.840.1.113883.10.20.22.4.20.html","title":"Instruction (V2)","generation":"generated"},{"nameUrl":"StructureDefinition-2.16.840.1.113883.10.20.22.4.129.html","title":"Planned Coverage","generation":"generated"},{"nameUrl":"ValueSet-1.3.6.1.4.1.12009.10.2.5.html","title":"LOINC Imaging Document Codes","generation":"generated"},{"nameUrl":"ValueSet-2.16.840.1.113762.1.4.1010.1.html","title":"Substance Reactant for Intolerance","generation":"generated"},{"nameUrl":"ValueSet-2.16.840.1.113762.1.4.1010.2.html","title":"Clinical Substance","generation":"generated"},{"nameUrl":"ValueSet-2.16.840.1.113762.1.4.1010.4.html","title":"Medication Clinical Drug","generation":"generated"},{"nameUrl":"ValueSet-2.16.840.1.113762.1.4.1010.6.html","title":"CVX Vaccines Administered Vaccine Set","generation":"generated"},{"nameUrl":"ValueSet-2.16.840.1.113762.1.4.1010.8.html","title":"Vaccine Clinical Drug","generation":"generated"},{"nameUrl":"ValueSet-2.16.840.1.113762.1.4.1021.30.html","title":"AdministrationUnitDoseForm","generation":"generated"},{"nameUrl":"ValueSet-2.16.840.1.113762.1.4.1099.11.html","title":"Medication Status","generation":"generated"},{"nameUrl":"ValueSet-2.16.840.1.113762.1.4.1099.12.html","title":"Medication Route","generation":"generated"},{"nameUrl":"ValueSet-2.16.840.1.113762.1.4.1099.24.html","title":"Extended Pregnancy Status","generation":"generated"},{"nameUrl":"ValueSet-2.16.840.1.113883.1.11.1.html","title":"Administrative Gender (HL7 V3)","generation":"generated"},{"nameUrl":"ValueSet-2.16.840.1.113883.1.11.10267.html","title":"ParticipationFunction","generation":"generated"},{"nameUrl":"ValueSet-2.16.840.1.113883.1.11.10416.html","title":"Financially Responsible Party Type Value Set","generation":"generated"},{"nameUrl":"ValueSet-2.16.840.1.113883.1.11.10637.html","title":"PostalAddressUse","generation":"generated"},{"nameUrl":"ValueSet-2.16.840.1.113883.1.11.11526.html","title":"Language","generation":"generated"},{"nameUrl":"ValueSet-2.16.840.1.113883.1.11.11610.html","title":"x_ActRelationshipDocument","generation":"generated"},{"nameUrl":"ValueSet-2.16.840.1.113883.1.11.12199.html","title":"LanguageAbilityProficiency","generation":"generated"},{"nameUrl":"ValueSet-2.16.840.1.113883.1.11.12212.html","title":"Marital Status","generation":"generated"},{"nameUrl":"ValueSet-2.16.840.1.113883.1.11.12249.html","title":"LanguageAbilityMode","generation":"generated"},{"nameUrl":"ValueSet-2.16.840.1.113883.1.11.12839.html","title":"UnitsOfMeasureCaseSensitive","generation":"generated"},{"nameUrl":"ValueSet-2.16.840.1.113883.1.11.14914.html","title":"Race Value Set","generation":"generated"},{"nameUrl":"ValueSet-2.16.840.1.113883.1.11.15913.html","title":"EntityNameUse","generation":"generated"},{"nameUrl":"ValueSet-2.16.840.1.113883.1.11.15933.html","title":"ActStatus","generation":"generated"},{"nameUrl":"ValueSet-2.16.840.1.113883.1.11.16866.html","title":"ActPriority","generation":"generated"},{"nameUrl":"ValueSet-2.16.840.1.113883.1.11.16926.html","title":"HL7 BasicConfidentialityKind","generation":"generated"},{"nameUrl":"ValueSet-2.16.840.1.113883.1.11.18877.html","title":"Coverage Role Type Value Set","generation":"generated"},{"nameUrl":"ValueSet-2.16.840.1.113883.1.11.19185.html","title":"Religious Affiliation","generation":"generated"},{"nameUrl":"ValueSet-2.16.840.1.113883.1.11.19579.html","title":"Family Member Value","generation":"generated"},{"nameUrl":"ValueSet-2.16.840.1.113883.1.11.19601.html","title":"x_ServiceEventPerformer","generation":"generated"},{"nameUrl":"ValueSet-2.16.840.1.113883.1.11.19717.html","title":"No Immunization Reason","generation":"generated"},{"nameUrl":"ValueSet-2.16.840.1.113883.1.11.20.12.html","title":"HealthStatus","generation":"generated"},{"nameUrl":"ValueSet-2.16.840.1.113883.1.11.20.2.3.html","title":"ReferralDocumentType","generation":"generated"},{"nameUrl":"ValueSet-2.16.840.1.113883.1.11.20.2.4.html","title":"TransferDocumentType","generation":"generated"},{"nameUrl":"ValueSet-2.16.840.1.113883.1.11.20.2.5.html","title":"Wound Measurements","generation":"generated"},{"nameUrl":"ValueSet-2.16.840.1.113883.1.11.20.2.6.html","title":"Wound Type","generation":"generated"},{"nameUrl":"ValueSet-2.16.840.1.113883.1.11.20.2.7.html","title":"Nutritional Status","generation":"generated"},{"nameUrl":"ValueSet-2.16.840.1.113883.1.11.20.2.9.html","title":"Nutrition Recommendations","generation":"generated"},{"nameUrl":"ValueSet-2.16.840.1.113883.1.11.20.2.html","title":"Advance Directive Type Code","generation":"generated"},{"nameUrl":"ValueSet-2.16.840.1.113883.1.11.20549.html","title":"Criticality Observation","generation":"generated"},{"nameUrl":"ValueSet-2.16.840.1.113883.1.11.78.html","title":"Observation Interpretation (HL7)","generation":"generated"},{"nameUrl":"ValueSet-2.16.840.1.113883.11.20.1.1.html","title":"SurgicalOperationNoteDocumentTypeCode","generation":"generated"},{"nameUrl":"ValueSet-2.16.840.1.113883.11.20.12.1.html","title":"Personal And Legal Relationship Role Type","generation":"generated"},{"nameUrl":"ValueSet-2.16.840.1.113883.11.20.6.1.html","title":"ProcedureNoteDocumentTypeCodes","generation":"generated"},{"nameUrl":"ValueSet-2.16.840.1.113883.11.20.8.1.html","title":"ProgressNoteDocumentTypeCode","generation":"generated"},{"nameUrl":"ValueSet-2.16.840.1.113883.11.20.9.18.html","title":"MoodCodeEvnInt","generation":"generated"},{"nameUrl":"ValueSet-2.16.840.1.113883.11.20.9.19.html","title":"ProblemAct statusCode","generation":"generated"},{"nameUrl":"ValueSet-2.16.840.1.113883.11.20.9.20.html","title":"Telecom Use (US Realm Header)","generation":"generated"},{"nameUrl":"ValueSet-2.16.840.1.113883.11.20.9.21.html","title":"AgePQ_UCUM","generation":"generated"},{"nameUrl":"ValueSet-2.16.840.1.113883.11.20.9.22.html","title":"ProcedureAct statusCode","generation":"generated"},{"nameUrl":"ValueSet-2.16.840.1.113883.11.20.9.23.html","title":"Planned moodCode (Act/Encounter/Procedure)","generation":"generated"},{"nameUrl":"ValueSet-2.16.840.1.113883.11.20.9.24.html","title":"Planned moodCode (SubstanceAdministration/Supply)","generation":"generated"},{"nameUrl":"ValueSet-2.16.840.1.113883.11.20.9.25.html","title":"Planned moodCode (Observation)","generation":"generated"},{"nameUrl":"ValueSet-2.16.840.1.113883.11.20.9.26.html","title":"EntityPersonNamePartQualifier","generation":"generated"},{"nameUrl":"ValueSet-2.16.840.1.113883.11.20.9.29.html","title":"DIRQuantityMeasurementTypeCodes","generation":"generated"},{"nameUrl":"ValueSet-2.16.840.1.113883.11.20.9.31.html","title":"ConsultDocumentType","generation":"generated"},{"nameUrl":"ValueSet-2.16.840.1.113883.11.20.9.33.html","title":"INDRoleclassCodes","generation":"generated"},{"nameUrl":"ValueSet-2.16.840.1.113883.11.20.9.35.html","title":"Pressure Ulcer Stage","generation":"generated"},{"nameUrl":"ValueSet-2.16.840.1.113883.11.20.9.36.html","title":"Pressure Point","generation":"generated"},{"nameUrl":"ValueSet-2.16.840.1.113883.11.20.9.37.html","title":"TargetSite Qualifiers","generation":"generated"},{"nameUrl":"ValueSet-2.16.840.1.113883.11.20.9.38.html","title":"Smoking Status","generation":"generated"},{"nameUrl":"ValueSet-2.16.840.1.113883.11.20.9.39.html","title":"Result Status","generation":"generated"},{"nameUrl":"ValueSet-2.16.840.1.113883.11.20.9.41.html","title":"Tobacco Use","generation":"generated"},{"nameUrl":"ValueSet-2.16.840.1.113883.11.20.9.44.html","title":"Mental and Functional Status Response","generation":"generated"},{"nameUrl":"ValueSet-2.16.840.1.113883.11.20.9.47.html","title":"ADL Result Type","generation":"generated"},{"nameUrl":"ValueSet-2.16.840.1.113883.11.20.9.49.html","title":"Residence and Accommodation Type","generation":"generated"},{"nameUrl":"ValueSet-2.16.840.1.113883.11.20.9.50.html","title":"Sensory Status Problem Type","generation":"generated"},{"nameUrl":"ValueSet-2.16.840.1.113883.11.20.9.51.html","title":"Healthcare Agent Qualifier","generation":"generated"},{"nameUrl":"ValueSet-2.16.840.1.113883.11.20.9.52.html","title":"Encounter Planned","generation":"generated"},{"nameUrl":"ValueSet-2.16.840.1.113883.11.20.9.54.html","title":"Planned Intervention moodCode","generation":"generated"},{"nameUrl":"ValueSet-2.16.840.1.113883.11.20.9.55.html","title":"Goal Achievement","generation":"generated"},{"nameUrl":"ValueSet-2.16.840.1.113883.11.20.9.58.html","title":"Wound Characteristic","generation":"generated"},{"nameUrl":"ValueSet-2.16.840.1.113883.11.20.9.59.html","title":"DIRSectionTypeCodes","generation":"generated"},{"nameUrl":"ValueSet-2.16.840.1.113883.11.20.9.60.html","title":"Priority Level","generation":"generated"},{"nameUrl":"ValueSet-2.16.840.1.113883.11.20.9.61.html","title":"Care Model","generation":"generated"},{"nameUrl":"ValueSet-2.16.840.1.113883.11.20.9.65.html","title":"Physical Exam Type","generation":"generated"},{"nameUrl":"ValueSet-2.16.840.1.113883.11.20.9.66.html","title":"Patient Referral Act moodCode","generation":"generated"},{"nameUrl":"ValueSet-2.16.840.1.113883.3.2074.1.1.3.html","title":"Race Category Excluding Nulls","generation":"generated"},{"nameUrl":"ValueSet-2.16.840.1.113883.3.88.12.3221.6.2.html","title":"Allergy and Intolerance Type","generation":"generated"},{"nameUrl":"ValueSet-2.16.840.1.113883.3.88.12.3221.6.8.html","title":"Reaction Severity","generation":"generated"},{"nameUrl":"ValueSet-2.16.840.1.113883.3.88.12.3221.7.2.html","title":"Problem Type (SNOMEDCT)","generation":"generated"},{"nameUrl":"ValueSet-2.16.840.1.113883.3.88.12.3221.8.7.html","title":"SPL Drug Route of Administration Terminology","generation":"generated"},{"nameUrl":"ValueSet-2.16.840.1.113883.3.88.12.3221.8.9.html","title":"Body Site Value Set","generation":"generated"},{"nameUrl":"ValueSet-2.16.840.1.113883.3.88.12.80.32.html","title":"EncounterTypeCode","generation":"generated"},{"nameUrl":"ValueSet-2.16.840.1.113883.3.88.12.80.60.html","title":"Social History Type","generation":"generated"},{"nameUrl":"ValueSet-2.16.840.1.113883.3.88.12.80.62.html","title":"Vital Sign Result Type","generation":"generated"},{"nameUrl":"ValueSet-2.16.840.1.113883.3.88.12.80.64.html","title":"Medication Fill Status","generation":"generated"},{"nameUrl":"ValueSet-2.16.840.1.113883.3.88.12.80.68.html","title":"Problem Status","generation":"generated"},{"nameUrl":"ValueSet-2.16.840.1.114222.4.11.1066.html","title":"Healthcare Provider Taxonomy (HIPAA)","generation":"generated"},{"nameUrl":"ValueSet-2.16.840.1.114222.4.11.3591.html","title":"Payer","generation":"generated"},{"nameUrl":"ValueSet-2.16.840.1.114222.4.11.837.html","title":"Ethnicity","generation":"generated"},{"nameUrl":"ValueSet-2.16.840.1.114222.4.11.877.html","title":"Detailed Ethnicity","generation":"generated"}]}]},"parameter":[{"code":"path-resource","value":"input/capabilities"},{"code":"path-resource","value":"input/examples"},{"code":"path-resource","value":"input/extensions"},{"code":"path-resource","value":"input/models"},{"code":"path-resource","value":"input/operations"},{"code":"path-resource","value":"input/profiles"},{"code":"path-resource","value":"input/resources"},{"code":"path-resource","value":"input/vocabulary"},{"code":"path-pages","value":"input/pagecontent"},{"code":"path-pages","value":"input/images"},{"code":"path-qa","value":"temp/qa"},{"code":"path-temp","value":"temp/pages"},{"code":"path-output","value":"output"},{"code":"path-tx-cache","value":"input-cache/txcache"},{"code":"path-suppressed-warnings","value":"input/ignoreWarnings.txt"},{"code":"template-html","value":"template-page.html"},{"code":"template-md","value":"template-page-md.html"},{"code":"apply-contact","value":"true"},{"code":"apply-context","value":"true"},{"code":"apply-copyright","value":"true"},{"code":"apply-jurisdiction","value":"true"},{"code":"apply-license","value":"true"},{"code":"apply-publisher","value":"true"},{"code":"apply-version","value":"true"},{"code":"active-tables","value":"true"}]}}