{"resourceType":"StructureDefinition","id":"2.16.840.1.113883.10.20.22.4.20","text":{"status":"generated","div":"<div xmlns=\"http://www.w3.org/1999/xhtml\"><table border=\"0\" cellpadding=\"0\" cellspacing=\"0\" style=\"border: 0px #F0F0F0 solid; font-size: 11px; font-family: verdana; vertical-align: top;\"><tr style=\"border: 1px #F0F0F0 solid; font-size: 11px; font-family: verdana; vertical-align: top;\"><th style=\"vertical-align: top; text-align : left; background-color: white; border: 0px #F0F0F0 solid; padding:0px 4px 0px 4px\" class=\"hierarchy\"><a href=\"http://hl7.org/fhir/R4/formats.html#table\" title=\"The logical name of the element\">Name</a></th><th style=\"vertical-align: top; text-align : left; background-color: white; border: 0px #F0F0F0 solid; padding:0px 4px 0px 4px\" class=\"hierarchy\"><a href=\"http://hl7.org/fhir/R4/formats.html#table\" title=\"Information about the use of the element\">Flags</a></th><th style=\"vertical-align: top; text-align : left; background-color: white; border: 0px #F0F0F0 solid; padding:0px 4px 0px 4px\" class=\"hierarchy\"><a href=\"http://hl7.org/fhir/R4/formats.html#table\" title=\"Minimum and Maximum # of times the the element can appear in the instance\">Card.</a></th><th style=\"width: 100px\" class=\"hierarchy\"><a href=\"http://hl7.org/fhir/R4/formats.html#table\" title=\"Reference to the type of the element\">Type</a></th><th style=\"vertical-align: top; text-align : left; background-color: white; border: 0px #F0F0F0 solid; padding:0px 4px 0px 4px\" class=\"hierarchy\"><a href=\"http://hl7.org/fhir/R4/formats.html#table\" title=\"Additional information about the element\">Description &amp; Constraints</a><span style=\"float: right\"><a href=\"http://hl7.org/fhir/R4/formats.html#table\" title=\"Legend for this format\"><img src=\"http://hl7.org/fhir/R4/help16.png\" alt=\"doco\" style=\"background-color: inherit\"/></a></span></th></tr><tr style=\"border: 0px #F0F0F0 solid; padding:0px; vertical-align: top; background-color: white;\"><td style=\"vertical-align: top; text-align : left; background-color: white; border: 0px #F0F0F0 solid; padding:0px 4px 0px 4px; white-space: nowrap; background-image: url(tbl_bck1.png)\" class=\"hierarchy\"><img src=\"tbl_spacer.png\" alt=\".\" style=\"background-color: inherit\" class=\"hierarchy\"/><img src=\"icon_element.gif\" alt=\".\" style=\"background-color: white; background-color: inherit\" title=\"Element\" class=\"hierarchy\"/> <a href=\"{{[type]}}-{{[id]}}-definitions.html#Act\" title=\"null\">Act</a><a name=\"Act\"> </a></td><td style=\"vertical-align: top; text-align : left; background-color: white; border: 0px #F0F0F0 solid; padding:0px 4px 0px 4px\" class=\"hierarchy\"/><td style=\"vertical-align: top; text-align : left; background-color: white; border: 0px #F0F0F0 solid; padding:0px 4px 0px 4px\" class=\"hierarchy\"><span style=\"opacity: 0.4\">1</span><span style=\"opacity: 0.5\">..</span><span style=\"opacity: 0.4\">1</span></td><td style=\"vertical-align: top; text-align : left; background-color: white; border: 0px #F0F0F0 solid; padding:0px 4px 0px 4px\" class=\"hierarchy\"/><td style=\"vertical-align: top; text-align : left; background-color: white; border: 0px #F0F0F0 solid; padding:0px 4px 0px 4px\" class=\"hierarchy\"/></tr>\r\n<tr style=\"border: 0px #F0F0F0 solid; padding:0px; vertical-align: top; background-color: #F7F7F7;\"><td style=\"vertical-align: top; text-align : left; background-color: #F7F7F7; border: 0px #F0F0F0 solid; padding:0px 4px 0px 4px; white-space: nowrap; background-image: url(tbl_bck10.png)\" class=\"hierarchy\"><img src=\"tbl_spacer.png\" alt=\".\" style=\"background-color: inherit\" class=\"hierarchy\"/><img src=\"tbl_vjoin.png\" alt=\".\" style=\"background-color: inherit\" class=\"hierarchy\"/><img src=\"icon_element.gif\" alt=\".\" style=\"background-color: #F7F7F7; background-color: inherit\" title=\"Element\" class=\"hierarchy\"/> <a href=\"{{[type]}}-{{[id]}}-definitions.html#Act.classCode\" title=\"SHALL contain exactly one [1..1] @classCode=&quot;ACT&quot; (CodeSystem: HL7ActClass urn:oid:2.16.840.1.113883.5.6 STATIC) (CONF:1098-7391).\">classCode</a><a name=\"Act.classCode\"> </a></td><td style=\"vertical-align: top; text-align : left; background-color: #F7F7F7; border: 0px #F0F0F0 solid; padding:0px 4px 0px 4px\" class=\"hierarchy\"/><td style=\"vertical-align: top; text-align : left; background-color: #F7F7F7; border: 0px #F0F0F0 solid; padding:0px 4px 0px 4px\" class=\"hierarchy\">1..1</td><td style=\"vertical-align: top; text-align : left; background-color: #F7F7F7; border: 0px #F0F0F0 solid; padding:0px 4px 0px 4px\" class=\"hierarchy\"><a style=\"opacity: 0.4\" href=\"http://hl7.org/fhir/R4/datatypes.html#code\">code</a></td><td style=\"vertical-align: top; text-align : left; background-color: #F7F7F7; border: 0px #F0F0F0 solid; padding:0px 4px 0px 4px\" class=\"hierarchy\">classCode<br/><span style=\"font-weight:bold\">Required Pattern: </span><span style=\"color: darkgreen\">ACT</span></td></tr>\r\n<tr style=\"border: 0px #F0F0F0 solid; padding:0px; vertical-align: top; background-color: white;\"><td style=\"vertical-align: top; text-align : left; background-color: white; border: 0px #F0F0F0 solid; padding:0px 4px 0px 4px; white-space: nowrap; background-image: url(tbl_bck10.png)\" class=\"hierarchy\"><img src=\"tbl_spacer.png\" alt=\".\" style=\"background-color: inherit\" class=\"hierarchy\"/><img src=\"tbl_vjoin.png\" alt=\".\" style=\"background-color: inherit\" class=\"hierarchy\"/><img src=\"icon_element.gif\" alt=\".\" style=\"background-color: white; background-color: inherit\" title=\"Element\" class=\"hierarchy\"/> <a href=\"{{[type]}}-{{[id]}}-definitions.html#Act.moodCode\" title=\"SHALL contain exactly one [1..1] @moodCode=&quot;INT&quot; (CodeSystem: HL7ActMood urn:oid:2.16.840.1.113883.5.1001 STATIC) (CONF:1098-7392).\">moodCode</a><a name=\"Act.moodCode\"> </a></td><td style=\"vertical-align: top; text-align : left; background-color: white; border: 0px #F0F0F0 solid; padding:0px 4px 0px 4px\" class=\"hierarchy\"/><td style=\"vertical-align: top; text-align : left; background-color: white; border: 0px #F0F0F0 solid; padding:0px 4px 0px 4px\" class=\"hierarchy\">1..1</td><td style=\"vertical-align: top; text-align : left; background-color: white; border: 0px #F0F0F0 solid; padding:0px 4px 0px 4px\" class=\"hierarchy\"><a style=\"opacity: 0.4\" href=\"http://hl7.org/fhir/R4/datatypes.html#code\">code</a></td><td style=\"vertical-align: top; text-align : left; background-color: white; border: 0px #F0F0F0 solid; padding:0px 4px 0px 4px\" class=\"hierarchy\">moodCode<br/><span style=\"font-weight:bold\">Required Pattern: </span><span style=\"color: darkgreen\">INT</span></td></tr>\r\n<tr style=\"border: 0px #F0F0F0 solid; padding:0px; vertical-align: top; background-color: #F7F7F7;\"><td style=\"vertical-align: top; text-align : left; background-color: #F7F7F7; border: 0px #F0F0F0 solid; padding:0px 4px 0px 4px; white-space: nowrap; background-image: url(tbl_bck13.png)\" class=\"hierarchy\"><img src=\"tbl_spacer.png\" alt=\".\" style=\"background-color: inherit\" class=\"hierarchy\"/><img src=\"tbl_vjoin.png\" alt=\".\" style=\"background-color: inherit\" class=\"hierarchy\"/><img src=\"icon_slice.png\" alt=\".\" style=\"background-color: #F7F7F7; background-color: inherit\" title=\"Slice Definition\" class=\"hierarchy\"/> <a style=\"font-style: italic\" href=\"{{[type]}}-{{[id]}}-definitions.html#Act.templateId\" title=\"SHALL contain exactly one [1..1] templateId (CONF:1098-7393) such that it\">templateId</a><a name=\"Act.templateId\"> </a></td><td style=\"vertical-align: top; text-align : left; background-color: #F7F7F7; border: 0px #F0F0F0 solid; padding:0px 4px 0px 4px\" class=\"hierarchy\"/><td style=\"vertical-align: top; text-align : left; background-color: #F7F7F7; border: 0px #F0F0F0 solid; padding:0px 4px 0px 4px\" class=\"hierarchy\"><span style=\"font-style: italic\"/><span style=\"opacity: 0.4; font-style: italic\">0</span><span style=\"opacity: 0.5; font-style: italic\">..</span><span style=\"opacity: 0.4; font-style: italic\">*</span></td><td style=\"vertical-align: top; text-align : left; background-color: #F7F7F7; border: 0px #F0F0F0 solid; padding:0px 4px 0px 4px\" class=\"hierarchy\"><a style=\"font-style: italic\" href=\"http://hl7.org/fhir/R4/profiling.html#slicing\">(Slice Definition)</a></td><td style=\"vertical-align: top; text-align : left; background-color: #F7F7F7; border: 0px #F0F0F0 solid; padding:0px 4px 0px 4px\" class=\"hierarchy\"><span style=\"font-weight:bold; font-style: italic\">Slice: </span><span style=\"font-style: italic\">Unordered, Open by value:root, value:extension</span></td></tr>\r\n<tr style=\"border: 0px #F0F0F0 solid; padding:0px; vertical-align: top; background-color: white;\"><td style=\"vertical-align: top; text-align : left; background-color: white; border: 0px #F0F0F0 solid; padding:0px 4px 0px 4px; white-space: nowrap; background-image: url(tbl_bck125.png)\" class=\"hierarchy\"><img src=\"tbl_spacer.png\" alt=\".\" style=\"background-color: inherit\" class=\"hierarchy\"/><img src=\"tbl_vline.png\" alt=\".\" style=\"background-color: inherit\" class=\"hierarchy\"/><img src=\"tbl_vjoin_end_slicer.png\" alt=\".\" style=\"background-color: inherit\" class=\"hierarchy\"/><img src=\"icon_slice_item.png\" alt=\".\" style=\"background-color: white; background-color: inherit\" title=\"Slice Item\" class=\"hierarchy\"/> <a href=\"{{[type]}}-{{[id]}}-definitions.html#Act.templateId:templateId1\" title=\"Slice templateId1: SHALL contain exactly one [1..1] templateId (CONF:1098-7393) such that it\">templateId:templateId1</a><a name=\"Act.templateId\"> </a></td><td style=\"vertical-align: top; text-align : left; background-color: white; border: 0px #F0F0F0 solid; padding:0px 4px 0px 4px\" class=\"hierarchy\"/><td style=\"vertical-align: top; text-align : left; background-color: white; border: 0px #F0F0F0 solid; padding:0px 4px 0px 4px\" class=\"hierarchy\">1..1</td><td style=\"vertical-align: top; text-align : left; background-color: white; border: 0px #F0F0F0 solid; padding:0px 4px 0px 4px\" class=\"hierarchy\"><a style=\"opacity: 0.4\" href=\"https://build.fhir.org/ig/HL7/cda-core-2.0//StructureDefinition-II.html\">http://hl7.org/fhir/cda/StructureDefinition/II</a></td><td style=\"vertical-align: top; text-align : left; background-color: white; border: 0px #F0F0F0 solid; padding:0px 4px 0px 4px\" class=\"hierarchy\">templateId</td></tr>\r\n<tr style=\"border: 0px #F0F0F0 solid; padding:0px; vertical-align: top; background-color: #F7F7F7;\"><td style=\"vertical-align: top; text-align : left; background-color: #F7F7F7; border: 0px #F0F0F0 solid; padding:0px 4px 0px 4px; white-space: nowrap; background-image: url(tbl_bck1254.png)\" class=\"hierarchy\"><img src=\"tbl_spacer.png\" alt=\".\" style=\"background-color: inherit\" class=\"hierarchy\"/><img src=\"tbl_vline.png\" alt=\".\" style=\"background-color: inherit\" class=\"hierarchy\"/><img src=\"tbl_blank.png\" alt=\".\" style=\"background-color: inherit\" class=\"hierarchy\"/><img src=\"tbl_vjoin_slice.png\" alt=\".\" style=\"background-color: inherit\" class=\"hierarchy\"/><img src=\"icon_slice_item.png\" alt=\".\" style=\"background-color: #F7F7F7; background-color: inherit\" title=\"Slice Item\" class=\"hierarchy\"/> <a href=\"{{[type]}}-{{[id]}}-definitions.html#Act.templateId:templateId1.root:templateId1\" title=\"Slice templateId1: SHALL contain exactly one [1..1] @root=&quot;2.16.840.1.113883.10.20.22.4.20&quot; (CONF:1098-10503).\">root:templateId1</a><a name=\"Act.templateId.root\"> </a></td><td style=\"vertical-align: top; text-align : left; background-color: #F7F7F7; border: 0px #F0F0F0 solid; padding:0px 4px 0px 4px\" class=\"hierarchy\"/><td style=\"vertical-align: top; text-align : left; background-color: #F7F7F7; border: 0px #F0F0F0 solid; padding:0px 4px 0px 4px\" class=\"hierarchy\">1..1</td><td style=\"vertical-align: top; text-align : left; background-color: #F7F7F7; border: 0px #F0F0F0 solid; padding:0px 4px 0px 4px\" class=\"hierarchy\"/><td style=\"vertical-align: top; text-align : left; background-color: #F7F7F7; border: 0px #F0F0F0 solid; padding:0px 4px 0px 4px\" class=\"hierarchy\">root<br/><span style=\"font-weight:bold\">Required Pattern: </span><span style=\"color: darkgreen\">2.16.840.1.113883.10.20.22.4.20</span></td></tr>\r\n<tr style=\"border: 0px #F0F0F0 solid; padding:0px; vertical-align: top; background-color: white;\"><td style=\"vertical-align: top; text-align : left; background-color: white; border: 0px #F0F0F0 solid; padding:0px 4px 0px 4px; white-space: nowrap; background-image: url(tbl_bck1244.png)\" class=\"hierarchy\"><img src=\"tbl_spacer.png\" alt=\".\" style=\"background-color: inherit\" class=\"hierarchy\"/><img src=\"tbl_vline.png\" alt=\".\" style=\"background-color: inherit\" class=\"hierarchy\"/><img src=\"tbl_blank.png\" alt=\".\" style=\"background-color: inherit\" class=\"hierarchy\"/><img src=\"tbl_vjoin_end_slice.png\" alt=\".\" style=\"background-color: inherit\" class=\"hierarchy\"/><img src=\"icon_slice_item.png\" alt=\".\" style=\"background-color: white; background-color: inherit\" title=\"Slice Item\" class=\"hierarchy\"/> <a href=\"{{[type]}}-{{[id]}}-definitions.html#Act.templateId:templateId1.extension:templateId1\" title=\"Slice templateId1: SHALL contain exactly one [1..1] @extension=&quot;2014-06-09&quot; (CONF:1098-32598).\">extension:templateId1</a><a name=\"Act.templateId.extension\"> </a></td><td style=\"vertical-align: top; text-align : left; background-color: white; border: 0px #F0F0F0 solid; padding:0px 4px 0px 4px\" class=\"hierarchy\"/><td style=\"vertical-align: top; text-align : left; background-color: white; border: 0px #F0F0F0 solid; padding:0px 4px 0px 4px\" class=\"hierarchy\">1..1</td><td style=\"vertical-align: top; text-align : left; background-color: white; border: 0px #F0F0F0 solid; padding:0px 4px 0px 4px\" class=\"hierarchy\"/><td style=\"vertical-align: top; text-align : left; background-color: white; border: 0px #F0F0F0 solid; padding:0px 4px 0px 4px\" class=\"hierarchy\">extension<br/><span style=\"font-weight:bold\">Required Pattern: </span><span style=\"color: darkgreen\">2014-06-09</span></td></tr>\r\n<tr style=\"border: 0px #F0F0F0 solid; padding:0px; vertical-align: top; background-color: #F7F7F7;\"><td style=\"vertical-align: top; text-align : left; background-color: #F7F7F7; border: 0px #F0F0F0 solid; padding:0px 4px 0px 4px; white-space: nowrap; background-image: url(tbl_bck10.png)\" class=\"hierarchy\"><img src=\"tbl_spacer.png\" alt=\".\" style=\"background-color: inherit\" class=\"hierarchy\"/><img src=\"tbl_vjoin.png\" alt=\".\" style=\"background-color: inherit\" class=\"hierarchy\"/><img src=\"icon_element.gif\" alt=\".\" style=\"background-color: #F7F7F7; background-color: inherit\" title=\"Element\" class=\"hierarchy\"/> <a href=\"{{[type]}}-{{[id]}}-definitions.html#Act.code\" title=\"SHALL contain exactly one [1..1] code, which SHOULD be selected from ValueSet Patient Education urn:oid:2.16.840.1.113883.11.20.9.34 DYNAMIC (CONF:1098-16884).\">code</a><a name=\"Act.code\"> </a></td><td style=\"vertical-align: top; text-align : left; background-color: #F7F7F7; border: 0px #F0F0F0 solid; padding:0px 4px 0px 4px\" class=\"hierarchy\"/><td style=\"vertical-align: top; text-align : left; background-color: #F7F7F7; border: 0px #F0F0F0 solid; padding:0px 4px 0px 4px\" class=\"hierarchy\">1..1</td><td style=\"vertical-align: top; text-align : left; background-color: #F7F7F7; border: 0px #F0F0F0 solid; padding:0px 4px 0px 4px\" class=\"hierarchy\"><a style=\"opacity: 0.4\" href=\"https://build.fhir.org/ig/HL7/cda-core-2.0//StructureDefinition-CD.html\">http://hl7.org/fhir/cda/StructureDefinition/CD</a></td><td style=\"vertical-align: top; text-align : left; background-color: #F7F7F7; border: 0px #F0F0F0 solid; padding:0px 4px 0px 4px\" class=\"hierarchy\">code<br/><span style=\"font-weight:bold\">Binding: </span><a href=\"https://cts.nlm.nih.gov/fhir/ValueSet/2.16.840.1.113883.11.20.9.34\">https://cts.nlm.nih.gov/fhir/ValueSet/2.16.840.1.113883.11.20.9.34</a> (<a href=\"http://hl7.org/fhir/R4/terminologies.html#preferred\" title=\"Instances are encouraged to draw from the specified codes for interoperability purposes but are not required to do so to be considered conformant.\">preferred</a>)</td></tr>\r\n<tr style=\"border: 0px #F0F0F0 solid; padding:0px; vertical-align: top; background-color: white;\"><td style=\"vertical-align: top; text-align : left; background-color: white; border: 0px #F0F0F0 solid; padding:0px 4px 0px 4px; white-space: nowrap; background-image: url(tbl_bck01.png)\" class=\"hierarchy\"><img src=\"tbl_spacer.png\" alt=\".\" style=\"background-color: inherit\" class=\"hierarchy\"/><img src=\"tbl_vjoin_end.png\" alt=\".\" style=\"background-color: inherit\" class=\"hierarchy\"/><img src=\"icon_element.gif\" alt=\".\" style=\"background-color: white; background-color: inherit\" title=\"Element\" class=\"hierarchy\"/> <a href=\"{{[type]}}-{{[id]}}-definitions.html#Act.statusCode\" title=\"SHALL contain exactly one [1..1] statusCode (CONF:1098-7396).\">statusCode</a><a name=\"Act.statusCode\"> </a></td><td style=\"vertical-align: top; text-align : left; background-color: white; border: 0px #F0F0F0 solid; padding:0px 4px 0px 4px\" class=\"hierarchy\"/><td style=\"vertical-align: top; text-align : left; background-color: white; border: 0px #F0F0F0 solid; padding:0px 4px 0px 4px\" class=\"hierarchy\">1..1</td><td style=\"vertical-align: top; text-align : left; background-color: white; border: 0px #F0F0F0 solid; padding:0px 4px 0px 4px\" class=\"hierarchy\"><a style=\"opacity: 0.4\" href=\"https://build.fhir.org/ig/HL7/cda-core-2.0//StructureDefinition-CS.html\">http://hl7.org/fhir/cda/StructureDefinition/CS</a></td><td style=\"vertical-align: top; text-align : left; background-color: white; border: 0px #F0F0F0 solid; padding:0px 4px 0px 4px\" class=\"hierarchy\">statusCode</td></tr>\r\n<tr style=\"border: 0px #F0F0F0 solid; padding:0px; vertical-align: top; background-color: #F7F7F7;\"><td style=\"vertical-align: top; text-align : left; background-color: #F7F7F7; border: 0px #F0F0F0 solid; padding:0px 4px 0px 4px; white-space: nowrap; background-image: url(tbl_bck000.png)\" class=\"hierarchy\"><img src=\"tbl_spacer.png\" alt=\".\" style=\"background-color: inherit\" class=\"hierarchy\"/><img src=\"tbl_blank.png\" alt=\".\" style=\"background-color: inherit\" class=\"hierarchy\"/><img src=\"tbl_vjoin_end.png\" alt=\".\" style=\"background-color: inherit\" class=\"hierarchy\"/><img src=\"icon_element.gif\" alt=\".\" style=\"background-color: #F7F7F7; background-color: inherit\" title=\"Element\" class=\"hierarchy\"/> <a href=\"{{[type]}}-{{[id]}}-definitions.html#Act.statusCode.code\" title=\"This statusCode SHALL contain exactly one [1..1] @code=&quot;completed&quot; Completed (CodeSystem: HL7ActStatus urn:oid:2.16.840.1.113883.5.14 STATIC) (CONF:1098-19106).\">code</a><a name=\"Act.statusCode.code\"> </a></td><td style=\"vertical-align: top; text-align : left; background-color: #F7F7F7; border: 0px #F0F0F0 solid; padding:0px 4px 0px 4px\" class=\"hierarchy\"/><td style=\"vertical-align: top; text-align : left; background-color: #F7F7F7; border: 0px #F0F0F0 solid; padding:0px 4px 0px 4px\" class=\"hierarchy\">1..1</td><td style=\"vertical-align: top; text-align : left; background-color: #F7F7F7; border: 0px #F0F0F0 solid; padding:0px 4px 0px 4px\" class=\"hierarchy\"/><td style=\"vertical-align: top; text-align : left; background-color: #F7F7F7; border: 0px #F0F0F0 solid; padding:0px 4px 0px 4px\" class=\"hierarchy\">code<br/><span style=\"font-weight:bold\">Required Pattern: </span><span style=\"color: darkgreen\">completed</span></td></tr>\r\n<tr><td colspan=\"5\" class=\"hierarchy\"><br/><a href=\"http://hl7.org/fhir/R4/formats.html#table\" title=\"Legend for this format\"><img src=\"http://hl7.org/fhir/R4/help16.png\" alt=\"doco\" style=\"background-color: inherit\"/> Documentation for this format</a></td></tr></table></div>"},"url":"http://hl7.org/fhir/cda/ccda/StructureDefinition/2.16.840.1.113883.10.20.22.4.20","identifier":[{"value":"urn:hl7ii:2.16.840.1.113883.10.20.22.4.20:2014-06-09"}],"version":"2.1.0","name":"Instruction","title":"Instruction","status":"active","date":"2019-12-13T11:29:21-08:00","publisher":"Health Level 7","description":"The Instruction template can be used in several ways, such as to record patient instructions within a Medication Activity or to record fill instructions within a supply order. The template's moodCode can only be INT. If an instruction was already given, the Procedure Activity Act template (instead of this template) should be used to represent the already occurred instruction. The act/code defines the type of instruction. Though not defined in this template, a Vaccine Information Statement (VIS) document could be referenced through act/reference/externalDocument, and patient awareness of the instructions can be represented with the generic participant and the participant/awarenessCode.","fhirVersion":"4.0.1","mapping":[{"identity":"rim","uri":"http://hl7.org/v3","name":"RIM Mapping"}],"kind":"resource","abstract":false,"type":"Act","baseDefinition":"http://hl7.org/fhir/cda/StructureDefinition/Act","derivation":"constraint","snapshot":{"element":[{"id":"Act","path":"Act","short":"Base for all elements","definition":"Base definition for all elements in a resource.","min":1,"max":"1","base":{"path":"Element","min":0,"max":"*"},"condition":["ele-1"],"constraint":[{"key":"ele-1","severity":"error","human":"All FHIR elements must have a @value or children","expression":"hasValue() or (children().count() > id.count())","xpath":"@value|f:*|h:div","source":"http://hl7.org/fhir/StructureDefinition/Element"}],"isModifier":false,"mapping":[{"identity":"rim","map":"n/a"}]},{"id":"Act.id","path":"Act.id","representation":["xmlAttr"],"short":"Unique id for inter-element referencing","definition":"Unique id for the element within a resource (for internal references). This may be any string value that does not contain spaces.","min":0,"max":"*","base":{"path":"Element.id","min":0,"max":"1"},"type":[{"extension":[{"url":"http://hl7.org/fhir/StructureDefinition/structuredefinition-fhir-type","valueUrl":"string"}],"code":"http://hl7.org/fhirpath/System.String"}],"isModifier":false,"isSummary":false,"mapping":[{"identity":"rim","map":"n/a"}]},{"id":"Act.extension","path":"Act.extension","slicing":{"discriminator":[{"type":"value","path":"url"}],"description":"Extensions are always sliced by (at least) url","rules":"open"},"short":"Additional content defined by implementations","definition":"May be used to represent additional information that is not part of the basic definition of the element. To make the use of extensions safe and manageable, there is a strict set of governance  applied to the definition and use of extensions. Though any implementer can define an extension, there is a set of requirements that SHALL be met as part of the definition of the extension.","comment":"There can be no stigma associated with the use of extensions by any application, project, or standard - regardless of the institution or jurisdiction that uses or defines the extensions.  The use of extensions is what allows the FHIR specification to retain a core level of simplicity for everyone.","alias":["extensions","user content"],"min":0,"max":"*","base":{"path":"Element.extension","min":0,"max":"*"},"type":[{"code":"Extension"}],"constraint":[{"key":"ele-1","severity":"error","human":"All FHIR elements must have a @value or children","expression":"hasValue() or (children().count() > id.count())","xpath":"@value|f:*|h:div","source":"http://hl7.org/fhir/StructureDefinition/Element"},{"key":"ext-1","severity":"error","human":"Must have either extensions or value[x], not both","expression":"extension.exists() != value.exists()","xpath":"exists(f:extension)!=exists(f:*[starts-with(local-name(.), \"value\")])","source":"http://hl7.org/fhir/StructureDefinition/Extension"}],"isModifier":false,"isSummary":false,"mapping":[{"identity":"rim","map":"n/a"}]},{"id":"Act.classCode","path":"Act.classCode","representation":["xmlAttr"],"short":"classCode","definition":"SHALL contain exactly one [1..1] @classCode=\"ACT\" (CodeSystem: HL7ActClass urn:oid:2.16.840.1.113883.5.6 STATIC) (CONF:1098-7391).","min":1,"max":"1","base":{"path":"Act.classCode","min":1,"max":"1"},"type":[{"code":"code"}],"patternString":"ACT"},{"id":"Act.moodCode","path":"Act.moodCode","representation":["xmlAttr"],"short":"moodCode","definition":"SHALL contain exactly one [1..1] @moodCode=\"INT\" (CodeSystem: HL7ActMood urn:oid:2.16.840.1.113883.5.1001 STATIC) (CONF:1098-7392).","min":1,"max":"1","base":{"path":"Act.moodCode","min":1,"max":"1"},"type":[{"code":"code"}],"patternString":"INT"},{"id":"Act.templateId","path":"Act.templateId","slicing":{"discriminator":[{"type":"value","path":"root"},{"type":"value","path":"extension"}],"rules":"open"},"definition":"SHALL contain exactly one [1..1] templateId (CONF:1098-7393) such that it","min":0,"max":"*","base":{"path":"Act.templateId","min":0,"max":"*"},"type":[{"code":"http://hl7.org/fhir/cda/StructureDefinition/II"}]},{"id":"Act.templateId:templateId1","path":"Act.templateId","sliceName":"templateId1","short":"templateId","definition":"SHALL contain exactly one [1..1] templateId (CONF:1098-7393) such that it","min":1,"max":"1","base":{"path":"Act.templateId","min":0,"max":"*"},"type":[{"code":"http://hl7.org/fhir/cda/StructureDefinition/II"}]},{"id":"Act.code","path":"Act.code","short":"code","definition":"SHALL contain exactly one [1..1] code, which SHOULD be selected from ValueSet Patient Education urn:oid:2.16.840.1.113883.11.20.9.34 DYNAMIC (CONF:1098-16884).","min":1,"max":"1","base":{"path":"Act.code","min":1,"max":"1"},"type":[{"code":"http://hl7.org/fhir/cda/StructureDefinition/CD"}]},{"id":"Act.negationInd","path":"Act.negationInd","representation":["xmlAttr"],"min":0,"max":"1","base":{"path":"Act.negationInd","min":0,"max":"1"},"type":[{"code":"boolean"}]},{"id":"Act.text","path":"Act.text","min":0,"max":"1","base":{"path":"Act.text","min":0,"max":"1"},"type":[{"code":"http://hl7.org/fhir/cda/StructureDefinition/ED"}]},{"id":"Act.statusCode","path":"Act.statusCode","short":"statusCode","definition":"SHALL contain exactly one [1..1] statusCode (CONF:1098-7396).","min":1,"max":"1","base":{"path":"Act.statusCode","min":0,"max":"1"},"type":[{"code":"http://hl7.org/fhir/cda/StructureDefinition/CS"}]},{"id":"Act.effectiveTime","path":"Act.effectiveTime","min":0,"max":"1","base":{"path":"Act.effectiveTime","min":0,"max":"1"},"type":[{"code":"http://hl7.org/fhir/cda/StructureDefinition/IVL_TS"}]},{"id":"Act.priorityCode","path":"Act.priorityCode","min":0,"max":"1","base":{"path":"Act.priorityCode","min":0,"max":"1"},"type":[{"code":"http://hl7.org/fhir/cda/StructureDefinition/CE"}],"binding":{"strength":"extensible","valueSet":"http://terminology.hl7.org/ValueSet/v3-ActPriority"}},{"id":"Act.languageCode","path":"Act.languageCode","min":0,"max":"1","base":{"path":"Act.languageCode","min":0,"max":"1"},"type":[{"code":"http://hl7.org/fhir/cda/StructureDefinition/CS"}],"binding":{"strength":"required","valueSet":"http://terminology.hl7.org/ValueSet/v3-HumanLanguage"}},{"id":"Act.subject","path":"Act.subject","min":0,"max":"1","base":{"path":"Act.subject","min":0,"max":"1"},"type":[{"code":"Element"}]},{"id":"Act.subject.typeCode","path":"Act.subject.typeCode","representation":["xmlAttr"],"min":1,"max":"1","base":{"path":"Act.subject.typeCode","min":1,"max":"1"},"type":[{"code":"code"}],"defaultValueCode":"SBJ","fixedCode":"SBJ","binding":{"strength":"required","valueSet":"http://terminology.hl7.org/ValueSet/v3-ParticipationTargetSubject"}},{"id":"Act.subject.contextControlCode","path":"Act.subject.contextControlCode","representation":["xmlAttr"],"min":1,"max":"1","base":{"path":"Act.subject.contextControlCode","min":1,"max":"1"},"type":[{"code":"code"}],"defaultValueCode":"OP","fixedCode":"OP","binding":{"strength":"required","valueSet":"http://terminology.hl7.org/ValueSet/v3-ContextControl"}},{"id":"Act.subject.awarenessCode","path":"Act.subject.awarenessCode","min":0,"max":"1","base":{"path":"Act.subject.awarenessCode","min":0,"max":"1"},"type":[{"code":"http://hl7.org/fhir/cda/StructureDefinition/CE"}],"binding":{"strength":"extensible","valueSet":"http://terminology.hl7.org/ValueSet/v3-TargetAwareness"}},{"id":"Act.subject.relatedSubject","path":"Act.subject.relatedSubject","min":1,"max":"1","base":{"path":"Act.subject.relatedSubject","min":1,"max":"1"},"type":[{"code":"http://hl7.org/fhir/cda/StructureDefinition/RelatedSubject"}]},{"id":"Act.specimen","path":"Act.specimen","min":0,"max":"*","base":{"path":"Act.specimen","min":0,"max":"*"},"type":[{"code":"Element"}]},{"id":"Act.specimen.typeCode","path":"Act.specimen.typeCode","representation":["xmlAttr"],"min":1,"max":"1","base":{"path":"Act.specimen.typeCode","min":1,"max":"1"},"type":[{"code":"code"}],"defaultValueCode":"SPC","fixedCode":"SPC","binding":{"strength":"required","valueSet":"http://terminology.hl7.org/ValueSet/v3-ParticipationTargetDirect"}},{"id":"Act.specimen.specimenRole","path":"Act.specimen.specimenRole","min":1,"max":"1","base":{"path":"Act.specimen.specimenRole","min":1,"max":"1"},"type":[{"code":"http://hl7.org/fhir/cda/StructureDefinition/SpecimenRole"}]},{"id":"Act.performer","path":"Act.performer","min":0,"max":"*","base":{"path":"Act.performer","min":0,"max":"*"},"type":[{"code":"Element"}]},{"id":"Act.performer.typeCode","path":"Act.performer.typeCode","representation":["xmlAttr"],"min":1,"max":"1","base":{"path":"Act.performer.typeCode","min":1,"max":"1"},"type":[{"code":"code"}],"defaultValueCode":"PRF","fixedCode":"PRF","binding":{"strength":"required","valueSet":"http://terminology.hl7.org/ValueSet/v3-ParticipationPhysicalPerformer"}},{"id":"Act.performer.time","path":"Act.performer.time","min":0,"max":"1","base":{"path":"Act.performer.time","min":0,"max":"1"},"type":[{"code":"http://hl7.org/fhir/cda/StructureDefinition/IVL_TS"}]},{"id":"Act.performer.modeCode","path":"Act.performer.modeCode","min":0,"max":"1","base":{"path":"Act.performer.modeCode","min":0,"max":"1"},"type":[{"code":"http://hl7.org/fhir/cda/StructureDefinition/CE"}],"binding":{"strength":"extensible","valueSet":"http://terminology.hl7.org/ValueSet/v3-ParticipationMode"}},{"id":"Act.performer.assignedEntity","path":"Act.performer.assignedEntity","min":1,"max":"1","base":{"path":"Act.performer.assignedEntity","min":1,"max":"1"},"type":[{"code":"http://hl7.org/fhir/cda/StructureDefinition/AssignedEntity"}]},{"id":"Act.author","path":"Act.author","min":0,"max":"*","base":{"path":"Act.author","min":0,"max":"*"},"type":[{"code":"http://hl7.org/fhir/cda/StructureDefinition/Author"}]},{"id":"Act.informant","path":"Act.informant","min":0,"max":"*","base":{"path":"Act.informant","min":0,"max":"*"},"type":[{"code":"Element"}]},{"id":"Act.informant.typeCode","path":"Act.informant.typeCode","representation":["xmlAttr"],"min":1,"max":"1","base":{"path":"Act.informant.typeCode","min":1,"max":"1"},"type":[{"code":"code"}],"defaultValueCode":"INF","fixedCode":"INF","binding":{"strength":"required","valueSet":"http://terminology.hl7.org/ValueSet/v3-ParticipationInformationGenerator"}},{"id":"Act.informant.contextControlCode","path":"Act.informant.contextControlCode","representation":["xmlAttr"],"min":1,"max":"1","base":{"path":"Act.informant.contextControlCode","min":1,"max":"1"},"type":[{"code":"code"}],"defaultValueCode":"OP","fixedCode":"OP","binding":{"strength":"required","valueSet":"http://terminology.hl7.org/ValueSet/v3-ContextControl"}},{"id":"Act.informant.assignedEntity","path":"Act.informant.assignedEntity","min":0,"max":"1","base":{"path":"Act.informant.assignedEntity","min":0,"max":"1"},"type":[{"code":"http://hl7.org/fhir/cda/StructureDefinition/AssignedEntity"}]},{"id":"Act.informant.relatedEntity","path":"Act.informant.relatedEntity","min":0,"max":"1","base":{"path":"Act.informant.relatedEntity","min":0,"max":"1"},"type":[{"code":"http://hl7.org/fhir/cda/StructureDefinition/RelatedEntity"}]},{"id":"Act.participant","path":"Act.participant","min":0,"max":"*","base":{"path":"Act.participant","min":0,"max":"*"},"type":[{"code":"Element"}]},{"id":"Act.participant.typeCode","path":"Act.participant.typeCode","representation":["xmlAttr"],"min":1,"max":"1","base":{"path":"Act.participant.typeCode","min":1,"max":"1"},"type":[{"code":"code"}],"binding":{"strength":"required","valueSet":"http://terminology.hl7.org/ValueSet/v3-ParticipationType"}},{"id":"Act.participant.contextControlCode","path":"Act.participant.contextControlCode","representation":["xmlAttr"],"min":1,"max":"1","base":{"path":"Act.participant.contextControlCode","min":1,"max":"1"},"type":[{"code":"code"}],"defaultValueCode":"OP","fixedCode":"OP","binding":{"strength":"required","valueSet":"http://terminology.hl7.org/ValueSet/v3-ContextControl"}},{"id":"Act.participant.time","path":"Act.participant.time","min":0,"max":"1","base":{"path":"Act.participant.time","min":0,"max":"1"},"type":[{"code":"http://hl7.org/fhir/cda/StructureDefinition/IVL_TS"}]},{"id":"Act.participant.awarenessCode","path":"Act.participant.awarenessCode","min":0,"max":"1","base":{"path":"Act.participant.awarenessCode","min":0,"max":"1"},"type":[{"code":"http://hl7.org/fhir/cda/StructureDefinition/CE"}],"binding":{"strength":"extensible","valueSet":"http://terminology.hl7.org/ValueSet/v3-TargetAwareness"}},{"id":"Act.participant.participantRole","path":"Act.participant.participantRole","min":1,"max":"1","base":{"path":"Act.participant.participantRole","min":1,"max":"1"},"type":[{"code":"http://hl7.org/fhir/cda/StructureDefinition/ParticipantRole"}]},{"id":"Act.entryRelationship","path":"Act.entryRelationship","min":0,"max":"*","base":{"path":"Act.entryRelationship","min":0,"max":"*"},"type":[{"code":"Element"}]},{"id":"Act.entryRelationship.typeCode","path":"Act.entryRelationship.typeCode","representation":["xmlAttr"],"min":1,"max":"1","base":{"path":"Act.entryRelationship.typeCode","min":1,"max":"1"},"type":[{"code":"code"}]},{"id":"Act.entryRelationship.inversionInd","path":"Act.entryRelationship.inversionInd","representation":["xmlAttr"],"min":0,"max":"1","base":{"path":"Act.entryRelationship.inversionInd","min":0,"max":"1"},"type":[{"code":"boolean"}]},{"id":"Act.entryRelationship.contextConductionInd","path":"Act.entryRelationship.contextConductionInd","representation":["xmlAttr"],"min":1,"max":"1","base":{"path":"Act.entryRelationship.contextConductionInd","min":1,"max":"1"},"type":[{"code":"boolean"}],"defaultValueBoolean":true},{"id":"Act.entryRelationship.sequenceNumber","path":"Act.entryRelationship.sequenceNumber","min":0,"max":"1","base":{"path":"Act.entryRelationship.sequenceNumber","min":0,"max":"1"},"type":[{"code":"http://hl7.org/fhir/cda/StructureDefinition/INT"}]},{"id":"Act.entryRelationship.negationInd","path":"Act.entryRelationship.negationInd","representation":["xmlAttr"],"min":0,"max":"1","base":{"path":"Act.entryRelationship.negationInd","min":0,"max":"1"},"type":[{"code":"boolean"}]},{"id":"Act.entryRelationship.seperatableInd","path":"Act.entryRelationship.seperatableInd","min":0,"max":"1","base":{"path":"Act.entryRelationship.seperatableInd","min":0,"max":"1"},"type":[{"code":"http://hl7.org/fhir/cda/StructureDefinition/BL"}]},{"id":"Act.entryRelationship.observation","path":"Act.entryRelationship.observation","min":0,"max":"1","base":{"path":"Act.entryRelationship.observation","min":0,"max":"1"},"type":[{"code":"http://hl7.org/fhir/cda/StructureDefinition/Observation"}]},{"id":"Act.entryRelationship.regionOfInterest","path":"Act.entryRelationship.regionOfInterest","min":0,"max":"1","base":{"path":"Act.entryRelationship.regionOfInterest","min":0,"max":"1"},"type":[{"code":"http://hl7.org/fhir/cda/StructureDefinition/RegionOfInterest"}]},{"id":"Act.entryRelationship.observationMedia","path":"Act.entryRelationship.observationMedia","min":0,"max":"1","base":{"path":"Act.entryRelationship.observationMedia","min":0,"max":"1"},"type":[{"code":"http://hl7.org/fhir/cda/StructureDefinition/ObservationMedia"}]},{"id":"Act.entryRelationship.substanceAdministration","path":"Act.entryRelationship.substanceAdministration","min":0,"max":"1","base":{"path":"Act.entryRelationship.substanceAdministration","min":0,"max":"1"},"type":[{"code":"http://hl7.org/fhir/cda/StructureDefinition/SubstanceAdministration"}]},{"id":"Act.entryRelationship.supply","path":"Act.entryRelationship.supply","min":0,"max":"1","base":{"path":"Act.entryRelationship.supply","min":0,"max":"1"},"type":[{"code":"http://hl7.org/fhir/cda/StructureDefinition/Supply"}]},{"id":"Act.entryRelationship.procedure","path":"Act.entryRelationship.procedure","min":0,"max":"1","base":{"path":"Act.entryRelationship.procedure","min":0,"max":"1"},"type":[{"code":"http://hl7.org/fhir/cda/StructureDefinition/Procedure"}]},{"id":"Act.entryRelationship.encounter","path":"Act.entryRelationship.encounter","min":0,"max":"1","base":{"path":"Act.entryRelationship.encounter","min":0,"max":"1"},"type":[{"code":"http://hl7.org/fhir/cda/StructureDefinition/Encounter"}]},{"id":"Act.entryRelationship.organizer","path":"Act.entryRelationship.organizer","min":0,"max":"1","base":{"path":"Act.entryRelationship.organizer","min":0,"max":"1"},"type":[{"code":"http://hl7.org/fhir/cda/StructureDefinition/Organizer"}]},{"id":"Act.entryRelationship.act","path":"Act.entryRelationship.act","min":0,"max":"1","base":{"path":"Act.entryRelationship.act","min":0,"max":"1"},"type":[{"code":"http://hl7.org/fhir/cda/StructureDefinition/Act"}]},{"id":"Act.reference","path":"Act.reference","min":0,"max":"*","base":{"path":"Act.reference","min":0,"max":"*"},"type":[{"code":"Element"}]},{"id":"Act.reference.typeCode","path":"Act.reference.typeCode","representation":["xmlAttr"],"min":1,"max":"1","base":{"path":"Act.reference.typeCode","min":1,"max":"1"},"type":[{"code":"code"}]},{"id":"Act.reference.seperatableInd","path":"Act.reference.seperatableInd","min":0,"max":"1","base":{"path":"Act.reference.seperatableInd","min":0,"max":"1"},"type":[{"code":"http://hl7.org/fhir/cda/StructureDefinition/BL"}]},{"id":"Act.reference.externalAct","path":"Act.reference.externalAct","min":0,"max":"1","base":{"path":"Act.reference.externalAct","min":0,"max":"1"},"type":[{"code":"http://hl7.org/fhir/cda/StructureDefinition/ExternalAct"}]},{"id":"Act.reference.externalObservation","path":"Act.reference.externalObservation","min":0,"max":"1","base":{"path":"Act.reference.externalObservation","min":0,"max":"1"},"type":[{"code":"http://hl7.org/fhir/cda/StructureDefinition/ExternalObservation"}]},{"id":"Act.reference.externalProcedure","path":"Act.reference.externalProcedure","min":0,"max":"1","base":{"path":"Act.reference.externalProcedure","min":0,"max":"1"},"type":[{"code":"http://hl7.org/fhir/cda/StructureDefinition/ExternalProcedure"}]},{"id":"Act.reference.externalDocument","path":"Act.reference.externalDocument","min":0,"max":"1","base":{"path":"Act.reference.externalDocument","min":0,"max":"1"},"type":[{"code":"http://hl7.org/fhir/cda/StructureDefinition/ExternalDocument"}]},{"id":"Act.precondition","path":"Act.precondition","min":0,"max":"*","base":{"path":"Act.precondition","min":0,"max":"*"},"type":[{"code":"Element"}]},{"id":"Act.precondition.typeCode","path":"Act.precondition.typeCode","representation":["xmlAttr"],"min":1,"max":"1","base":{"path":"Act.precondition.typeCode","min":1,"max":"1"},"type":[{"code":"code"}],"defaultValueCode":"PRCN","fixedCode":"PRCN","binding":{"strength":"required","valueSet":"http://terminology.hl7.org/ValueSet/v3-ActRelationshipConditional"}},{"id":"Act.precondition.criterion","path":"Act.precondition.criterion","min":1,"max":"1","base":{"path":"Act.precondition.criterion","min":1,"max":"1"},"type":[{"code":"http://hl7.org/fhir/cda/StructureDefinition/Criterion"}]}]},"differential":{"element":[{"id":"Act","path":"Act"},{"id":"Act.classCode","path":"Act.classCode","short":"classCode","definition":"SHALL contain exactly one [1..1] @classCode=\"ACT\" (CodeSystem: HL7ActClass urn:oid:2.16.840.1.113883.5.6 STATIC) (CONF:1098-7391).","min":1,"max":"1","patternString":"ACT"},{"id":"Act.moodCode","path":"Act.moodCode","short":"moodCode","definition":"SHALL contain exactly one [1..1] @moodCode=\"INT\" (CodeSystem: HL7ActMood urn:oid:2.16.840.1.113883.5.1001 STATIC) (CONF:1098-7392).","min":1,"max":"1","patternString":"INT"},{"id":"Act.templateId","path":"Act.templateId","slicing":{"discriminator":[{"type":"value","path":"root"},{"type":"value","path":"extension"}],"rules":"open"},"definition":"SHALL contain exactly one [1..1] templateId (CONF:1098-7393) such that it"},{"id":"Act.templateId:templateId1","path":"Act.templateId","sliceName":"templateId1","short":"templateId","definition":"SHALL contain exactly one [1..1] templateId (CONF:1098-7393) such that it","min":1,"max":"1"},{"id":"Act.templateId:templateId1.root:templateId1","path":"Act.templateId.root","sliceName":"templateId1","short":"root","definition":"SHALL contain exactly one [1..1] @root=\"2.16.840.1.113883.10.20.22.4.20\" (CONF:1098-10503).","min":1,"max":"1","patternString":"2.16.840.1.113883.10.20.22.4.20"},{"id":"Act.templateId:templateId1.extension:templateId1","path":"Act.templateId.extension","sliceName":"templateId1","short":"extension","definition":"SHALL contain exactly one [1..1] @extension=\"2014-06-09\" (CONF:1098-32598).","min":1,"max":"1","patternString":"2014-06-09"},{"id":"Act.code","path":"Act.code","short":"code","definition":"SHALL contain exactly one [1..1] code, which SHOULD be selected from ValueSet Patient Education urn:oid:2.16.840.1.113883.11.20.9.34 DYNAMIC (CONF:1098-16884).","min":1,"max":"1","binding":{"strength":"preferred","valueSet":"https://cts.nlm.nih.gov/fhir/ValueSet/2.16.840.1.113883.11.20.9.34"}},{"id":"Act.statusCode","path":"Act.statusCode","short":"statusCode","definition":"SHALL contain exactly one [1..1] statusCode (CONF:1098-7396).","min":1,"max":"1"},{"id":"Act.statusCode.code","path":"Act.statusCode.code","short":"code","definition":"This statusCode SHALL contain exactly one [1..1] @code=\"completed\" Completed (CodeSystem: HL7ActStatus urn:oid:2.16.840.1.113883.5.14 STATIC) (CONF:1098-19106).","min":1,"max":"1","patternString":"completed"}]}}