{"resourceType":"StructureDefinition","id":"2.16.840.1.113883.10.20.22.5.1.1","text":{"status":"generated","div":"<div xmlns=\"http://www.w3.org/1999/xhtml\"><table border=\"0\" cellpadding=\"0\" cellspacing=\"0\" style=\"border: 0px #F0F0F0 solid; font-size: 11px; font-family: verdana; vertical-align: top;\"><tr style=\"border: 1px #F0F0F0 solid; font-size: 11px; font-family: verdana; vertical-align: top;\"><th style=\"vertical-align: top; text-align : left; background-color: white; border: 0px #F0F0F0 solid; padding:0px 4px 0px 4px\" class=\"hierarchy\"><a href=\"http://hl7.org/fhir/R4/formats.html#table\" title=\"The logical name of the element\">Name</a></th><th style=\"vertical-align: top; text-align : left; background-color: white; border: 0px #F0F0F0 solid; padding:0px 4px 0px 4px\" class=\"hierarchy\"><a href=\"http://hl7.org/fhir/R4/formats.html#table\" title=\"Information about the use of the element\">Flags</a></th><th style=\"vertical-align: top; text-align : left; background-color: white; border: 0px #F0F0F0 solid; padding:0px 4px 0px 4px\" class=\"hierarchy\"><a href=\"http://hl7.org/fhir/R4/formats.html#table\" title=\"Minimum and Maximum # of times the the element can appear in the instance\">Card.</a></th><th style=\"width: 100px\" class=\"hierarchy\"><a href=\"http://hl7.org/fhir/R4/formats.html#table\" title=\"Reference to the type of the element\">Type</a></th><th style=\"vertical-align: top; text-align : left; background-color: white; border: 0px #F0F0F0 solid; padding:0px 4px 0px 4px\" class=\"hierarchy\"><a href=\"http://hl7.org/fhir/R4/formats.html#table\" title=\"Additional information about the element\">Description &amp; Constraints</a><span style=\"float: right\"><a href=\"http://hl7.org/fhir/R4/formats.html#table\" title=\"Legend for this format\"><img src=\"http://hl7.org/fhir/R4/help16.png\" alt=\"doco\" style=\"background-color: inherit\"/></a></span></th></tr><tr style=\"border: 0px #F0F0F0 solid; padding:0px; vertical-align: top; background-color: white;\"><td style=\"vertical-align: top; text-align : left; background-color: white; border: 0px #F0F0F0 solid; padding:0px 4px 0px 4px; white-space: nowrap; background-image: url(tbl_bck1.png)\" class=\"hierarchy\"><img src=\"tbl_spacer.png\" alt=\".\" style=\"background-color: inherit\" class=\"hierarchy\"/><img src=\"icon_element.gif\" alt=\".\" style=\"background-color: white; background-color: inherit\" title=\"Element\" class=\"hierarchy\"/> <a href=\"{{[type]}}-{{[id]}}-definitions.html#PN\" title=\"null\">PN</a><a name=\"PN\"> </a></td><td style=\"vertical-align: top; text-align : left; background-color: white; border: 0px #F0F0F0 solid; padding:0px 4px 0px 4px\" class=\"hierarchy\"/><td style=\"vertical-align: top; text-align : left; background-color: white; border: 0px #F0F0F0 solid; padding:0px 4px 0px 4px\" class=\"hierarchy\"><span style=\"opacity: 0.4\">1</span><span style=\"opacity: 0.5\">..</span><span style=\"opacity: 0.4\">*</span></td><td style=\"vertical-align: top; text-align : left; background-color: white; border: 0px #F0F0F0 solid; padding:0px 4px 0px 4px\" class=\"hierarchy\"><a href=\"file://C:\\Users\\sean.mcilvenna\\Code\\cda-core-2.0\\output/{{[type]}}-PN.html\">PN</a></td><td style=\"vertical-align: top; text-align : left; background-color: white; border: 0px #F0F0F0 solid; padding:0px 4px 0px 4px\" class=\"hierarchy\"/></tr>\r\n<tr style=\"border: 0px #F0F0F0 solid; padding:0px; vertical-align: top; background-color: #F7F7F7;\"><td style=\"vertical-align: top; text-align : left; background-color: #F7F7F7; border: 0px #F0F0F0 solid; padding:0px 4px 0px 4px; white-space: nowrap; background-image: url(tbl_bck00.png)\" class=\"hierarchy\"><img src=\"tbl_spacer.png\" alt=\".\" style=\"background-color: inherit\" class=\"hierarchy\"/><img src=\"tbl_vjoin_end.png\" alt=\".\" style=\"background-color: inherit\" class=\"hierarchy\"/><img src=\"icon_element.gif\" alt=\".\" style=\"background-color: #F7F7F7; background-color: inherit\" title=\"Element\" class=\"hierarchy\"/> <a href=\"{{[type]}}-{{[id]}}-definitions.html#PN.name\" title=\"SHALL contain exactly one [1..1] name (CONF:81-9368).\">name</a><a name=\"PN.name\"> </a></td><td style=\"vertical-align: top; text-align : left; background-color: #F7F7F7; border: 0px #F0F0F0 solid; padding:0px 4px 0px 4px\" class=\"hierarchy\"><span style=\"padding-left: 3px; padding-right: 3px; color: black; null\" title=\"This element has or is affected by some invariants (81-9371, 81-9372)\">I</span></td><td style=\"vertical-align: top; text-align : left; background-color: #F7F7F7; border: 0px #F0F0F0 solid; padding:0px 4px 0px 4px\" class=\"hierarchy\">1..1</td><td style=\"vertical-align: top; text-align : left; background-color: #F7F7F7; border: 0px #F0F0F0 solid; padding:0px 4px 0px 4px\" class=\"hierarchy\"/><td style=\"vertical-align: top; text-align : left; background-color: #F7F7F7; border: 0px #F0F0F0 solid; padding:0px 4px 0px 4px\" class=\"hierarchy\">name<br/><span style=\"font-weight:bold\">81-9371: </span>The content of name **SHALL** be either a conformant Patient Name (PTN.US.FIELDED), or a string (CONF:81-9371).<br/><span style=\"font-weight:bold\">81-9372: </span>The string **SHALL NOT** contain name parts (CONF:81-9372).</td></tr>\r\n<tr><td colspan=\"5\" class=\"hierarchy\"><br/><a href=\"http://hl7.org/fhir/R4/formats.html#table\" title=\"Legend for this format\"><img src=\"http://hl7.org/fhir/R4/help16.png\" alt=\"doco\" style=\"background-color: inherit\"/> Documentation for this format</a></td></tr></table></div>"},"url":"http://hl7.org/fhir/cda/ccda/StructureDefinition/2.16.840.1.113883.10.20.22.5.1.1","identifier":[{"value":"urn:oid:2.16.840.1.113883.10.20.22.5.1.1"}],"version":"2.1.0","name":"USRealmPersonNamePNUSFIELDED","title":"US Realm Person Name (PN.US.FIELDED)","status":"active","date":"2020-01-13T13:37:55-08:00","publisher":"Health Level 7","description":"The US Realm Clinical Document Person Name datatype flavor is a set of reusable constraints that can be used for Persons.","fhirVersion":"4.0.1","kind":"resource","abstract":false,"type":"PN","baseDefinition":"http://hl7.org/fhir/cda/StructureDefinition/PN","derivation":"constraint","snapshot":{"element":[{"id":"PN","path":"PN","definition":"A name for a person. A sequence of name parts, such as given name or family name, prefix, suffix, etc. Examples for person name values are \"Jim Bob Walton, Jr.\", \"Adam Everyman\", etc. A person name may be as simple as a character string or may consist of several person name parts, such as, \"Jim\", \"Bob\", \"Walton\", and \"Jr.\". PN differs from EN because the qualifier type cannot include LS (Legal Status).","min":1,"max":"*","base":{"path":"Base","min":0,"max":"*"},"isModifier":false},{"id":"PN.nullFlavor","path":"PN.nullFlavor","representation":["xmlAttr"],"label":"Exceptional Value Detail","definition":"If a value is an exceptional value (NULL-value), this specifies in what way and why proper information is missing.","min":0,"max":"1","base":{"path":"ANY.nullFlavor","min":0,"max":"1"},"type":[{"code":"code"}],"binding":{"strength":"required","valueSet":"http://terminology.hl7.org/ValueSet/v3-NullFlavor"}},{"id":"PN.use","path":"PN.use","representation":["xmlAttr"],"label":"Use Code","definition":"A set of codes advising a system or user which name in a set of like names to select for a given purpose. A name without specific use code might be a default name useful for any purpose, but a name with a specific use code would be preferred for that respective purpose","min":0,"max":"1","base":{"path":"EN.use","min":0,"max":"1"},"type":[{"code":"code"}],"binding":{"strength":"required","valueSet":"http://terminology.hl7.org/ValueSet/v3-PersonNameUse"}},{"id":"PN.delimiter","path":"PN.delimiter","min":0,"max":"*","base":{"path":"EN.delimiter","min":0,"max":"*"},"type":[{"code":"http://hl7.org/fhir/cda/StructureDefinition/ENXP"}]},{"id":"PN.family","path":"PN.family","min":0,"max":"*","base":{"path":"EN.family","min":0,"max":"*"},"type":[{"code":"http://hl7.org/fhir/cda/StructureDefinition/ENXP"}]},{"id":"PN.given","path":"PN.given","min":0,"max":"*","base":{"path":"EN.given","min":0,"max":"*"},"type":[{"code":"http://hl7.org/fhir/cda/StructureDefinition/ENXP"}]},{"id":"PN.prefix","path":"PN.prefix","min":0,"max":"*","base":{"path":"EN.prefix","min":0,"max":"*"},"type":[{"code":"http://hl7.org/fhir/cda/StructureDefinition/ENXP"}]},{"id":"PN.suffix","path":"PN.suffix","min":0,"max":"*","base":{"path":"EN.suffix","min":0,"max":"*"},"type":[{"code":"http://hl7.org/fhir/cda/StructureDefinition/ENXP"}]},{"id":"PN.other","path":"PN.other","representation":["xmlText"],"min":0,"max":"1","base":{"path":"EN.other","min":0,"max":"1"},"type":[{"code":"string"}]},{"id":"PN.validTime","path":"PN.validTime","label":"Valid Time","definition":"An interval of time specifying the time during which the name is or was used for the entity. This accomodates the fact that people change names for people, places and things.","min":0,"max":"1","base":{"path":"EN.validTime","min":0,"max":"1"},"type":[{"code":"http://hl7.org/fhir/cda/StructureDefinition/IVL-TS"}]}]},"differential":{"element":[{"id":"PN","path":"PN"},{"id":"PN.name","path":"PN.name","short":"name","definition":"SHALL contain exactly one [1..1] name (CONF:81-9368).","min":1,"max":"1","constraint":[{"key":"81-9371","severity":"error","human":"The content of name **SHALL** be either a conformant Patient Name (PTN.US.FIELDED), or a string (CONF:81-9371)."},{"key":"81-9372","severity":"error","human":"The string **SHALL NOT** contain name parts (CONF:81-9372)."}]}]}}