{"resourceType":"StructureDefinition","id":"2.16.840.1.113883.10.20.22.5.4","text":{"status":"generated","div":"<div xmlns=\"http://www.w3.org/1999/xhtml\"><table border=\"0\" cellpadding=\"0\" cellspacing=\"0\" style=\"border: 0px #F0F0F0 solid; font-size: 11px; font-family: verdana; vertical-align: top;\"><tr style=\"border: 1px #F0F0F0 solid; font-size: 11px; font-family: verdana; vertical-align: top;\"><th style=\"vertical-align: top; text-align : left; background-color: white; border: 0px #F0F0F0 solid; padding:0px 4px 0px 4px\" class=\"hierarchy\"><a href=\"http://hl7.org/fhir/R4/formats.html#table\" title=\"The logical name of the element\">Name</a></th><th style=\"vertical-align: top; text-align : left; background-color: white; border: 0px #F0F0F0 solid; padding:0px 4px 0px 4px\" class=\"hierarchy\"><a href=\"http://hl7.org/fhir/R4/formats.html#table\" title=\"Information about the use of the element\">Flags</a></th><th style=\"vertical-align: top; text-align : left; background-color: white; border: 0px #F0F0F0 solid; padding:0px 4px 0px 4px\" class=\"hierarchy\"><a href=\"http://hl7.org/fhir/R4/formats.html#table\" title=\"Minimum and Maximum # of times the the element can appear in the instance\">Card.</a></th><th style=\"width: 100px\" class=\"hierarchy\"><a href=\"http://hl7.org/fhir/R4/formats.html#table\" title=\"Reference to the type of the element\">Type</a></th><th style=\"vertical-align: top; text-align : left; background-color: white; border: 0px #F0F0F0 solid; padding:0px 4px 0px 4px\" class=\"hierarchy\"><a href=\"http://hl7.org/fhir/R4/formats.html#table\" title=\"Additional information about the element\">Description &amp; Constraints</a><span style=\"float: right\"><a href=\"http://hl7.org/fhir/R4/formats.html#table\" title=\"Legend for this format\"><img src=\"http://hl7.org/fhir/R4/help16.png\" alt=\"doco\" style=\"background-color: inherit\"/></a></span></th></tr><tr style=\"border: 0px #F0F0F0 solid; padding:0px; vertical-align: top; background-color: white;\"><td style=\"vertical-align: top; text-align : left; background-color: white; border: 0px #F0F0F0 solid; padding:0px 4px 0px 4px; white-space: nowrap; background-image: url(tbl_bck0.png)\" class=\"hierarchy\"><img src=\"tbl_spacer.png\" alt=\".\" style=\"background-color: inherit\" class=\"hierarchy\"/><img src=\"icon_element.gif\" alt=\".\" style=\"background-color: white; background-color: inherit\" title=\"Element\" class=\"hierarchy\"/> <a href=\"{{[type]}}-{{[id]}}-definitions.html#TS\" title=\"null\">TS</a><a name=\"TS\"> </a></td><td style=\"vertical-align: top; text-align : left; background-color: white; border: 0px #F0F0F0 solid; padding:0px 4px 0px 4px\" class=\"hierarchy\"><span style=\"padding-left: 3px; padding-right: 3px; color: black; null\" title=\"This element has or is affected by some invariants (81-10127, 81-10128, 81-10129, 81-10130)\">I</span></td><td style=\"vertical-align: top; text-align : left; background-color: white; border: 0px #F0F0F0 solid; padding:0px 4px 0px 4px\" class=\"hierarchy\"><span style=\"opacity: 0.4\">1</span><span style=\"opacity: 0.5\">..</span><span style=\"opacity: 0.4\">*</span></td><td style=\"vertical-align: top; text-align : left; background-color: white; border: 0px #F0F0F0 solid; padding:0px 4px 0px 4px\" class=\"hierarchy\"/><td style=\"vertical-align: top; text-align : left; background-color: white; border: 0px #F0F0F0 solid; padding:0px 4px 0px 4px\" class=\"hierarchy\"><span style=\"font-weight:bold\">81-10127: </span>**SHALL** be precise to the day (CONF:81-10127).<br/><span style=\"font-weight:bold\">81-10128: </span>**SHOULD** be precise to the minute (CONF:81-10128).<br/><span style=\"font-weight:bold\">81-10129: </span>**MAY** be precise to the second (CONF:81-10129).<br/><span style=\"font-weight:bold\">81-10130: </span>If more precise than day, **SHOULD** include time-zone offset (CONF:81-10130).</td></tr>\r\n<tr><td colspan=\"5\" class=\"hierarchy\"><br/><a href=\"http://hl7.org/fhir/R4/formats.html#table\" title=\"Legend for this format\"><img src=\"http://hl7.org/fhir/R4/help16.png\" alt=\"doco\" style=\"background-color: inherit\"/> Documentation for this format</a></td></tr></table></div>"},"url":"http://hl7.org/fhir/cda/ccda/StructureDefinition/2.16.840.1.113883.10.20.22.5.4","identifier":[{"value":"urn:oid:2.16.840.1.113883.10.20.22.5.4"}],"version":"2.1.0","name":"USRealmDateandTimeDTMUSFIELDED","title":"US Realm Date and Time (DTM.US.FIELDED)","status":"active","date":"2020-01-09T08:23:11-08:00","publisher":"Health Level 7","description":"The US Realm Clinical Document Date and Time datatype flavor records date and time information. If no time zone offset is provided, you can make no assumption about time, unless you have made a local exchange agreement.\n\nThis data type uses the same rules as US Realm Date and Time (DT.US.FIELDED), but is used with elements having a datatype of TS.","fhirVersion":"4.0.1","kind":"resource","abstract":false,"type":"TS","baseDefinition":"http://hl7.org/fhir/cda/StructureDefinition/TS","derivation":"constraint","snapshot":{"element":[{"id":"TS","extension":[{"url":"http://hl7.org/fhir/StructureDefinition/elementdefinition-timeformat","valueCode":"YYYYMMDDHHMMSS.UUUU[+|-ZZzz]"}],"path":"TS","definition":"A quantity specifying a point on the axis of natural time. A point in time is most often represented as a calendar expression.","min":1,"max":"*","base":{"path":"Base","min":0,"max":"*"},"constraint":[{"key":"81-10127","severity":"error","human":"**SHALL** be precise to the day (CONF:81-10127)."},{"key":"81-10128","severity":"warning","human":"**SHOULD** be precise to the minute (CONF:81-10128)."},{"key":"81-10129","severity":"warning","human":"**MAY** be precise to the second (CONF:81-10129)."},{"key":"81-10130","severity":"warning","human":"If more precise than day, **SHOULD** include time-zone offset (CONF:81-10130)."}],"isModifier":false},{"id":"TS.nullFlavor","path":"TS.nullFlavor","representation":["xmlAttr"],"label":"Exceptional Value Detail","definition":"If a value is an exceptional value (NULL-value), this specifies in what way and why proper information is missing.","min":0,"max":"1","base":{"path":"ANY.nullFlavor","min":0,"max":"1"},"type":[{"code":"code"}],"binding":{"strength":"required","valueSet":"http://terminology.hl7.org/ValueSet/v3-NullFlavor"}},{"id":"TS.value","extension":[{"url":"http://www.healthintersections.com.au/fhir/StructureDefinition/elementdefinition-dateformat","valueString":"v3"}],"path":"TS.value","representation":["xmlAttr"],"definition":"A quantity specifying a point on the axis of natural time. A point in time is most often represented as a calendar expression.","min":0,"max":"1","base":{"path":"TS.value","min":0,"max":"1"},"type":[{"code":"dateTime"}]},{"id":"TS.inclusive","path":"TS.inclusive","representation":["xmlAttr"],"definition":"Specifies whether the limit is included in the interval (interval is closed) or excluded from the interval (interval is open).","min":0,"max":"1","base":{"path":"TS.inclusive","min":0,"max":"1"},"type":[{"code":"boolean"}]}]},"differential":{"element":[{"id":"TS","path":"TS","constraint":[{"key":"81-10127","severity":"error","human":"**SHALL** be precise to the day (CONF:81-10127)."},{"key":"81-10128","severity":"warning","human":"**SHOULD** be precise to the minute (CONF:81-10128)."},{"key":"81-10129","severity":"warning","human":"**MAY** be precise to the second (CONF:81-10129)."},{"key":"81-10130","severity":"warning","human":"If more precise than day, **SHOULD** include time-zone offset (CONF:81-10130)."}]}]}}