{"resourceType":"StructureDefinition","id":"2.16.840.1.113883.10.20.22.1.10","text":{"status":"generated","div":"<div xmlns=\"http://www.w3.org/1999/xhtml\"><table border=\"0\" cellpadding=\"0\" cellspacing=\"0\" style=\"border: 0px #F0F0F0 solid; font-size: 11px; font-family: verdana; vertical-align: top;\"><tr style=\"border: 1px #F0F0F0 solid; font-size: 11px; font-family: verdana; vertical-align: top;\"><th style=\"vertical-align: top; text-align : left; background-color: white; border: 0px #F0F0F0 solid; padding:0px 4px 0px 4px\" class=\"hierarchy\"><a href=\"http://hl7.org/fhir/R4/formats.html#table\" title=\"The logical name of the element\">Name</a></th><th style=\"vertical-align: top; text-align : left; background-color: white; border: 0px #F0F0F0 solid; padding:0px 4px 0px 4px\" class=\"hierarchy\"><a href=\"http://hl7.org/fhir/R4/formats.html#table\" title=\"Information about the use of the element\">Flags</a></th><th style=\"vertical-align: top; text-align : left; background-color: white; border: 0px #F0F0F0 solid; padding:0px 4px 0px 4px\" class=\"hierarchy\"><a href=\"http://hl7.org/fhir/R4/formats.html#table\" title=\"Minimum and Maximum # of times the the element can appear in the instance\">Card.</a></th><th style=\"width: 100px\" class=\"hierarchy\"><a href=\"http://hl7.org/fhir/R4/formats.html#table\" title=\"Reference to the type of the element\">Type</a></th><th style=\"vertical-align: top; text-align : left; background-color: white; border: 0px #F0F0F0 solid; padding:0px 4px 0px 4px\" class=\"hierarchy\"><a href=\"http://hl7.org/fhir/R4/formats.html#table\" title=\"Additional information about the element\">Description &amp; Constraints</a><span style=\"float: right\"><a href=\"http://hl7.org/fhir/R4/formats.html#table\" title=\"Legend for this format\"><img src=\"http://hl7.org/fhir/R4/help16.png\" alt=\"doco\" style=\"background-color: inherit\"/></a></span></th></tr><tr style=\"border: 0px #F0F0F0 solid; padding:0px; vertical-align: top; background-color: white;\"><td style=\"vertical-align: top; text-align : left; background-color: white; border: 0px #F0F0F0 solid; padding:0px 4px 0px 4px; white-space: nowrap; background-image: url(tbl_bck1.png)\" class=\"hierarchy\"><img src=\"tbl_spacer.png\" alt=\".\" style=\"background-color: inherit\" class=\"hierarchy\"/><img src=\"icon_element.gif\" alt=\".\" style=\"background-color: white; background-color: inherit\" title=\"Element\" class=\"hierarchy\"/> <a href=\"{{[type]}}-{{[id]}}-definitions.html#ClinicalDocument\" title=\"null\">ClinicalDocument</a><a name=\"ClinicalDocument\"> </a></td><td style=\"vertical-align: top; text-align : left; background-color: white; border: 0px #F0F0F0 solid; padding:0px 4px 0px 4px\" class=\"hierarchy\"/><td style=\"vertical-align: top; text-align : left; background-color: white; border: 0px #F0F0F0 solid; padding:0px 4px 0px 4px\" class=\"hierarchy\"><span style=\"opacity: 0.4\">1</span><span style=\"opacity: 0.5\">..</span><span style=\"opacity: 0.4\">1</span></td><td style=\"vertical-align: top; text-align : left; background-color: white; border: 0px #F0F0F0 solid; padding:0px 4px 0px 4px\" class=\"hierarchy\"><a href=\"StructureDefinition-2.16.840.1.113883.10.20.22.1.1.html\">USRealmHeader</a></td><td style=\"vertical-align: top; text-align : left; background-color: white; border: 0px #F0F0F0 solid; padding:0px 4px 0px 4px\" class=\"hierarchy\"/></tr>\r\n<tr style=\"border: 0px #F0F0F0 solid; padding:0px; vertical-align: top; background-color: #F7F7F7;\"><td style=\"vertical-align: top; text-align : left; background-color: #F7F7F7; border: 0px #F0F0F0 solid; padding:0px 4px 0px 4px; white-space: nowrap; background-image: url(tbl_bck13.png)\" class=\"hierarchy\"><img src=\"tbl_spacer.png\" alt=\".\" style=\"background-color: inherit\" class=\"hierarchy\"/><img src=\"tbl_vjoin.png\" alt=\".\" style=\"background-color: inherit\" class=\"hierarchy\"/><img src=\"icon_slice.png\" alt=\".\" style=\"background-color: #F7F7F7; background-color: inherit\" title=\"Slice Definition\" class=\"hierarchy\"/> <a style=\"font-style: italic\" href=\"{{[type]}}-{{[id]}}-definitions.html#ClinicalDocument.templateId\" title=\"SHALL contain exactly one [1..1] templateId (CONF:1198-7710) such that it\">templateId</a><a name=\"ClinicalDocument.templateId\"> </a></td><td style=\"vertical-align: top; text-align : left; background-color: #F7F7F7; border: 0px #F0F0F0 solid; padding:0px 4px 0px 4px\" class=\"hierarchy\"/><td style=\"vertical-align: top; text-align : left; background-color: #F7F7F7; border: 0px #F0F0F0 solid; padding:0px 4px 0px 4px\" class=\"hierarchy\"><span style=\"font-style: italic\"/><span style=\"opacity: 0.4; font-style: italic\">0</span><span style=\"opacity: 0.5; font-style: italic\">..</span><span style=\"opacity: 0.4; font-style: italic\">*</span></td><td style=\"vertical-align: top; text-align : left; background-color: #F7F7F7; border: 0px #F0F0F0 solid; padding:0px 4px 0px 4px\" class=\"hierarchy\"><a style=\"font-style: italic\" href=\"http://hl7.org/fhir/R4/profiling.html#slicing\">(Slice Definition)</a></td><td style=\"vertical-align: top; text-align : left; background-color: #F7F7F7; border: 0px #F0F0F0 solid; padding:0px 4px 0px 4px\" class=\"hierarchy\"><span style=\"font-weight:bold; font-style: italic\">Slice: </span><span style=\"font-style: italic\">Unordered, Open by value:root, value:extension</span></td></tr>\r\n<tr style=\"border: 0px #F0F0F0 solid; padding:0px; vertical-align: top; background-color: white;\"><td style=\"vertical-align: top; text-align : left; background-color: white; border: 0px #F0F0F0 solid; padding:0px 4px 0px 4px; white-space: nowrap; background-image: url(tbl_bck125.png)\" class=\"hierarchy\"><img src=\"tbl_spacer.png\" alt=\".\" style=\"background-color: inherit\" class=\"hierarchy\"/><img src=\"tbl_vline.png\" alt=\".\" style=\"background-color: inherit\" class=\"hierarchy\"/><img src=\"tbl_vjoin_end_slicer.png\" alt=\".\" style=\"background-color: inherit\" class=\"hierarchy\"/><img src=\"icon_slice_item.png\" alt=\".\" style=\"background-color: white; background-color: inherit\" title=\"Slice Item\" class=\"hierarchy\"/> <a href=\"{{[type]}}-{{[id]}}-definitions.html#ClinicalDocument.templateId:templateId1\" title=\"Slice templateId1: SHALL contain exactly one [1..1] templateId (CONF:1198-7710) such that it\">templateId:templateId1</a><a name=\"ClinicalDocument.templateId\"> </a></td><td style=\"vertical-align: top; text-align : left; background-color: white; border: 0px #F0F0F0 solid; padding:0px 4px 0px 4px\" class=\"hierarchy\"><span style=\"padding-left: 3px; padding-right: 3px; color: black; null\" title=\"This element has or is affected by some invariants (1198-32944)\">I</span></td><td style=\"vertical-align: top; text-align : left; background-color: white; border: 0px #F0F0F0 solid; padding:0px 4px 0px 4px\" class=\"hierarchy\">1..1</td><td style=\"vertical-align: top; text-align : left; background-color: white; border: 0px #F0F0F0 solid; padding:0px 4px 0px 4px\" class=\"hierarchy\"><a style=\"opacity: 0.4\" href=\"file://C:\\Users\\sean.mcilvenna\\Code\\cda-core-2.0\\output/{{[type]}}-II.html\">II</a></td><td style=\"vertical-align: top; text-align : left; background-color: white; border: 0px #F0F0F0 solid; padding:0px 4px 0px 4px\" class=\"hierarchy\">templateId<br/><span style=\"font-weight:bold\">1198-32944: </span>When asserting this templateId, all C-CDA 2.1 section and entry templates that had a previous version in C-CDA R1.1 **SHALL** include both the C-CDA 2.1 templateId and the C-CDA R1.1 templateId root without an extension. See C-CDA R2.1 Volume 1 - Design Considerations for additional detail (CONF:1198-32944).</td></tr>\r\n<tr style=\"border: 0px #F0F0F0 solid; padding:0px; vertical-align: top; background-color: #F7F7F7;\"><td style=\"vertical-align: top; text-align : left; background-color: #F7F7F7; border: 0px #F0F0F0 solid; padding:0px 4px 0px 4px; white-space: nowrap; background-image: url(tbl_bck1254.png)\" class=\"hierarchy\"><img src=\"tbl_spacer.png\" alt=\".\" style=\"background-color: inherit\" class=\"hierarchy\"/><img src=\"tbl_vline.png\" alt=\".\" style=\"background-color: inherit\" class=\"hierarchy\"/><img src=\"tbl_blank.png\" alt=\".\" style=\"background-color: inherit\" class=\"hierarchy\"/><img src=\"tbl_vjoin_slice.png\" alt=\".\" style=\"background-color: inherit\" class=\"hierarchy\"/><img src=\"icon_slice_item.png\" alt=\".\" style=\"background-color: #F7F7F7; background-color: inherit\" title=\"Slice Item\" class=\"hierarchy\"/> <a href=\"{{[type]}}-{{[id]}}-definitions.html#ClinicalDocument.templateId:templateId1.root:templateId1\" title=\"Slice templateId1: SHALL contain exactly one [1..1] @root=&quot;2.16.840.1.113883.10.20.22.1.10&quot; (CONF:1198-10054).\">root:templateId1</a><a name=\"ClinicalDocument.templateId.root\"> </a></td><td style=\"vertical-align: top; text-align : left; background-color: #F7F7F7; border: 0px #F0F0F0 solid; padding:0px 4px 0px 4px\" class=\"hierarchy\"/><td style=\"vertical-align: top; text-align : left; background-color: #F7F7F7; border: 0px #F0F0F0 solid; padding:0px 4px 0px 4px\" class=\"hierarchy\">1..1</td><td style=\"vertical-align: top; text-align : left; background-color: #F7F7F7; border: 0px #F0F0F0 solid; padding:0px 4px 0px 4px\" class=\"hierarchy\"/><td style=\"vertical-align: top; text-align : left; background-color: #F7F7F7; border: 0px #F0F0F0 solid; padding:0px 4px 0px 4px\" class=\"hierarchy\">root<br/><span style=\"font-weight:bold\">Required Pattern: </span><span style=\"color: darkgreen\">2.16.840.1.113883.10.20.22.1.10</span></td></tr>\r\n<tr style=\"border: 0px #F0F0F0 solid; padding:0px; vertical-align: top; background-color: white;\"><td style=\"vertical-align: top; text-align : left; background-color: white; border: 0px #F0F0F0 solid; padding:0px 4px 0px 4px; white-space: nowrap; background-image: url(tbl_bck1244.png)\" class=\"hierarchy\"><img src=\"tbl_spacer.png\" alt=\".\" style=\"background-color: inherit\" class=\"hierarchy\"/><img src=\"tbl_vline.png\" alt=\".\" style=\"background-color: inherit\" class=\"hierarchy\"/><img src=\"tbl_blank.png\" alt=\".\" style=\"background-color: inherit\" class=\"hierarchy\"/><img src=\"tbl_vjoin_end_slice.png\" alt=\".\" style=\"background-color: inherit\" class=\"hierarchy\"/><img src=\"icon_slice_item.png\" alt=\".\" style=\"background-color: white; background-color: inherit\" title=\"Slice Item\" class=\"hierarchy\"/> <a href=\"{{[type]}}-{{[id]}}-definitions.html#ClinicalDocument.templateId:templateId1.extension:templateId1\" title=\"Slice templateId1: SHALL contain exactly one [1..1] @extension=&quot;2015-08-01&quot; (CONF:1198-32522).\">extension:templateId1</a><a name=\"ClinicalDocument.templateId.extension\"> </a></td><td style=\"vertical-align: top; text-align : left; background-color: white; border: 0px #F0F0F0 solid; padding:0px 4px 0px 4px\" class=\"hierarchy\"/><td style=\"vertical-align: top; text-align : left; background-color: white; border: 0px #F0F0F0 solid; padding:0px 4px 0px 4px\" class=\"hierarchy\">1..1</td><td style=\"vertical-align: top; text-align : left; background-color: white; border: 0px #F0F0F0 solid; padding:0px 4px 0px 4px\" class=\"hierarchy\"/><td style=\"vertical-align: top; text-align : left; background-color: white; border: 0px #F0F0F0 solid; padding:0px 4px 0px 4px\" class=\"hierarchy\">extension<br/><span style=\"font-weight:bold\">Required Pattern: </span><span style=\"color: darkgreen\">2015-08-01</span></td></tr>\r\n<tr style=\"border: 0px #F0F0F0 solid; padding:0px; vertical-align: top; background-color: #F7F7F7;\"><td style=\"vertical-align: top; text-align : left; background-color: #F7F7F7; border: 0px #F0F0F0 solid; padding:0px 4px 0px 4px; white-space: nowrap; background-image: url(tbl_bck11.png)\" class=\"hierarchy\"><img src=\"tbl_spacer.png\" alt=\".\" style=\"background-color: inherit\" class=\"hierarchy\"/><img src=\"tbl_vjoin.png\" alt=\".\" style=\"background-color: inherit\" class=\"hierarchy\"/><img src=\"icon_element.gif\" alt=\".\" style=\"background-color: #F7F7F7; background-color: inherit\" title=\"Element\" class=\"hierarchy\"/> <a href=\"{{[type]}}-{{[id]}}-definitions.html#ClinicalDocument.recordTarget\" title=\"SHALL contain at least one [1..*] recordTarget (CONF:1198-31089).\">recordTarget</a><a name=\"ClinicalDocument.recordTarget\"> </a></td><td style=\"vertical-align: top; text-align : left; background-color: #F7F7F7; border: 0px #F0F0F0 solid; padding:0px 4px 0px 4px\" class=\"hierarchy\"/><td style=\"vertical-align: top; text-align : left; background-color: #F7F7F7; border: 0px #F0F0F0 solid; padding:0px 4px 0px 4px\" class=\"hierarchy\">1..*</td><td style=\"vertical-align: top; text-align : left; background-color: #F7F7F7; border: 0px #F0F0F0 solid; padding:0px 4px 0px 4px\" class=\"hierarchy\"><a style=\"opacity: 0.4\" href=\"file://C:\\Users\\sean.mcilvenna\\Code\\cda-core-2.0\\output/{{[type]}}-RecordTarget.html\">CDAR2.RecordTarget</a></td><td style=\"vertical-align: top; text-align : left; background-color: #F7F7F7; border: 0px #F0F0F0 solid; padding:0px 4px 0px 4px\" class=\"hierarchy\">recordTarget<br/></td></tr>\r\n<tr style=\"border: 0px #F0F0F0 solid; padding:0px; vertical-align: top; background-color: white;\"><td style=\"vertical-align: top; text-align : left; background-color: white; border: 0px #F0F0F0 solid; padding:0px 4px 0px 4px; white-space: nowrap; background-image: url(tbl_bck101.png)\" class=\"hierarchy\"><img src=\"tbl_spacer.png\" alt=\".\" style=\"background-color: inherit\" class=\"hierarchy\"/><img src=\"tbl_vline.png\" alt=\".\" style=\"background-color: inherit\" class=\"hierarchy\"/><img src=\"tbl_vjoin_end.png\" alt=\".\" style=\"background-color: inherit\" class=\"hierarchy\"/><img src=\"icon_element.gif\" alt=\".\" style=\"background-color: white; background-color: inherit\" title=\"Element\" class=\"hierarchy\"/> <a href=\"{{[type]}}-{{[id]}}-definitions.html#ClinicalDocument.recordTarget.patientRole\" title=\"Such recordTargets SHALL contain exactly one [1..1] patientRole (CONF:1198-31090).\">patientRole</a><a name=\"ClinicalDocument.recordTarget.patientRole\"> </a></td><td style=\"vertical-align: top; text-align : left; background-color: white; border: 0px #F0F0F0 solid; padding:0px 4px 0px 4px\" class=\"hierarchy\"/><td style=\"vertical-align: top; text-align : left; background-color: white; border: 0px #F0F0F0 solid; padding:0px 4px 0px 4px\" class=\"hierarchy\">1..1</td><td style=\"vertical-align: top; text-align : left; background-color: white; border: 0px #F0F0F0 solid; padding:0px 4px 0px 4px\" class=\"hierarchy\"/><td style=\"vertical-align: top; text-align : left; background-color: white; border: 0px #F0F0F0 solid; padding:0px 4px 0px 4px\" class=\"hierarchy\">patientRole</td></tr>\r\n<tr style=\"border: 0px #F0F0F0 solid; padding:0px; vertical-align: top; background-color: #F7F7F7;\"><td style=\"vertical-align: top; text-align : left; background-color: #F7F7F7; border: 0px #F0F0F0 solid; padding:0px 4px 0px 4px; white-space: nowrap; background-image: url(tbl_bck1000.png)\" class=\"hierarchy\"><img src=\"tbl_spacer.png\" alt=\".\" style=\"background-color: inherit\" class=\"hierarchy\"/><img src=\"tbl_vline.png\" alt=\".\" style=\"background-color: inherit\" class=\"hierarchy\"/><img src=\"tbl_blank.png\" alt=\".\" style=\"background-color: inherit\" class=\"hierarchy\"/><img src=\"tbl_vjoin_end.png\" alt=\".\" style=\"background-color: inherit\" class=\"hierarchy\"/><img src=\"icon_element.gif\" alt=\".\" style=\"background-color: #F7F7F7; background-color: inherit\" title=\"Element\" class=\"hierarchy\"/> <a href=\"{{[type]}}-{{[id]}}-definitions.html#ClinicalDocument.recordTarget.patientRole.id\" title=\"This patientRole SHALL contain at least one [1..*] id (CONF:1198-31091).\">id</a><a name=\"ClinicalDocument.recordTarget.patientRole.id\"> </a></td><td style=\"vertical-align: top; text-align : left; background-color: #F7F7F7; border: 0px #F0F0F0 solid; padding:0px 4px 0px 4px\" class=\"hierarchy\"/><td style=\"vertical-align: top; text-align : left; background-color: #F7F7F7; border: 0px #F0F0F0 solid; padding:0px 4px 0px 4px\" class=\"hierarchy\">1..*</td><td style=\"vertical-align: top; text-align : left; background-color: #F7F7F7; border: 0px #F0F0F0 solid; padding:0px 4px 0px 4px\" class=\"hierarchy\"/><td style=\"vertical-align: top; text-align : left; background-color: #F7F7F7; border: 0px #F0F0F0 solid; padding:0px 4px 0px 4px\" class=\"hierarchy\">id<br/></td></tr>\r\n<tr style=\"border: 0px #F0F0F0 solid; padding:0px; vertical-align: top; background-color: white;\"><td style=\"vertical-align: top; text-align : left; background-color: white; border: 0px #F0F0F0 solid; padding:0px 4px 0px 4px; white-space: nowrap; background-image: url(tbl_bck11.png)\" class=\"hierarchy\"><img src=\"tbl_spacer.png\" alt=\".\" style=\"background-color: inherit\" class=\"hierarchy\"/><img src=\"tbl_vjoin.png\" alt=\".\" style=\"background-color: inherit\" class=\"hierarchy\"/><img src=\"icon_element.gif\" alt=\".\" style=\"background-color: white; background-color: inherit\" title=\"Element\" class=\"hierarchy\"/> <a href=\"{{[type]}}-{{[id]}}-definitions.html#ClinicalDocument.custodian\" title=\"SHALL contain exactly one [1..1] custodian (CONF:1198-31096).\">custodian</a><a name=\"ClinicalDocument.custodian\"> </a></td><td style=\"vertical-align: top; text-align : left; background-color: white; border: 0px #F0F0F0 solid; padding:0px 4px 0px 4px\" class=\"hierarchy\"/><td style=\"vertical-align: top; text-align : left; background-color: white; border: 0px #F0F0F0 solid; padding:0px 4px 0px 4px\" class=\"hierarchy\">1..1</td><td style=\"vertical-align: top; text-align : left; background-color: white; border: 0px #F0F0F0 solid; padding:0px 4px 0px 4px\" class=\"hierarchy\"><a style=\"opacity: 0.4\" href=\"file://C:\\Users\\sean.mcilvenna\\Code\\cda-core-2.0\\output/{{[type]}}-Custodian.html\">CDAR2.Custodian</a></td><td style=\"vertical-align: top; text-align : left; background-color: white; border: 0px #F0F0F0 solid; padding:0px 4px 0px 4px\" class=\"hierarchy\">custodian</td></tr>\r\n<tr style=\"border: 0px #F0F0F0 solid; padding:0px; vertical-align: top; background-color: #F7F7F7;\"><td style=\"vertical-align: top; text-align : left; background-color: #F7F7F7; border: 0px #F0F0F0 solid; padding:0px 4px 0px 4px; white-space: nowrap; background-image: url(tbl_bck101.png)\" class=\"hierarchy\"><img src=\"tbl_spacer.png\" alt=\".\" style=\"background-color: inherit\" class=\"hierarchy\"/><img src=\"tbl_vline.png\" alt=\".\" style=\"background-color: inherit\" class=\"hierarchy\"/><img src=\"tbl_vjoin_end.png\" alt=\".\" style=\"background-color: inherit\" class=\"hierarchy\"/><img src=\"icon_element.gif\" alt=\".\" style=\"background-color: #F7F7F7; background-color: inherit\" title=\"Element\" class=\"hierarchy\"/> <a href=\"{{[type]}}-{{[id]}}-definitions.html#ClinicalDocument.custodian.assignedCustodian\" title=\"This custodian SHALL contain exactly one [1..1] assignedCustodian (CONF:1198-31097).\">assignedCustodian</a><a name=\"ClinicalDocument.custodian.assignedCustodian\"> </a></td><td style=\"vertical-align: top; text-align : left; background-color: #F7F7F7; border: 0px #F0F0F0 solid; padding:0px 4px 0px 4px\" class=\"hierarchy\"/><td style=\"vertical-align: top; text-align : left; background-color: #F7F7F7; border: 0px #F0F0F0 solid; padding:0px 4px 0px 4px\" class=\"hierarchy\">1..1</td><td style=\"vertical-align: top; text-align : left; background-color: #F7F7F7; border: 0px #F0F0F0 solid; padding:0px 4px 0px 4px\" class=\"hierarchy\"/><td style=\"vertical-align: top; text-align : left; background-color: #F7F7F7; border: 0px #F0F0F0 solid; padding:0px 4px 0px 4px\" class=\"hierarchy\">assignedCustodian</td></tr>\r\n<tr style=\"border: 0px #F0F0F0 solid; padding:0px; vertical-align: top; background-color: white;\"><td style=\"vertical-align: top; text-align : left; background-color: white; border: 0px #F0F0F0 solid; padding:0px 4px 0px 4px; white-space: nowrap; background-image: url(tbl_bck1000.png)\" class=\"hierarchy\"><img src=\"tbl_spacer.png\" alt=\".\" style=\"background-color: inherit\" class=\"hierarchy\"/><img src=\"tbl_vline.png\" alt=\".\" style=\"background-color: inherit\" class=\"hierarchy\"/><img src=\"tbl_blank.png\" alt=\".\" style=\"background-color: inherit\" class=\"hierarchy\"/><img src=\"tbl_vjoin_end.png\" alt=\".\" style=\"background-color: inherit\" class=\"hierarchy\"/><img src=\"icon_element.gif\" alt=\".\" style=\"background-color: white; background-color: inherit\" title=\"Element\" class=\"hierarchy\"/> <a href=\"{{[type]}}-{{[id]}}-definitions.html#ClinicalDocument.custodian.assignedCustodian.representedCustodianOrganization\" title=\"This assignedCustodian SHALL contain exactly one [1..1] representedCustodianOrganization (CONF:1198-31098).\">representedCustodianOrganization</a><a name=\"ClinicalDocument.custodian.assignedCustodian.representedCustodianOrganization\"> </a></td><td style=\"vertical-align: top; text-align : left; background-color: white; border: 0px #F0F0F0 solid; padding:0px 4px 0px 4px\" class=\"hierarchy\"/><td style=\"vertical-align: top; text-align : left; background-color: white; border: 0px #F0F0F0 solid; padding:0px 4px 0px 4px\" class=\"hierarchy\">1..1</td><td style=\"vertical-align: top; text-align : left; background-color: white; border: 0px #F0F0F0 solid; padding:0px 4px 0px 4px\" class=\"hierarchy\"/><td style=\"vertical-align: top; text-align : left; background-color: white; border: 0px #F0F0F0 solid; padding:0px 4px 0px 4px\" class=\"hierarchy\">representedCustodianOrganization</td></tr>\r\n<tr style=\"border: 0px #F0F0F0 solid; padding:0px; vertical-align: top; background-color: #F7F7F7;\"><td style=\"vertical-align: top; text-align : left; background-color: #F7F7F7; border: 0px #F0F0F0 solid; padding:0px 4px 0px 4px; white-space: nowrap; background-image: url(tbl_bck01.png)\" class=\"hierarchy\"><img src=\"tbl_spacer.png\" alt=\".\" style=\"background-color: inherit\" class=\"hierarchy\"/><img src=\"tbl_vjoin_end.png\" alt=\".\" style=\"background-color: inherit\" class=\"hierarchy\"/><img src=\"icon_element.gif\" alt=\".\" style=\"background-color: #F7F7F7; background-color: inherit\" title=\"Element\" class=\"hierarchy\"/> <a href=\"{{[type]}}-{{[id]}}-definitions.html#ClinicalDocument.component\" title=\"SHALL contain exactly one [1..1] component (CONF:1198-31085).\">component</a><a name=\"ClinicalDocument.component\"> </a></td><td style=\"vertical-align: top; text-align : left; background-color: #F7F7F7; border: 0px #F0F0F0 solid; padding:0px 4px 0px 4px\" class=\"hierarchy\"/><td style=\"vertical-align: top; text-align : left; background-color: #F7F7F7; border: 0px #F0F0F0 solid; padding:0px 4px 0px 4px\" class=\"hierarchy\">1..1</td><td style=\"vertical-align: top; text-align : left; background-color: #F7F7F7; border: 0px #F0F0F0 solid; padding:0px 4px 0px 4px\" class=\"hierarchy\"><a style=\"opacity: 0.4\" href=\"file://C:\\Users\\sean.mcilvenna\\Code\\cda-core-2.0\\output/{{[type]}}-Component2.html\">CDAR2.Component2</a></td><td style=\"vertical-align: top; text-align : left; background-color: #F7F7F7; border: 0px #F0F0F0 solid; padding:0px 4px 0px 4px\" class=\"hierarchy\">component</td></tr>\r\n<tr style=\"border: 0px #F0F0F0 solid; padding:0px; vertical-align: top; background-color: white;\"><td style=\"vertical-align: top; text-align : left; background-color: white; border: 0px #F0F0F0 solid; padding:0px 4px 0px 4px; white-space: nowrap; background-image: url(tbl_bck001.png)\" class=\"hierarchy\"><img src=\"tbl_spacer.png\" alt=\".\" style=\"background-color: inherit\" class=\"hierarchy\"/><img src=\"tbl_blank.png\" alt=\".\" style=\"background-color: inherit\" class=\"hierarchy\"/><img src=\"tbl_vjoin_end.png\" alt=\".\" style=\"background-color: inherit\" class=\"hierarchy\"/><img src=\"icon_element.gif\" alt=\".\" style=\"background-color: white; background-color: inherit\" title=\"Element\" class=\"hierarchy\"/> <a href=\"{{[type]}}-{{[id]}}-definitions.html#ClinicalDocument.component.nonXMLBody\" title=\"This component SHALL contain exactly one [1..1] nonXMLBody (CONF:1198-31086).\">nonXMLBody</a><a name=\"ClinicalDocument.component.nonXMLBody\"> </a></td><td style=\"vertical-align: top; text-align : left; background-color: white; border: 0px #F0F0F0 solid; padding:0px 4px 0px 4px\" class=\"hierarchy\"/><td style=\"vertical-align: top; text-align : left; background-color: white; border: 0px #F0F0F0 solid; padding:0px 4px 0px 4px\" class=\"hierarchy\">1..1</td><td style=\"vertical-align: top; text-align : left; background-color: white; border: 0px #F0F0F0 solid; padding:0px 4px 0px 4px\" class=\"hierarchy\"/><td style=\"vertical-align: top; text-align : left; background-color: white; border: 0px #F0F0F0 solid; padding:0px 4px 0px 4px\" class=\"hierarchy\">nonXMLBody</td></tr>\r\n<tr style=\"border: 0px #F0F0F0 solid; padding:0px; vertical-align: top; background-color: #F7F7F7;\"><td style=\"vertical-align: top; text-align : left; background-color: #F7F7F7; border: 0px #F0F0F0 solid; padding:0px 4px 0px 4px; white-space: nowrap; background-image: url(tbl_bck0000.png)\" class=\"hierarchy\"><img src=\"tbl_spacer.png\" alt=\".\" style=\"background-color: inherit\" class=\"hierarchy\"/><img src=\"tbl_blank.png\" alt=\".\" style=\"background-color: inherit\" class=\"hierarchy\"/><img src=\"tbl_blank.png\" alt=\".\" style=\"background-color: inherit\" class=\"hierarchy\"/><img src=\"tbl_vjoin_end.png\" alt=\".\" style=\"background-color: inherit\" class=\"hierarchy\"/><img src=\"icon_element.gif\" alt=\".\" style=\"background-color: #F7F7F7; background-color: inherit\" title=\"Element\" class=\"hierarchy\"/> <a href=\"{{[type]}}-{{[id]}}-definitions.html#ClinicalDocument.component.nonXMLBody.text\" title=\"This nonXMLBody SHALL contain exactly one [1..1] text (CONF:1198-31087).\">text</a><a name=\"ClinicalDocument.component.nonXMLBody.text\"> </a></td><td style=\"vertical-align: top; text-align : left; background-color: #F7F7F7; border: 0px #F0F0F0 solid; padding:0px 4px 0px 4px\" class=\"hierarchy\"><span style=\"padding-left: 3px; padding-right: 3px; color: black; null\" title=\"This element has or is affected by some invariants (1198-7624, 1198-7623)\">I</span></td><td style=\"vertical-align: top; text-align : left; background-color: #F7F7F7; border: 0px #F0F0F0 solid; padding:0px 4px 0px 4px\" class=\"hierarchy\">1..1</td><td style=\"vertical-align: top; text-align : left; background-color: #F7F7F7; border: 0px #F0F0F0 solid; padding:0px 4px 0px 4px\" class=\"hierarchy\"/><td style=\"vertical-align: top; text-align : left; background-color: #F7F7F7; border: 0px #F0F0F0 solid; padding:0px 4px 0px 4px\" class=\"hierarchy\">text<br/><span style=\"font-weight:bold\">1198-7624: </span>If the text element does not contain a reference element with a value attribute, then it **SHALL** contain exactly one [1..1] @representation=&quot;B64&quot; and exactly one [1..1] @mediaType (CONF:1198-7624).<br/><span style=\"font-weight:bold\">1198-7623: </span>The value of @mediaType, if present, **SHALL** be drawn from the value set 2.16.840.1.113883.11.20.7.1 SupportedFileFormats STATIC 2010-05-12 (CONF:1198-7623).</td></tr>\r\n<tr><td colspan=\"5\" class=\"hierarchy\"><br/><a href=\"http://hl7.org/fhir/R4/formats.html#table\" title=\"Legend for this format\"><img src=\"http://hl7.org/fhir/R4/help16.png\" alt=\"doco\" style=\"background-color: inherit\"/> Documentation for this format</a></td></tr></table></div>"},"url":"http://hl7.org/fhir/cda/ccda/StructureDefinition/2.16.840.1.113883.10.20.22.1.10","identifier":[{"value":"urn:hl7ii:2.16.840.1.113883.10.20.22.1.10:2015-08-01"}],"version":"2.1.0","name":"UnstructuredDocument","title":"Unstructured Document (V3)","status":"active","date":"2020-01-13T13:37:55-08:00","publisher":"Health Level 7","description":"An Unstructured Document (UD) document type can (1) include unstructured content, such as a graphic, directly in a text element with a mediaType attribute, or (2) reference a single document file, such as a word-processing document using a text/reference element.\nFor guidance on how to handle multiple files, on the selection of media types for this IG, and on the identification of external files, see the examples that follow the constraints below.\nIHEs XDS-SD (Cross-Transaction Specifications and Content Specifications, Scanned Documents Module) profile addresses a similar, more restricted use case, specifically for scanned documents or documents electronically created from existing text sources, and limits content to PDF-A or text. This Unstructured Documents template is applicable not only for scanned documents in non-PDF formats, but also for clinical documents produced through word processing applications, etc. \nFor conformance with both specifications, implementers need to ensure that their documents at a minimum conform with the SHALL constraints from either specification.","fhirVersion":"4.0.1","kind":"resource","abstract":false,"type":"ClinicalDocument","baseDefinition":"http://hl7.org/fhir/cda/ccda/StructureDefinition/2.16.840.1.113883.10.20.22.1.1","derivation":"constraint","snapshot":{"element":[{"id":"ClinicalDocument","path":"ClinicalDocument","min":1,"max":"1","base":{"path":"Base","min":0,"max":"*"},"isModifier":false},{"id":"ClinicalDocument.classCode","path":"ClinicalDocument.classCode","representation":["xmlAttr"],"min":1,"max":"1","base":{"path":"ClinicalDocument.classCode","min":1,"max":"1"},"type":[{"code":"code"}],"defaultValueCode":"DOCCLIN","fixedCode":"DOCCLIN","binding":{"strength":"extensible","valueSet":"http://terminology.hl7.org/ValueSet/v3-ActClass"}},{"id":"ClinicalDocument.moodCode","path":"ClinicalDocument.moodCode","representation":["xmlAttr"],"min":1,"max":"1","base":{"path":"ClinicalDocument.moodCode","min":1,"max":"1"},"type":[{"code":"code"}],"defaultValueCode":"EVN","fixedCode":"EVN","binding":{"strength":"required","valueSet":"http://terminology.hl7.org/ValueSet/v3-ActMood"}},{"id":"ClinicalDocument.realmCode","path":"ClinicalDocument.realmCode","short":"realmCode","definition":"SHALL contain exactly one [1..1] realmCode=\"US\" (CONF:1198-16791).","min":1,"max":"1","base":{"path":"ClinicalDocument.realmCode","min":0,"max":"*"},"type":[{"code":"http://hl7.org/fhir/cda/StructureDefinition/CS"}],"patternString":"US"},{"id":"ClinicalDocument.typeId","path":"ClinicalDocument.typeId","short":"typeId","definition":"SHALL contain exactly one [1..1] typeId (CONF:1198-5361).","min":1,"max":"1","base":{"path":"ClinicalDocument.typeId","min":0,"max":"1"},"type":[{"code":"http://hl7.org/fhir/cda/StructureDefinition/II"}]},{"id":"ClinicalDocument.templateId","path":"ClinicalDocument.templateId","slicing":{"discriminator":[{"type":"value","path":"root"},{"type":"value","path":"extension"}],"rules":"open"},"definition":"SHALL contain exactly one [1..1] templateId (CONF:1198-7710) such that it","min":0,"max":"*","base":{"path":"ClinicalDocument.templateId","min":0,"max":"*"},"type":[{"code":"http://hl7.org/fhir/cda/StructureDefinition/II"}]},{"id":"ClinicalDocument.templateId:templateId1","path":"ClinicalDocument.templateId","sliceName":"templateId1","short":"templateId","definition":"SHALL contain exactly one [1..1] templateId (CONF:1198-7710) such that it","min":1,"max":"1","base":{"path":"ClinicalDocument.templateId","min":0,"max":"*"},"type":[{"code":"http://hl7.org/fhir/cda/StructureDefinition/II"}],"constraint":[{"key":"1198-32944","severity":"error","human":"When asserting this templateId, all C-CDA 2.1 section and entry templates that had a previous version in C-CDA R1.1 **SHALL** include both the C-CDA 2.1 templateId and the C-CDA R1.1 templateId root without an extension. See C-CDA R2.1 Volume 1 - Design Considerations for additional detail (CONF:1198-32944)."}]},{"id":"ClinicalDocument.id","path":"ClinicalDocument.id","short":"id","definition":"SHALL contain exactly one [1..1] id (CONF:1198-5363).","min":1,"max":"1","base":{"path":"ClinicalDocument.id","min":1,"max":"1"},"type":[{"code":"http://hl7.org/fhir/cda/StructureDefinition/II"}],"constraint":[{"key":"1198-9991","severity":"warning","human":"This id **SHALL** be a globally unique identifier for the document (CONF:1198-9991)."}]},{"id":"ClinicalDocument.code","path":"ClinicalDocument.code","short":"code","definition":"SHALL contain exactly one [1..1] code (CONF:1198-5253).","min":1,"max":"1","base":{"path":"ClinicalDocument.code","min":1,"max":"1"},"type":[{"code":"http://hl7.org/fhir/cda/StructureDefinition/CE"}],"constraint":[{"key":"1198-9992","severity":"error","human":"This code **SHALL** specify the particular kind of document (e.g., History and Physical, Discharge Summary, Progress Note) (CONF:1198-9992)."},{"key":"1198-32948","severity":"error","human":"This code **SHALL** be drawn from the LOINC document type ontology (LOINC codes where SCALE = DOC) (CONF:1198-32948)."}]},{"id":"ClinicalDocument.title","path":"ClinicalDocument.title","label":"The title can either be a locally defined name or the displayName corresponding to clinicalDocument/code","short":"The title can either be a locally defined name or the displayName corresponding to clinicalDocument/code","definition":"SHALL contain exactly one [1..1] title (CONF:1198-5254).","min":1,"max":"1","base":{"path":"ClinicalDocument.title","min":0,"max":"1"},"type":[{"code":"http://hl7.org/fhir/cda/StructureDefinition/ST"}]},{"id":"ClinicalDocument.effectiveTime","extension":[{"url":"http://hl7.org/fhir/StructureDefinition/elementdefinition-timeformat","valueCode":"YYYYMMDDHHMMSS.UUUU[+|-ZZzz]"}],"path":"ClinicalDocument.effectiveTime","short":"effectiveTime","definition":"SHALL contain exactly one [1..1] US Realm Date and Time (DTM.US.FIELDED) (identifier: urn:oid:2.16.840.1.113883.10.20.22.5.4) (CONF:1198-5256).","min":1,"max":"1","base":{"path":"ClinicalDocument.effectiveTime","min":1,"max":"1"},"type":[{"code":"http://hl7.org/fhir/cda/StructureDefinition/TS","profile":["http://hl7.org/fhir/cda/ccda/StructureDefinition/2.16.840.1.113883.10.20.22.5.4"]}],"constraint":[{"key":"81-10127","severity":"error","human":"**SHALL** be precise to the day (CONF:81-10127).","source":"http://hl7.org/fhir/cda/StructureDefinition/ClinicalDocument"},{"key":"81-10128","severity":"warning","human":"**SHOULD** be precise to the minute (CONF:81-10128).","source":"http://hl7.org/fhir/cda/StructureDefinition/ClinicalDocument"},{"key":"81-10129","severity":"warning","human":"**MAY** be precise to the second (CONF:81-10129).","source":"http://hl7.org/fhir/cda/StructureDefinition/ClinicalDocument"},{"key":"81-10130","severity":"warning","human":"If more precise than day, **SHOULD** include time-zone offset (CONF:81-10130).","source":"http://hl7.org/fhir/cda/StructureDefinition/ClinicalDocument"}],"isModifier":false},{"id":"ClinicalDocument.confidentialityCode","path":"ClinicalDocument.confidentialityCode","short":"confidentialityCode","definition":"SHALL contain exactly one [1..1] confidentialityCode, which SHOULD be selected from ValueSet HL7 BasicConfidentialityKind urn:oid:2.16.840.1.113883.1.11.16926 DYNAMIC (CONF:1198-5259).","min":1,"max":"1","base":{"path":"ClinicalDocument.confidentialityCode","min":1,"max":"1"},"type":[{"code":"http://hl7.org/fhir/cda/StructureDefinition/CE"}]},{"id":"ClinicalDocument.languageCode","path":"ClinicalDocument.languageCode","short":"languageCode","definition":"SHALL contain exactly one [1..1] languageCode, which SHALL be selected from ValueSet Language urn:oid:2.16.840.1.113883.1.11.11526 DYNAMIC (CONF:1198-5372).","min":1,"max":"1","base":{"path":"ClinicalDocument.languageCode","min":0,"max":"1"},"type":[{"code":"http://hl7.org/fhir/cda/StructureDefinition/CS"}]},{"id":"ClinicalDocument.setId","path":"ClinicalDocument.setId","short":"setId","definition":"MAY contain zero or one [0..1] setId (CONF:1198-5261).","min":0,"max":"1","base":{"path":"ClinicalDocument.setId","min":0,"max":"1"},"type":[{"code":"http://hl7.org/fhir/cda/StructureDefinition/II"}],"constraint":[{"key":"1198-6380","severity":"error","human":"If  setId is present versionNumber **SHALL** be present (CONF:1198-6380)."}]},{"id":"ClinicalDocument.versionNumber","path":"ClinicalDocument.versionNumber","short":"versionNumber","definition":"MAY contain zero or one [0..1] versionNumber (CONF:1198-5264).","min":0,"max":"1","base":{"path":"ClinicalDocument.versionNumber","min":0,"max":"1"},"type":[{"code":"http://hl7.org/fhir/cda/StructureDefinition/INT"}],"constraint":[{"key":"1198-6387","severity":"error","human":"If versionNumber is present setId **SHALL** be present (CONF:1198-6387)."}]},{"id":"ClinicalDocument.copyTime","path":"ClinicalDocument.copyTime","min":0,"max":"1","base":{"path":"ClinicalDocument.copyTime","min":0,"max":"1"},"type":[{"code":"http://hl7.org/fhir/cda/StructureDefinition/TS"}]},{"id":"ClinicalDocument.recordTarget","path":"ClinicalDocument.recordTarget","short":"recordTarget","definition":"SHALL contain at least one [1..*] recordTarget (CONF:1198-31089).","min":1,"max":"*","base":{"path":"ClinicalDocument.recordTarget","min":1,"max":"*"},"type":[{"code":"http://hl7.org/fhir/cda/StructureDefinition/RecordTarget"}]},{"id":"ClinicalDocument.author","path":"ClinicalDocument.author","short":"author","definition":"SHALL contain at least one [1..*] author (CONF:1198-5444).","min":1,"max":"*","base":{"path":"ClinicalDocument.author","min":1,"max":"*"},"type":[{"code":"http://hl7.org/fhir/cda/StructureDefinition/Author"}]},{"id":"ClinicalDocument.dataEnterer","path":"ClinicalDocument.dataEnterer","short":"dataEnterer","definition":"MAY contain zero or one [0..1] dataEnterer (CONF:1198-5441).","min":0,"max":"1","base":{"path":"ClinicalDocument.dataEnterer","min":0,"max":"1"},"type":[{"code":"http://hl7.org/fhir/cda/StructureDefinition/DataEnterer"}]},{"id":"ClinicalDocument.informant","path":"ClinicalDocument.informant","slicing":{"discriminator":[{"type":"value","path":"relatedEntity"}],"rules":"open"},"definition":"MAY contain zero or more [0..*] informant (CONF:1198-31355) such that it","min":0,"max":"*","base":{"path":"ClinicalDocument.informant","min":0,"max":"*"},"type":[{"code":"http://hl7.org/fhir/cda/StructureDefinition/Informant"}]},{"id":"ClinicalDocument.informant:informant1","path":"ClinicalDocument.informant","sliceName":"informant1","short":"informant","definition":"MAY contain zero or more [0..*] informant (CONF:1198-8001) such that it","min":0,"max":"*","base":{"path":"ClinicalDocument.informant","min":0,"max":"*"},"type":[{"code":"http://hl7.org/fhir/cda/StructureDefinition/Informant"}]},{"id":"ClinicalDocument.informant:informant2","path":"ClinicalDocument.informant","sliceName":"informant2","short":"informant","definition":"MAY contain zero or more [0..*] informant (CONF:1198-31355) such that it","min":0,"max":"*","base":{"path":"ClinicalDocument.informant","min":0,"max":"*"},"type":[{"code":"http://hl7.org/fhir/cda/StructureDefinition/Informant"}]},{"id":"ClinicalDocument.custodian","path":"ClinicalDocument.custodian","short":"custodian","definition":"SHALL contain exactly one [1..1] custodian (CONF:1198-31096).","min":1,"max":"1","base":{"path":"ClinicalDocument.custodian","min":1,"max":"1"},"type":[{"code":"http://hl7.org/fhir/cda/StructureDefinition/Custodian"}]},{"id":"ClinicalDocument.informationRecipient","path":"ClinicalDocument.informationRecipient","short":"informationRecipient","definition":"MAY contain zero or more [0..*] informationRecipient (CONF:1198-5565).","min":0,"max":"*","base":{"path":"ClinicalDocument.informationRecipient","min":0,"max":"*"},"type":[{"code":"http://hl7.org/fhir/cda/StructureDefinition/InformationRecipient"}]},{"id":"ClinicalDocument.legalAuthenticator","path":"ClinicalDocument.legalAuthenticator","short":"legalAuthenticator","definition":"SHOULD contain zero or one [0..1] legalAuthenticator (CONF:1198-5579).","min":0,"max":"1","base":{"path":"ClinicalDocument.legalAuthenticator","min":0,"max":"1"},"type":[{"code":"http://hl7.org/fhir/cda/StructureDefinition/LegalAuthenticator"}]},{"id":"ClinicalDocument.authenticator","path":"ClinicalDocument.authenticator","slicing":{"discriminator":[{"type":"value","path":"signatureCode"}],"rules":"open"},"definition":"MAY contain zero or more [0..*] authenticator (CONF:1198-5607) such that it","min":0,"max":"*","base":{"path":"ClinicalDocument.authenticator","min":0,"max":"*"},"type":[{"code":"http://hl7.org/fhir/cda/StructureDefinition/Authenticator"}]},{"id":"ClinicalDocument.authenticator:authenticator1","path":"ClinicalDocument.authenticator","sliceName":"authenticator1","short":"authenticator","definition":"MAY contain zero or more [0..*] authenticator (CONF:1198-5607) such that it","min":0,"max":"*","base":{"path":"ClinicalDocument.authenticator","min":0,"max":"*"},"type":[{"code":"http://hl7.org/fhir/cda/StructureDefinition/Authenticator"}]},{"id":"ClinicalDocument.participant","path":"ClinicalDocument.participant","slicing":{"rules":"open"},"definition":"MAY contain zero or more [0..*] participant (CONF:1198-10003) such that it","min":0,"max":"*","base":{"path":"ClinicalDocument.participant","min":0,"max":"*"},"type":[{"code":"http://hl7.org/fhir/cda/StructureDefinition/Participant"}]},{"id":"ClinicalDocument.participant:participant1","path":"ClinicalDocument.participant","sliceName":"participant1","short":"participant","definition":"MAY contain zero or more [0..*] participant (CONF:1198-10003) such that it","min":0,"max":"*","base":{"path":"ClinicalDocument.participant","min":0,"max":"*"},"type":[{"code":"http://hl7.org/fhir/cda/StructureDefinition/Participant"}],"constraint":[{"key":"1198-10006","severity":"error","human":"**SHALL** contain associatedEntity/associatedPerson *AND/OR* associatedEntity/scopingOrganization (CONF:1198-10006)."},{"key":"1198-10007","severity":"warning","human":"When participant/@typeCode is *IND*, associatedEntity/@classCode **SHOULD** be selected from ValueSet 2.16.840.1.113883.11.20.9.33 INDRoleclassCodes *STATIC 2011-09-30* (CONF:1198-10007)."}]},{"id":"ClinicalDocument.inFulfillmentOf","path":"ClinicalDocument.inFulfillmentOf","short":"inFulfillmentOf","definition":"MAY contain zero or more [0..*] inFulfillmentOf (CONF:1198-9952).","min":0,"max":"*","base":{"path":"ClinicalDocument.inFulfillmentOf","min":0,"max":"*"},"type":[{"code":"http://hl7.org/fhir/cda/StructureDefinition/InFulfillmentOf"}]},{"id":"ClinicalDocument.documentationOf","path":"ClinicalDocument.documentationOf","short":"documentationOf","definition":"MAY contain zero or more [0..*] documentationOf (CONF:1198-14835).","min":0,"max":"*","base":{"path":"ClinicalDocument.documentationOf","min":0,"max":"*"},"type":[{"code":"http://hl7.org/fhir/cda/StructureDefinition/DocumentationOf"}]},{"id":"ClinicalDocument.relatedDocument","path":"ClinicalDocument.relatedDocument","min":0,"max":"*","base":{"path":"ClinicalDocument.relatedDocument","min":0,"max":"*"},"type":[{"code":"http://hl7.org/fhir/cda/StructureDefinition/RelatedDocument"}]},{"id":"ClinicalDocument.authorization","path":"ClinicalDocument.authorization","slicing":{"discriminator":[{"type":"value","path":"consent"}],"rules":"open"},"definition":"MAY contain zero or more [0..*] authorization (CONF:1198-16792) such that it","min":0,"max":"*","base":{"path":"ClinicalDocument.authorization","min":0,"max":"*"},"type":[{"code":"http://hl7.org/fhir/cda/StructureDefinition/Authorization"}]},{"id":"ClinicalDocument.authorization:authorization1","path":"ClinicalDocument.authorization","sliceName":"authorization1","short":"authorization","definition":"MAY contain zero or more [0..*] authorization (CONF:1198-16792) such that it","min":0,"max":"*","base":{"path":"ClinicalDocument.authorization","min":0,"max":"*"},"type":[{"code":"http://hl7.org/fhir/cda/StructureDefinition/Authorization"}]},{"id":"ClinicalDocument.componentOf","path":"ClinicalDocument.componentOf","short":"componentOf","definition":"MAY contain zero or one [0..1] componentOf (CONF:1198-9955).","min":0,"max":"1","base":{"path":"ClinicalDocument.componentOf","min":0,"max":"1"},"type":[{"code":"http://hl7.org/fhir/cda/StructureDefinition/ComponentOf"}]},{"id":"ClinicalDocument.component","path":"ClinicalDocument.component","short":"component","definition":"SHALL contain exactly one [1..1] component (CONF:1198-31085).","min":1,"max":"1","base":{"path":"ClinicalDocument.component","min":1,"max":"1"},"type":[{"code":"http://hl7.org/fhir/cda/StructureDefinition/Component2"}]}]},"differential":{"element":[{"id":"ClinicalDocument","path":"ClinicalDocument"},{"id":"ClinicalDocument.templateId","path":"ClinicalDocument.templateId","slicing":{"discriminator":[{"type":"value","path":"root"},{"type":"value","path":"extension"}],"rules":"open"},"definition":"SHALL contain exactly one [1..1] templateId (CONF:1198-7710) such that it"},{"id":"ClinicalDocument.templateId:templateId1","path":"ClinicalDocument.templateId","sliceName":"templateId1","short":"templateId","definition":"SHALL contain exactly one [1..1] templateId (CONF:1198-7710) such that it","min":1,"max":"1","constraint":[{"key":"1198-32944","severity":"error","human":"When asserting this templateId, all C-CDA 2.1 section and entry templates that had a previous version in C-CDA R1.1 **SHALL** include both the C-CDA 2.1 templateId and the C-CDA R1.1 templateId root without an extension. See C-CDA R2.1 Volume 1 - Design Considerations for additional detail (CONF:1198-32944)."}]},{"id":"ClinicalDocument.templateId:templateId1.root:templateId1","path":"ClinicalDocument.templateId.root","sliceName":"templateId1","short":"root","definition":"SHALL contain exactly one [1..1] @root=\"2.16.840.1.113883.10.20.22.1.10\" (CONF:1198-10054).","min":1,"max":"1","patternString":"2.16.840.1.113883.10.20.22.1.10"},{"id":"ClinicalDocument.templateId:templateId1.extension:templateId1","path":"ClinicalDocument.templateId.extension","sliceName":"templateId1","short":"extension","definition":"SHALL contain exactly one [1..1] @extension=\"2015-08-01\" (CONF:1198-32522).","min":1,"max":"1","patternString":"2015-08-01"},{"id":"ClinicalDocument.recordTarget","path":"ClinicalDocument.recordTarget","short":"recordTarget","definition":"SHALL contain at least one [1..*] recordTarget (CONF:1198-31089).","min":1,"max":"*"},{"id":"ClinicalDocument.recordTarget.patientRole","path":"ClinicalDocument.recordTarget.patientRole","short":"patientRole","definition":"Such recordTargets SHALL contain exactly one [1..1] patientRole (CONF:1198-31090).","min":1,"max":"1"},{"id":"ClinicalDocument.recordTarget.patientRole.id","path":"ClinicalDocument.recordTarget.patientRole.id","short":"id","definition":"This patientRole SHALL contain at least one [1..*] id (CONF:1198-31091).","min":1,"max":"*"},{"id":"ClinicalDocument.custodian","path":"ClinicalDocument.custodian","short":"custodian","definition":"SHALL contain exactly one [1..1] custodian (CONF:1198-31096).","min":1,"max":"1"},{"id":"ClinicalDocument.custodian.assignedCustodian","path":"ClinicalDocument.custodian.assignedCustodian","short":"assignedCustodian","definition":"This custodian SHALL contain exactly one [1..1] assignedCustodian (CONF:1198-31097).","min":1,"max":"1"},{"id":"ClinicalDocument.custodian.assignedCustodian.representedCustodianOrganization","path":"ClinicalDocument.custodian.assignedCustodian.representedCustodianOrganization","short":"representedCustodianOrganization","definition":"This assignedCustodian SHALL contain exactly one [1..1] representedCustodianOrganization (CONF:1198-31098).","min":1,"max":"1"},{"id":"ClinicalDocument.component","path":"ClinicalDocument.component","short":"component","definition":"SHALL contain exactly one [1..1] component (CONF:1198-31085).","min":1,"max":"1"},{"id":"ClinicalDocument.component.nonXMLBody","path":"ClinicalDocument.component.nonXMLBody","short":"nonXMLBody","definition":"This component SHALL contain exactly one [1..1] nonXMLBody (CONF:1198-31086).","min":1,"max":"1"},{"id":"ClinicalDocument.component.nonXMLBody.text","path":"ClinicalDocument.component.nonXMLBody.text","short":"text","definition":"This nonXMLBody SHALL contain exactly one [1..1] text (CONF:1198-31087).","min":1,"max":"1","constraint":[{"key":"1198-7624","severity":"error","human":"If the text element does not contain a reference element with a value attribute, then it **SHALL** contain exactly one [1..1] @representation=\"B64\" and exactly one [1..1] @mediaType (CONF:1198-7624)."},{"key":"1198-7623","severity":"error","human":"The value of @mediaType, if present, **SHALL** be drawn from the value set 2.16.840.1.113883.11.20.7.1 SupportedFileFormats STATIC 2010-05-12 (CONF:1198-7623)."}]}]}}