{"resourceType":"StructureDefinition","id":"1.3.6.1.4.1.19376.1.5.3.1.3.1","text":{"status":"generated","div":"<div xmlns=\"http://www.w3.org/1999/xhtml\"><table border=\"0\" cellpadding=\"0\" cellspacing=\"0\" style=\"border: 0px #F0F0F0 solid; font-size: 11px; font-family: verdana; vertical-align: top;\"><tr style=\"border: 1px #F0F0F0 solid; font-size: 11px; font-family: verdana; vertical-align: top;\"><th style=\"vertical-align: top; text-align : left; background-color: white; border: 0px #F0F0F0 solid; padding:0px 4px 0px 4px\" class=\"hierarchy\"><a href=\"http://build.fhir.org/formats.html#table\" title=\"The logical name of the element\">Name</a></th><th style=\"vertical-align: top; text-align : left; background-color: white; border: 0px #F0F0F0 solid; padding:0px 4px 0px 4px\" class=\"hierarchy\"><a href=\"http://build.fhir.org/formats.html#table\" title=\"Information about the use of the element\">Flags</a></th><th style=\"vertical-align: top; text-align : left; background-color: white; border: 0px #F0F0F0 solid; padding:0px 4px 0px 4px\" class=\"hierarchy\"><a href=\"http://build.fhir.org/formats.html#table\" title=\"Minimum and Maximum # of times the the element can appear in the instance\">Card.</a></th><th style=\"width: 100px\" class=\"hierarchy\"><a href=\"http://build.fhir.org/formats.html#table\" title=\"Reference to the type of the element\">Type</a></th><th style=\"vertical-align: top; text-align : left; background-color: white; border: 0px #F0F0F0 solid; padding:0px 4px 0px 4px\" class=\"hierarchy\"><a href=\"http://build.fhir.org/formats.html#table\" title=\"Additional information about the element\">Description &amp; Constraints</a><span style=\"float: right\"><a href=\"http://build.fhir.org/formats.html#table\" title=\"Legend for this format\"><img src=\"http://build.fhir.org/help16.png\" alt=\"doco\" style=\"background-color: inherit\"/></a></span></th></tr><tr style=\"border: 0px #F0F0F0 solid; padding:0px; vertical-align: top; background-color: white;\"><td style=\"vertical-align: top; text-align : left; background-color: white; border: 0px #F0F0F0 solid; padding:0px 4px 0px 4px; white-space: nowrap; background-image: url(tbl_bck1.png)\" class=\"hierarchy\"><img src=\"tbl_spacer.png\" alt=\".\" style=\"background-color: inherit\" class=\"hierarchy\"/><img src=\"icon_element.gif\" alt=\".\" style=\"background-color: white; background-color: inherit\" title=\"Element\" class=\"hierarchy\"/> <span title=\"null\">Section</span><a name=\"Section\"> </a></td><td style=\"vertical-align: top; text-align : left; background-color: white; border: 0px #F0F0F0 solid; padding:0px 4px 0px 4px\" class=\"hierarchy\"/><td style=\"vertical-align: top; text-align : left; background-color: white; border: 0px #F0F0F0 solid; padding:0px 4px 0px 4px\" class=\"hierarchy\"/><td style=\"vertical-align: top; text-align : left; background-color: white; border: 0px #F0F0F0 solid; padding:0px 4px 0px 4px\" class=\"hierarchy\"/><td style=\"vertical-align: top; text-align : left; background-color: white; border: 0px #F0F0F0 solid; padding:0px 4px 0px 4px\" class=\"hierarchy\"/></tr>\r\n<tr style=\"border: 0px #F0F0F0 solid; padding:0px; vertical-align: top; background-color: white;\"><td style=\"vertical-align: top; text-align : left; background-color: white; border: 0px #F0F0F0 solid; padding:0px 4px 0px 4px; white-space: nowrap; background-image: url(tbl_bck12.png)\" class=\"hierarchy\"><img src=\"tbl_spacer.png\" alt=\".\" style=\"background-color: inherit\" class=\"hierarchy\"/><img src=\"tbl_vjoin.png\" alt=\".\" style=\"background-color: inherit\" class=\"hierarchy\"/><img src=\"icon_slice.png\" alt=\".\" style=\"background-color: white; background-color: inherit\" title=\"Slice Definition\" class=\"hierarchy\"/> <span style=\"font-style: italic\" title=\"SHALL contain exactly one [1..1] templateId (CONF:1098-7844) such that it\">templateId</span><a name=\"Section.templateId\"> </a></td><td style=\"vertical-align: top; text-align : left; background-color: white; border: 0px #F0F0F0 solid; padding:0px 4px 0px 4px\" class=\"hierarchy\"/><td style=\"vertical-align: top; text-align : left; background-color: white; border: 0px #F0F0F0 solid; padding:0px 4px 0px 4px\" class=\"hierarchy\"/><td style=\"vertical-align: top; text-align : left; background-color: white; border: 0px #F0F0F0 solid; padding:0px 4px 0px 4px\" class=\"hierarchy\"/><td style=\"vertical-align: top; text-align : left; background-color: white; border: 0px #F0F0F0 solid; padding:0px 4px 0px 4px\" class=\"hierarchy\"><span style=\"font-weight:bold; font-style: italic\">Slice: </span><span style=\"font-style: italic\">Unordered, Open by value:root, value:extension</span></td></tr>\r\n<tr style=\"border: 0px #F0F0F0 solid; padding:0px; vertical-align: top; background-color: white;\"><td style=\"vertical-align: top; text-align : left; background-color: white; border: 0px #F0F0F0 solid; padding:0px 4px 0px 4px; white-space: nowrap; background-image: url(tbl_bck15.png)\" class=\"hierarchy\"><img src=\"tbl_spacer.png\" alt=\".\" style=\"background-color: inherit\" class=\"hierarchy\"/><img src=\"tbl_vjoin.png\" alt=\".\" style=\"background-color: inherit\" class=\"hierarchy\"/><img src=\"icon_element.gif\" alt=\".\" style=\"background-color: white; background-color: inherit\" title=\"Element\" class=\"hierarchy\"/> <span title=\"Slice templateId1: SHALL contain exactly one [1..1] templateId (CONF:1098-7844) such that it\">templateId</span><a name=\"Section.templateId\"> </a></td><td style=\"vertical-align: top; text-align : left; background-color: white; border: 0px #F0F0F0 solid; padding:0px 4px 0px 4px\" class=\"hierarchy\"/><td style=\"vertical-align: top; text-align : left; background-color: white; border: 0px #F0F0F0 solid; padding:0px 4px 0px 4px\" class=\"hierarchy\">1..1</td><td style=\"vertical-align: top; text-align : left; background-color: white; border: 0px #F0F0F0 solid; padding:0px 4px 0px 4px\" class=\"hierarchy\"/><td style=\"vertical-align: top; text-align : left; background-color: white; border: 0px #F0F0F0 solid; padding:0px 4px 0px 4px\" class=\"hierarchy\">templateId</td></tr>\r\n<tr style=\"border: 0px #F0F0F0 solid; padding:0px; vertical-align: top; background-color: white;\"><td style=\"vertical-align: top; text-align : left; background-color: white; border: 0px #F0F0F0 solid; padding:0px 4px 0px 4px; white-space: nowrap; background-image: url(tbl_bck154.png)\" class=\"hierarchy\"><img src=\"tbl_spacer.png\" alt=\".\" style=\"background-color: inherit\" class=\"hierarchy\"/><img src=\"tbl_vline.png\" alt=\".\" style=\"background-color: inherit\" class=\"hierarchy\"/><img src=\"tbl_vjoin_slice.png\" alt=\".\" style=\"background-color: inherit\" class=\"hierarchy\"/><img src=\"icon_element.gif\" alt=\".\" style=\"background-color: white; background-color: inherit\" title=\"Element\" class=\"hierarchy\"/> <span title=\"Slice templateId1: SHALL contain exactly one [1..1] @root=&quot;1.3.6.1.4.1.19376.1.5.3.1.3.1&quot; (CONF:1098-10468).\">root</span><a name=\"Section.templateId.root\"> </a></td><td style=\"vertical-align: top; text-align : left; background-color: white; border: 0px #F0F0F0 solid; padding:0px 4px 0px 4px\" class=\"hierarchy\"/><td style=\"vertical-align: top; text-align : left; background-color: white; border: 0px #F0F0F0 solid; padding:0px 4px 0px 4px\" class=\"hierarchy\">1..1</td><td style=\"vertical-align: top; text-align : left; background-color: white; border: 0px #F0F0F0 solid; padding:0px 4px 0px 4px\" class=\"hierarchy\"/><td style=\"vertical-align: top; text-align : left; background-color: white; border: 0px #F0F0F0 solid; padding:0px 4px 0px 4px\" class=\"hierarchy\">root<br/><span style=\"font-weight:bold\">Required Pattern: </span><span style=\"color: darkgreen\">1.3.6.1.4.1.19376.1.5.3.1.3.1</span></td></tr>\r\n<tr style=\"border: 0px #F0F0F0 solid; padding:0px; vertical-align: top; background-color: white;\"><td style=\"vertical-align: top; text-align : left; background-color: white; border: 0px #F0F0F0 solid; padding:0px 4px 0px 4px; white-space: nowrap; background-image: url(tbl_bck144.png)\" class=\"hierarchy\"><img src=\"tbl_spacer.png\" alt=\".\" style=\"background-color: inherit\" class=\"hierarchy\"/><img src=\"tbl_vline.png\" alt=\".\" style=\"background-color: inherit\" class=\"hierarchy\"/><img src=\"tbl_vjoin_end_slice.png\" alt=\".\" style=\"background-color: inherit\" class=\"hierarchy\"/><img src=\"icon_extension_simple.png\" alt=\".\" style=\"background-color: white; background-color: inherit\" title=\"Simple Extension\" class=\"hierarchy\"/> <span title=\"Slice templateId1: SHALL contain exactly one [1..1] @extension=&quot;2014-06-09&quot; (CONF:1098-32571).\">extension</span><a name=\"Section.templateId.extension\"> </a></td><td style=\"vertical-align: top; text-align : left; background-color: white; border: 0px #F0F0F0 solid; padding:0px 4px 0px 4px\" class=\"hierarchy\"/><td style=\"vertical-align: top; text-align : left; background-color: white; border: 0px #F0F0F0 solid; padding:0px 4px 0px 4px\" class=\"hierarchy\">1..1</td><td style=\"vertical-align: top; text-align : left; background-color: white; border: 0px #F0F0F0 solid; padding:0px 4px 0px 4px\" class=\"hierarchy\"/><td style=\"vertical-align: top; text-align : left; background-color: white; border: 0px #F0F0F0 solid; padding:0px 4px 0px 4px\" class=\"hierarchy\">extension<br/><span style=\"font-weight:bold\">Required Pattern: </span><span style=\"color: darkgreen\">2014-06-09</span></td></tr>\r\n<tr style=\"border: 0px #F0F0F0 solid; padding:0px; vertical-align: top; background-color: white;\"><td style=\"vertical-align: top; text-align : left; background-color: white; border: 0px #F0F0F0 solid; padding:0px 4px 0px 4px; white-space: nowrap; background-image: url(tbl_bck11.png)\" class=\"hierarchy\"><img src=\"tbl_spacer.png\" alt=\".\" style=\"background-color: inherit\" class=\"hierarchy\"/><img src=\"tbl_vjoin.png\" alt=\".\" style=\"background-color: inherit\" class=\"hierarchy\"/><img src=\"icon_element.gif\" alt=\".\" style=\"background-color: white; background-color: inherit\" title=\"Element\" class=\"hierarchy\"/> <span title=\"SHALL contain exactly one [1..1] code (CONF:1098-15427).\">code</span><a name=\"Section.code\"> </a></td><td style=\"vertical-align: top; text-align : left; background-color: white; border: 0px #F0F0F0 solid; padding:0px 4px 0px 4px\" class=\"hierarchy\"/><td style=\"vertical-align: top; text-align : left; background-color: white; border: 0px #F0F0F0 solid; padding:0px 4px 0px 4px\" class=\"hierarchy\">1..1</td><td style=\"vertical-align: top; text-align : left; background-color: white; border: 0px #F0F0F0 solid; padding:0px 4px 0px 4px\" class=\"hierarchy\"/><td style=\"vertical-align: top; text-align : left; background-color: white; border: 0px #F0F0F0 solid; padding:0px 4px 0px 4px\" class=\"hierarchy\">code</td></tr>\r\n<tr style=\"border: 0px #F0F0F0 solid; padding:0px; vertical-align: top; background-color: white;\"><td style=\"vertical-align: top; text-align : left; background-color: white; border: 0px #F0F0F0 solid; padding:0px 4px 0px 4px; white-space: nowrap; background-image: url(tbl_bck110.png)\" class=\"hierarchy\"><img src=\"tbl_spacer.png\" alt=\".\" style=\"background-color: inherit\" class=\"hierarchy\"/><img src=\"tbl_vline.png\" alt=\".\" style=\"background-color: inherit\" class=\"hierarchy\"/><img src=\"tbl_vjoin.png\" alt=\".\" style=\"background-color: inherit\" class=\"hierarchy\"/><img src=\"icon_element.gif\" alt=\".\" style=\"background-color: white; background-color: inherit\" title=\"Element\" class=\"hierarchy\"/> <span title=\"This code SHALL contain exactly one [1..1] @code=&quot;42349-1&quot; Reason for Referral (CONF:1098-15428).\">code</span><a name=\"Section.code.code\"> </a></td><td style=\"vertical-align: top; text-align : left; background-color: white; border: 0px #F0F0F0 solid; padding:0px 4px 0px 4px\" class=\"hierarchy\"/><td style=\"vertical-align: top; text-align : left; background-color: white; border: 0px #F0F0F0 solid; padding:0px 4px 0px 4px\" class=\"hierarchy\">1..1</td><td style=\"vertical-align: top; text-align : left; background-color: white; border: 0px #F0F0F0 solid; padding:0px 4px 0px 4px\" class=\"hierarchy\"/><td style=\"vertical-align: top; text-align : left; background-color: white; border: 0px #F0F0F0 solid; padding:0px 4px 0px 4px\" class=\"hierarchy\">code<br/><span style=\"font-weight:bold\">Required Pattern: </span><span style=\"color: darkgreen\">42349-1</span></td></tr>\r\n<tr style=\"border: 0px #F0F0F0 solid; padding:0px; vertical-align: top; background-color: white;\"><td style=\"vertical-align: top; text-align : left; background-color: white; border: 0px #F0F0F0 solid; padding:0px 4px 0px 4px; white-space: nowrap; background-image: url(tbl_bck100.png)\" class=\"hierarchy\"><img src=\"tbl_spacer.png\" alt=\".\" style=\"background-color: inherit\" class=\"hierarchy\"/><img src=\"tbl_vline.png\" alt=\".\" style=\"background-color: inherit\" class=\"hierarchy\"/><img src=\"tbl_vjoin_end.png\" alt=\".\" style=\"background-color: inherit\" class=\"hierarchy\"/><img src=\"icon_element.gif\" alt=\".\" style=\"background-color: white; background-color: inherit\" title=\"Element\" class=\"hierarchy\"/> <span title=\"This code SHALL contain exactly one [1..1] @codeSystem=&quot;2.16.840.1.113883.6.1&quot; (CodeSystem: LOINC urn:oid:2.16.840.1.113883.6.1) (CONF:1098-30867).\">codeSystem</span><a name=\"Section.code.codeSystem\"> </a></td><td style=\"vertical-align: top; text-align : left; background-color: white; border: 0px #F0F0F0 solid; padding:0px 4px 0px 4px\" class=\"hierarchy\"/><td style=\"vertical-align: top; text-align : left; background-color: white; border: 0px #F0F0F0 solid; padding:0px 4px 0px 4px\" class=\"hierarchy\">1..1</td><td style=\"vertical-align: top; text-align : left; background-color: white; border: 0px #F0F0F0 solid; padding:0px 4px 0px 4px\" class=\"hierarchy\"/><td style=\"vertical-align: top; text-align : left; background-color: white; border: 0px #F0F0F0 solid; padding:0px 4px 0px 4px\" class=\"hierarchy\">codeSystem<br/><span style=\"font-weight:bold\">Required Pattern: </span><span style=\"color: darkgreen\">2.16.840.1.113883.6.1</span></td></tr>\r\n<tr style=\"border: 0px #F0F0F0 solid; padding:0px; vertical-align: top; background-color: white;\"><td style=\"vertical-align: top; text-align : left; background-color: white; border: 0px #F0F0F0 solid; padding:0px 4px 0px 4px; white-space: nowrap; background-image: url(tbl_bck10.png)\" class=\"hierarchy\"><img src=\"tbl_spacer.png\" alt=\".\" style=\"background-color: inherit\" class=\"hierarchy\"/><img src=\"tbl_vjoin.png\" alt=\".\" style=\"background-color: inherit\" class=\"hierarchy\"/><img src=\"icon_element.gif\" alt=\".\" style=\"background-color: white; background-color: inherit\" title=\"Element\" class=\"hierarchy\"/> <span title=\"SHALL contain exactly one [1..1] title (CONF:1098-7846).\">title</span><a name=\"Section.title\"> </a></td><td style=\"vertical-align: top; text-align : left; background-color: white; border: 0px #F0F0F0 solid; padding:0px 4px 0px 4px\" class=\"hierarchy\"/><td style=\"vertical-align: top; text-align : left; background-color: white; border: 0px #F0F0F0 solid; padding:0px 4px 0px 4px\" class=\"hierarchy\">1..1</td><td style=\"vertical-align: top; text-align : left; background-color: white; border: 0px #F0F0F0 solid; padding:0px 4px 0px 4px\" class=\"hierarchy\"/><td style=\"vertical-align: top; text-align : left; background-color: white; border: 0px #F0F0F0 solid; padding:0px 4px 0px 4px\" class=\"hierarchy\">title</td></tr>\r\n<tr style=\"border: 0px #F0F0F0 solid; padding:0px; vertical-align: top; background-color: white;\"><td style=\"vertical-align: top; text-align : left; background-color: white; border: 0px #F0F0F0 solid; padding:0px 4px 0px 4px; white-space: nowrap; background-image: url(tbl_bck10.png)\" class=\"hierarchy\"><img src=\"tbl_spacer.png\" alt=\".\" style=\"background-color: inherit\" class=\"hierarchy\"/><img src=\"tbl_vjoin.png\" alt=\".\" style=\"background-color: inherit\" class=\"hierarchy\"/><img src=\"icon_element.gif\" alt=\".\" style=\"background-color: white; background-color: inherit\" title=\"Element\" class=\"hierarchy\"/> <span title=\"SHALL contain exactly one [1..1] text (CONF:1098-7847).\">text</span><a name=\"Section.text\"> </a></td><td style=\"vertical-align: top; text-align : left; background-color: white; border: 0px #F0F0F0 solid; padding:0px 4px 0px 4px\" class=\"hierarchy\"/><td style=\"vertical-align: top; text-align : left; background-color: white; border: 0px #F0F0F0 solid; padding:0px 4px 0px 4px\" class=\"hierarchy\">1..1</td><td style=\"vertical-align: top; text-align : left; background-color: white; border: 0px #F0F0F0 solid; padding:0px 4px 0px 4px\" class=\"hierarchy\"/><td style=\"vertical-align: top; text-align : left; background-color: white; border: 0px #F0F0F0 solid; padding:0px 4px 0px 4px\" class=\"hierarchy\">text</td></tr>\r\n<tr style=\"border: 0px #F0F0F0 solid; padding:0px; vertical-align: top; background-color: white;\"><td style=\"vertical-align: top; text-align : left; background-color: white; border: 0px #F0F0F0 solid; padding:0px 4px 0px 4px; white-space: nowrap; background-image: url(tbl_bck12.png)\" class=\"hierarchy\"><img src=\"tbl_spacer.png\" alt=\".\" style=\"background-color: inherit\" class=\"hierarchy\"/><img src=\"tbl_vjoin.png\" alt=\".\" style=\"background-color: inherit\" class=\"hierarchy\"/><img src=\"icon_slice.png\" alt=\".\" style=\"background-color: white; background-color: inherit\" title=\"Slice Definition\" class=\"hierarchy\"/> <span style=\"font-style: italic\" title=\"MAY contain zero or more [0..*] entry (CONF:1098-30808) such that it\">entry</span><a name=\"Section.entry\"> </a></td><td style=\"vertical-align: top; text-align : left; background-color: white; border: 0px #F0F0F0 solid; padding:0px 4px 0px 4px\" class=\"hierarchy\"/><td style=\"vertical-align: top; text-align : left; background-color: white; border: 0px #F0F0F0 solid; padding:0px 4px 0px 4px\" class=\"hierarchy\"/><td style=\"vertical-align: top; text-align : left; background-color: white; border: 0px #F0F0F0 solid; padding:0px 4px 0px 4px\" class=\"hierarchy\"/><td style=\"vertical-align: top; text-align : left; background-color: white; border: 0px #F0F0F0 solid; padding:0px 4px 0px 4px\" class=\"hierarchy\"><span style=\"font-weight:bold; font-style: italic\">Slice: </span><span style=\"font-style: italic\">Unordered, Open by value:act</span></td></tr>\r\n<tr style=\"border: 0px #F0F0F0 solid; padding:0px; vertical-align: top; background-color: white;\"><td style=\"vertical-align: top; text-align : left; background-color: white; border: 0px #F0F0F0 solid; padding:0px 4px 0px 4px; white-space: nowrap; background-image: url(tbl_bck05.png)\" class=\"hierarchy\"><img src=\"tbl_spacer.png\" alt=\".\" style=\"background-color: inherit\" class=\"hierarchy\"/><img src=\"tbl_vjoin_end.png\" alt=\".\" style=\"background-color: inherit\" class=\"hierarchy\"/><img src=\"icon_element.gif\" alt=\".\" style=\"background-color: white; background-color: inherit\" title=\"Element\" class=\"hierarchy\"/> <span title=\"Slice entry1: MAY contain zero or more [0..*] entry (CONF:1098-30808) such that it\">entry</span><a name=\"Section.entry\"> </a></td><td style=\"vertical-align: top; text-align : left; background-color: white; border: 0px #F0F0F0 solid; padding:0px 4px 0px 4px\" class=\"hierarchy\"/><td style=\"vertical-align: top; text-align : left; background-color: white; border: 0px #F0F0F0 solid; padding:0px 4px 0px 4px\" class=\"hierarchy\">0..*</td><td style=\"vertical-align: top; text-align : left; background-color: white; border: 0px #F0F0F0 solid; padding:0px 4px 0px 4px\" class=\"hierarchy\"/><td style=\"vertical-align: top; text-align : left; background-color: white; border: 0px #F0F0F0 solid; padding:0px 4px 0px 4px\" class=\"hierarchy\">entry<br/></td></tr>\r\n<tr style=\"border: 0px #F0F0F0 solid; padding:0px; vertical-align: top; background-color: white;\"><td style=\"vertical-align: top; text-align : left; background-color: white; border: 0px #F0F0F0 solid; padding:0px 4px 0px 4px; white-space: nowrap; background-image: url(tbl_bck044.png)\" class=\"hierarchy\"><img src=\"tbl_spacer.png\" alt=\".\" style=\"background-color: inherit\" class=\"hierarchy\"/><img src=\"tbl_blank.png\" alt=\".\" style=\"background-color: inherit\" class=\"hierarchy\"/><img src=\"tbl_vjoin_end_slice.png\" alt=\".\" style=\"background-color: inherit\" class=\"hierarchy\"/><img src=\"icon_resource.png\" alt=\".\" style=\"background-color: white; background-color: inherit\" title=\"Resource\" class=\"hierarchy\"/> <span title=\"Slice entry1: SHALL contain exactly one [1..1] Patient Referral Act (identifier: urn:oid:2.16.840.1.113883.10.20.22.4.140) (CONF:1098-30897).\">act</span><a name=\"Section.entry.act\"> </a></td><td style=\"vertical-align: top; text-align : left; background-color: white; border: 0px #F0F0F0 solid; padding:0px 4px 0px 4px\" class=\"hierarchy\"/><td style=\"vertical-align: top; text-align : left; background-color: white; border: 0px #F0F0F0 solid; padding:0px 4px 0px 4px\" class=\"hierarchy\">1..1</td><td style=\"vertical-align: top; text-align : left; background-color: white; border: 0px #F0F0F0 solid; padding:0px 4px 0px 4px\" class=\"hierarchy\"><a href=\"https://build.fhir.org/ig/HL7/fhir-cda//StructureDefinition-Act.html\">http://hl7.org/fhir/cda/StructureDefinition/Act</a></td><td style=\"vertical-align: top; text-align : left; background-color: white; border: 0px #F0F0F0 solid; padding:0px 4px 0px 4px\" class=\"hierarchy\">act</td></tr>\r\n<tr><td colspan=\"5\" class=\"hierarchy\"><br/><a href=\"http://build.fhir.org/formats.html#table\" title=\"Legend for this format\"><img src=\"http://build.fhir.org/help16.png\" alt=\"doco\" style=\"background-color: inherit\"/> Documentation for this format</a></td></tr></table></div>"},"url":"http://hl7.org/cda/us/ccda/StructureDefinition/1.3.6.1.4.1.19376.1.5.3.1.3.1","identifier":[{"value":"urn:hl7ii:1.3.6.1.4.1.19376.1.5.3.1.3.1:2014-06-09"}],"version":"0.0.1","name":"Reason for Referral Section (V2)","status":"active","date":"2019-05-23T14:53:48-07:00","contact":[{"name":"Gaye Dolin","telecom":[{"system":"phone","value":"714-744-4152","use":"work"},{"system":"email","value":"gaye.dolin@lantanagroup.com","use":"work"}]}],"description":"This section describes the clinical reason why a provider is sending a patient to another provider for care. The reason for referral may become the reason for visit documented by the receiving provider.","fhirVersion":"4.0.0","kind":"resource","abstract":false,"type":"Section","baseDefinition":"http://hl7.org/fhir/cda/StructureDefinition/Section","derivation":"constraint","snapshot":{"element":[{"id":"Section","path":"Section","min":1,"max":"1","base":{"path":"Section","min":1,"max":"1"}},{"id":"Section.nullFlavor","path":"Section.nullFlavor","representation":["xmlAttr"],"label":"Exceptional Value Detail","definition":"If a value is an exceptional value (NULL-value), this specifies in what way and why proper information is missing.","min":0,"max":"1","base":{"path":"Section.nullFlavor","min":0,"max":"1"},"type":[{"code":"code"}],"binding":{"strength":"required","valueSet":"http://hl7.org/fhir/ValueSet/v3-NullFlavor"}},{"id":"Section.realmCode","path":"Section.realmCode","definition":"When valued in an instance, this attribute signals the imposition of realm-specific constraints. The value of this attribute identifies the realm in question","min":0,"max":"*","base":{"path":"Section.realmCode","min":0,"max":"*"},"type":[{"code":"http://hl7.org/fhir/cda/StructureDefinition/CS"}]},{"id":"Section.typeId","path":"Section.typeId","definition":"When valued in an instance, this attribute signals the imposition of constraints defined in an HL7-specified message type. This might be a common type (also known as CMET in the messaging communication environment), or content included within a wrapper. The value of this attribute provides a unique identifier for the type in question.","min":0,"max":"1","base":{"path":"Section.typeId","min":0,"max":"1"},"type":[{"code":"http://hl7.org/fhir/cda/StructureDefinition/II"}]},{"id":"Section.templateId","path":"Section.templateId","slicing":{"discriminator":[{"type":"value","path":"root"},{"type":"value","path":"extension"}],"rules":"open"},"definition":"SHALL contain exactly one [1..1] templateId (CONF:1098-7844) such that it","min":0,"max":"*","base":{"path":"Section.templateId","min":0,"max":"*"},"type":[{"code":"http://hl7.org/fhir/cda/StructureDefinition/II"}]},{"id":"Section.templateId:templateId1","path":"Section.templateId","sliceName":"templateId1","short":"templateId","definition":"SHALL contain exactly one [1..1] templateId (CONF:1098-7844) such that it","min":1,"max":"1","base":{"path":"Section.templateId","min":0,"max":"*"},"type":[{"code":"http://hl7.org/fhir/cda/StructureDefinition/II"}]},{"id":"Section.classCode","path":"Section.classCode","representation":["xmlAttr"],"min":1,"max":"1","base":{"path":"Section.classCode","min":1,"max":"1"},"type":[{"code":"code"}],"defaultValueCode":"DOCSECT","fixedCode":"DOCSECT","mustSupport":true,"binding":{"strength":"required","valueSet":"http://hl7.org/fhir/ValueSet/v3-ActClassOrganizer"}},{"id":"Section.moodCode","path":"Section.moodCode","representation":["xmlAttr"],"min":1,"max":"1","base":{"path":"Section.moodCode","min":1,"max":"1"},"type":[{"code":"code"}],"defaultValueCode":"EVN","fixedCode":"EVN","mustSupport":true,"binding":{"strength":"required","valueSet":"http://hl7.org/fhir/ValueSet/v3-ActMood"}},{"id":"Section.id","path":"Section.id","min":0,"max":"1","base":{"path":"Section.id","min":0,"max":"1"},"type":[{"code":"http://hl7.org/fhir/cda/StructureDefinition/II"}]},{"id":"Section.code","path":"Section.code","short":"code","definition":"SHALL contain exactly one [1..1] code (CONF:1098-15427).","min":1,"max":"1","base":{"path":"Section.code","min":0,"max":"1"},"type":[{"code":"http://hl7.org/fhir/cda/StructureDefinition/CE"}]},{"id":"Section.title","path":"Section.title","short":"title","definition":"SHALL contain exactly one [1..1] title (CONF:1098-7846).","min":1,"max":"1","base":{"path":"Section.title","min":0,"max":"1"},"type":[{"code":"http://hl7.org/fhir/cda/StructureDefinition/ST"}]},{"id":"Section.text","path":"Section.text","representation":["cdaText"],"short":"text","definition":"SHALL contain exactly one [1..1] text (CONF:1098-7847).","min":1,"max":"1","base":{"path":"Section.text","min":0,"max":"1"},"type":[{"code":"xhtml"}],"mustSupport":true},{"id":"Section.confidentialityCode","path":"Section.confidentialityCode","min":0,"max":"1","base":{"path":"Section.confidentialityCode","min":0,"max":"1"},"type":[{"code":"http://hl7.org/fhir/cda/StructureDefinition/CE"}]},{"id":"Section.languageCode","path":"Section.languageCode","min":0,"max":"1","base":{"path":"Section.languageCode","min":0,"max":"1"},"type":[{"code":"http://hl7.org/fhir/cda/StructureDefinition/CS"}],"binding":{"strength":"required","valueSet":"http://hl7.org/fhir/ValueSet/v3-HumanLanguage"}},{"id":"Section.subject","path":"Section.subject","min":0,"max":"1","base":{"path":"Section.subject","min":0,"max":"1"},"type":[{"code":"Element"}]},{"id":"Section.subject.nullFlavor","path":"Section.subject.nullFlavor","representation":["xmlAttr"],"label":"Exceptional Value Detail","definition":"If a value is an exceptional value (NULL-value), this specifies in what way and why proper information is missing.","min":0,"max":"1","base":{"path":"Section.subject.nullFlavor","min":0,"max":"1"},"type":[{"code":"code"}],"binding":{"strength":"required","valueSet":"http://hl7.org/fhir/ValueSet/v3-NullFlavor"}},{"id":"Section.subject.realmCode","path":"Section.subject.realmCode","definition":"When valued in an instance, this attribute signals the imposition of realm-specific constraints. The value of this attribute identifies the realm in question","min":0,"max":"*","base":{"path":"Section.subject.realmCode","min":0,"max":"*"},"type":[{"code":"http://hl7.org/fhir/cda/StructureDefinition/CS"}]},{"id":"Section.subject.typeId","path":"Section.subject.typeId","definition":"When valued in an instance, this attribute signals the imposition of constraints defined in an HL7-specified message type. This might be a common type (also known as CMET in the messaging communication environment), or content included within a wrapper. The value of this attribute provides a unique identifier for the type in question.","min":0,"max":"1","base":{"path":"Section.subject.typeId","min":0,"max":"1"},"type":[{"code":"http://hl7.org/fhir/cda/StructureDefinition/II"}]},{"id":"Section.subject.templateId","path":"Section.subject.templateId","definition":"When valued in an instance, this attribute signals the imposition of a set of template-defined constraints. The value of this attribute provides a unique identifier for the templates in question","min":0,"max":"*","base":{"path":"Section.subject.templateId","min":0,"max":"*"},"type":[{"code":"http://hl7.org/fhir/cda/StructureDefinition/II"}]},{"id":"Section.subject.typeCode","path":"Section.subject.typeCode","representation":["xmlAttr"],"min":1,"max":"1","base":{"path":"Section.subject.typeCode","min":1,"max":"1"},"type":[{"code":"code"}],"defaultValueCode":"SBJ","fixedCode":"SBJ","mustSupport":true,"binding":{"strength":"required","valueSet":"http://hl7.org/fhir/ValueSet/v3-ParticipationTargetSubject"}},{"id":"Section.subject.contextControlCode","path":"Section.subject.contextControlCode","representation":["xmlAttr"],"min":1,"max":"1","base":{"path":"Section.subject.contextControlCode","min":1,"max":"1"},"type":[{"code":"code"}],"defaultValueCode":"OP","fixedCode":"OP","mustSupport":true,"binding":{"strength":"required","valueSet":"http://hl7.org/fhir/ValueSet/v3-ContextControl"}},{"id":"Section.subject.awarenessCode","path":"Section.subject.awarenessCode","min":0,"max":"1","base":{"path":"Section.subject.awarenessCode","min":0,"max":"1"},"type":[{"code":"http://hl7.org/fhir/cda/StructureDefinition/CE"}],"binding":{"strength":"extensible","valueSet":"http://hl7.org/fhir/ValueSet/v3-TargetAwareness"}},{"id":"Section.subject.relatedSubject","path":"Section.subject.relatedSubject","min":1,"max":"1","base":{"path":"Section.subject.relatedSubject","min":1,"max":"1"},"type":[{"code":"http://hl7.org/fhir/cda/StructureDefinition/RelatedSubject"}]},{"id":"Section.author","path":"Section.author","min":0,"max":"*","base":{"path":"Section.author","min":0,"max":"*"},"type":[{"code":"Element"}]},{"id":"Section.author.nullFlavor","path":"Section.author.nullFlavor","representation":["xmlAttr"],"label":"Exceptional Value Detail","definition":"If a value is an exceptional value (NULL-value), this specifies in what way and why proper information is missing.","min":0,"max":"1","base":{"path":"Section.author.nullFlavor","min":0,"max":"1"},"type":[{"code":"code"}],"binding":{"strength":"required","valueSet":"http://hl7.org/fhir/ValueSet/v3-NullFlavor"}},{"id":"Section.author.realmCode","path":"Section.author.realmCode","definition":"When valued in an instance, this attribute signals the imposition of realm-specific constraints. The value of this attribute identifies the realm in question","min":0,"max":"*","base":{"path":"Section.author.realmCode","min":0,"max":"*"},"type":[{"code":"http://hl7.org/fhir/cda/StructureDefinition/CS"}]},{"id":"Section.author.typeId","path":"Section.author.typeId","definition":"When valued in an instance, this attribute signals the imposition of constraints defined in an HL7-specified message type. This might be a common type (also known as CMET in the messaging communication environment), or content included within a wrapper. The value of this attribute provides a unique identifier for the type in question.","min":0,"max":"1","base":{"path":"Section.author.typeId","min":0,"max":"1"},"type":[{"code":"http://hl7.org/fhir/cda/StructureDefinition/II"}]},{"id":"Section.author.templateId","path":"Section.author.templateId","definition":"When valued in an instance, this attribute signals the imposition of a set of template-defined constraints. The value of this attribute provides a unique identifier for the templates in question","min":0,"max":"*","base":{"path":"Section.author.templateId","min":0,"max":"*"},"type":[{"code":"http://hl7.org/fhir/cda/StructureDefinition/II"}]},{"id":"Section.author.typeCode","path":"Section.author.typeCode","representation":["xmlAttr"],"min":1,"max":"1","base":{"path":"Section.author.typeCode","min":1,"max":"1"},"type":[{"code":"code"}],"defaultValueCode":"AUT","fixedCode":"AUT","mustSupport":true,"binding":{"strength":"required","valueSet":"http://hl7.org/fhir/ValueSet/v3-ParticipationInformationTranscriber"}},{"id":"Section.author.functionCode","path":"Section.author.functionCode","min":0,"max":"1","base":{"path":"Section.author.functionCode","min":0,"max":"1"},"type":[{"code":"http://hl7.org/fhir/cda/StructureDefinition/CE"}],"binding":{"strength":"extensible","valueSet":"http://hl7.org/fhir/ValueSet/v3-ParticipationFunction"}},{"id":"Section.author.contextControlCode","path":"Section.author.contextControlCode","representation":["xmlAttr"],"min":1,"max":"1","base":{"path":"Section.author.contextControlCode","min":1,"max":"1"},"type":[{"code":"code"}],"defaultValueCode":"OP","fixedCode":"OP","mustSupport":true,"binding":{"strength":"required","valueSet":"http://hl7.org/fhir/ValueSet/v3-ContextControl"}},{"id":"Section.author.time","path":"Section.author.time","min":1,"max":"1","base":{"path":"Section.author.time","min":1,"max":"1"},"type":[{"code":"http://hl7.org/fhir/cda/StructureDefinition/TS"}],"mustSupport":true},{"id":"Section.author.assignedAuthor","path":"Section.author.assignedAuthor","min":1,"max":"1","base":{"path":"Section.author.assignedAuthor","min":1,"max":"1"},"type":[{"code":"http://hl7.org/fhir/cda/StructureDefinition/AssignedAuthor"}]},{"id":"Section.informant","path":"Section.informant","min":0,"max":"*","base":{"path":"Section.informant","min":0,"max":"*"},"type":[{"code":"Element"}]},{"id":"Section.informant.nullFlavor","path":"Section.informant.nullFlavor","representation":["xmlAttr"],"label":"Exceptional Value Detail","definition":"If a value is an exceptional value (NULL-value), this specifies in what way and why proper information is missing.","min":0,"max":"1","base":{"path":"Section.informant.nullFlavor","min":0,"max":"1"},"type":[{"code":"code"}],"binding":{"strength":"required","valueSet":"http://hl7.org/fhir/ValueSet/v3-NullFlavor"}},{"id":"Section.informant.realmCode","path":"Section.informant.realmCode","definition":"When valued in an instance, this attribute signals the imposition of realm-specific constraints. The value of this attribute identifies the realm in question","min":0,"max":"*","base":{"path":"Section.informant.realmCode","min":0,"max":"*"},"type":[{"code":"http://hl7.org/fhir/cda/StructureDefinition/CS"}]},{"id":"Section.informant.typeId","path":"Section.informant.typeId","definition":"When valued in an instance, this attribute signals the imposition of constraints defined in an HL7-specified message type. This might be a common type (also known as CMET in the messaging communication environment), or content included within a wrapper. The value of this attribute provides a unique identifier for the type in question.","min":0,"max":"1","base":{"path":"Section.informant.typeId","min":0,"max":"1"},"type":[{"code":"http://hl7.org/fhir/cda/StructureDefinition/II"}]},{"id":"Section.informant.templateId","path":"Section.informant.templateId","definition":"When valued in an instance, this attribute signals the imposition of a set of template-defined constraints. The value of this attribute provides a unique identifier for the templates in question","min":0,"max":"*","base":{"path":"Section.informant.templateId","min":0,"max":"*"},"type":[{"code":"http://hl7.org/fhir/cda/StructureDefinition/II"}]},{"id":"Section.informant.typeCode","path":"Section.informant.typeCode","representation":["xmlAttr"],"min":1,"max":"1","base":{"path":"Section.informant.typeCode","min":1,"max":"1"},"type":[{"code":"code"}],"defaultValueCode":"INF","fixedCode":"INF","mustSupport":true,"binding":{"strength":"required","valueSet":"http://hl7.org/fhir/ValueSet/v3-ParticipationInformationGenerator"}},{"id":"Section.informant.contextControlCode","path":"Section.informant.contextControlCode","representation":["xmlAttr"],"min":1,"max":"1","base":{"path":"Section.informant.contextControlCode","min":1,"max":"1"},"type":[{"code":"code"}],"defaultValueCode":"OP","fixedCode":"OP","mustSupport":true,"binding":{"strength":"required","valueSet":"http://hl7.org/fhir/ValueSet/v3-ContextControl"}},{"id":"Section.informant.assignedEntity","path":"Section.informant.assignedEntity","min":0,"max":"1","base":{"path":"Section.informant.assignedEntity","min":0,"max":"1"},"type":[{"code":"http://hl7.org/fhir/cda/StructureDefinition/AssignedEntity"}]},{"id":"Section.informant.relatedEntity","path":"Section.informant.relatedEntity","min":0,"max":"1","base":{"path":"Section.informant.relatedEntity","min":0,"max":"1"},"type":[{"code":"http://hl7.org/fhir/cda/StructureDefinition/RelatedEntity"}]},{"id":"Section.entry","path":"Section.entry","slicing":{"discriminator":[{"type":"value","path":"act"}],"rules":"open"},"definition":"MAY contain zero or more [0..*] entry (CONF:1098-30808) such that it","min":0,"max":"*","base":{"path":"Section.entry","min":0,"max":"*"},"type":[{"code":"Element"}]},{"id":"Section.entry.nullFlavor","path":"Section.entry.nullFlavor","representation":["xmlAttr"],"label":"Exceptional Value Detail","definition":"If a value is an exceptional value (NULL-value), this specifies in what way and why proper information is missing.","min":0,"max":"1","base":{"path":"Section.entry.nullFlavor","min":0,"max":"1"},"type":[{"code":"code"}],"binding":{"strength":"required","valueSet":"http://hl7.org/fhir/ValueSet/v3-NullFlavor"}},{"id":"Section.entry.realmCode","path":"Section.entry.realmCode","definition":"When valued in an instance, this attribute signals the imposition of realm-specific constraints. The value of this attribute identifies the realm in question","min":0,"max":"*","base":{"path":"Section.entry.realmCode","min":0,"max":"*"},"type":[{"code":"http://hl7.org/fhir/cda/StructureDefinition/CS"}]},{"id":"Section.entry.typeId","path":"Section.entry.typeId","definition":"When valued in an instance, this attribute signals the imposition of constraints defined in an HL7-specified message type. This might be a common type (also known as CMET in the messaging communication environment), or content included within a wrapper. The value of this attribute provides a unique identifier for the type in question.","min":0,"max":"1","base":{"path":"Section.entry.typeId","min":0,"max":"1"},"type":[{"code":"http://hl7.org/fhir/cda/StructureDefinition/II"}]},{"id":"Section.entry.templateId","path":"Section.entry.templateId","definition":"When valued in an instance, this attribute signals the imposition of a set of template-defined constraints. The value of this attribute provides a unique identifier for the templates in question","min":0,"max":"*","base":{"path":"Section.entry.templateId","min":0,"max":"*"},"type":[{"code":"http://hl7.org/fhir/cda/StructureDefinition/II"}]},{"id":"Section.entry.typeCode","path":"Section.entry.typeCode","representation":["xmlAttr"],"min":1,"max":"1","base":{"path":"Section.entry.typeCode","min":1,"max":"1"},"type":[{"code":"code"}],"defaultValueCode":"COMP","mustSupport":true},{"id":"Section.entry.contextConductionInd","path":"Section.entry.contextConductionInd","representation":["xmlAttr"],"min":1,"max":"1","base":{"path":"Section.entry.contextConductionInd","min":1,"max":"1"},"type":[{"code":"boolean"}],"defaultValueBoolean":true,"mustSupport":true},{"id":"Section.entry.observation","path":"Section.entry.observation","min":0,"max":"1","base":{"path":"Section.entry.observation","min":0,"max":"1"},"type":[{"code":"http://hl7.org/fhir/cda/StructureDefinition/Observation"}]},{"id":"Section.entry.regionOfInterest","path":"Section.entry.regionOfInterest","min":0,"max":"1","base":{"path":"Section.entry.regionOfInterest","min":0,"max":"1"},"type":[{"code":"http://hl7.org/fhir/cda/StructureDefinition/RegionOfInterest"}]},{"id":"Section.entry.observationMedia","path":"Section.entry.observationMedia","min":0,"max":"1","base":{"path":"Section.entry.observationMedia","min":0,"max":"1"},"type":[{"code":"http://hl7.org/fhir/cda/StructureDefinition/ObservationMedia"}]},{"id":"Section.entry.substanceAdministration","path":"Section.entry.substanceAdministration","min":0,"max":"1","base":{"path":"Section.entry.substanceAdministration","min":0,"max":"1"},"type":[{"code":"http://hl7.org/fhir/cda/StructureDefinition/SubstanceAdministration"}]},{"id":"Section.entry.supply","path":"Section.entry.supply","min":0,"max":"1","base":{"path":"Section.entry.supply","min":0,"max":"1"},"type":[{"code":"http://hl7.org/fhir/cda/StructureDefinition/Supply"}]},{"id":"Section.entry.procedure","path":"Section.entry.procedure","min":0,"max":"1","base":{"path":"Section.entry.procedure","min":0,"max":"1"},"type":[{"code":"http://hl7.org/fhir/cda/StructureDefinition/Procedure"}]},{"id":"Section.entry.encounter","path":"Section.entry.encounter","min":0,"max":"1","base":{"path":"Section.entry.encounter","min":0,"max":"1"},"type":[{"code":"http://hl7.org/fhir/cda/StructureDefinition/Encounter"}]},{"id":"Section.entry.organizer","path":"Section.entry.organizer","min":0,"max":"1","base":{"path":"Section.entry.organizer","min":0,"max":"1"},"type":[{"code":"http://hl7.org/fhir/cda/StructureDefinition/Organizer"}]},{"id":"Section.entry.act","path":"Section.entry.act","min":0,"max":"1","base":{"path":"Section.entry.act","min":0,"max":"1"},"type":[{"code":"http://hl7.org/fhir/cda/StructureDefinition/Act"}]},{"id":"Section.entry:entry1","path":"Section.entry","sliceName":"entry1","short":"entry","definition":"MAY contain zero or more [0..*] entry (CONF:1098-30808) such that it","min":0,"max":"*","base":{"path":"Section.entry","min":0,"max":"*"},"type":[{"code":"Element"}]},{"id":"Section.entry:entry1.nullFlavor","path":"Section.entry.nullFlavor","representation":["xmlAttr"],"label":"Exceptional Value Detail","definition":"If a value is an exceptional value (NULL-value), this specifies in what way and why proper information is missing.","min":0,"max":"1","base":{"path":"Section.entry.nullFlavor","min":0,"max":"1"},"type":[{"code":"code"}],"binding":{"strength":"required","valueSet":"http://hl7.org/fhir/ValueSet/v3-NullFlavor"}},{"id":"Section.entry:entry1.realmCode","path":"Section.entry.realmCode","definition":"When valued in an instance, this attribute signals the imposition of realm-specific constraints. The value of this attribute identifies the realm in question","min":0,"max":"*","base":{"path":"Section.entry.realmCode","min":0,"max":"*"},"type":[{"code":"http://hl7.org/fhir/cda/StructureDefinition/CS"}]},{"id":"Section.entry:entry1.typeId","path":"Section.entry.typeId","definition":"When valued in an instance, this attribute signals the imposition of constraints defined in an HL7-specified message type. This might be a common type (also known as CMET in the messaging communication environment), or content included within a wrapper. The value of this attribute provides a unique identifier for the type in question.","min":0,"max":"1","base":{"path":"Section.entry.typeId","min":0,"max":"1"},"type":[{"code":"http://hl7.org/fhir/cda/StructureDefinition/II"}]},{"id":"Section.entry:entry1.templateId","path":"Section.entry.templateId","definition":"When valued in an instance, this attribute signals the imposition of a set of template-defined constraints. The value of this attribute provides a unique identifier for the templates in question","min":0,"max":"*","base":{"path":"Section.entry.templateId","min":0,"max":"*"},"type":[{"code":"http://hl7.org/fhir/cda/StructureDefinition/II"}]},{"id":"Section.entry:entry1.typeCode","path":"Section.entry.typeCode","representation":["xmlAttr"],"min":1,"max":"1","base":{"path":"Section.entry.typeCode","min":1,"max":"1"},"type":[{"code":"code"}],"defaultValueCode":"COMP","mustSupport":true},{"id":"Section.entry:entry1.contextConductionInd","path":"Section.entry.contextConductionInd","representation":["xmlAttr"],"min":1,"max":"1","base":{"path":"Section.entry.contextConductionInd","min":1,"max":"1"},"type":[{"code":"boolean"}],"defaultValueBoolean":true,"mustSupport":true},{"id":"Section.entry:entry1.observation","path":"Section.entry.observation","min":0,"max":"1","base":{"path":"Section.entry.observation","min":0,"max":"1"},"type":[{"code":"http://hl7.org/fhir/cda/StructureDefinition/Observation"}]},{"id":"Section.entry:entry1.regionOfInterest","path":"Section.entry.regionOfInterest","min":0,"max":"1","base":{"path":"Section.entry.regionOfInterest","min":0,"max":"1"},"type":[{"code":"http://hl7.org/fhir/cda/StructureDefinition/RegionOfInterest"}]},{"id":"Section.entry:entry1.observationMedia","path":"Section.entry.observationMedia","min":0,"max":"1","base":{"path":"Section.entry.observationMedia","min":0,"max":"1"},"type":[{"code":"http://hl7.org/fhir/cda/StructureDefinition/ObservationMedia"}]},{"id":"Section.entry:entry1.substanceAdministration","path":"Section.entry.substanceAdministration","min":0,"max":"1","base":{"path":"Section.entry.substanceAdministration","min":0,"max":"1"},"type":[{"code":"http://hl7.org/fhir/cda/StructureDefinition/SubstanceAdministration"}]},{"id":"Section.entry:entry1.supply","path":"Section.entry.supply","min":0,"max":"1","base":{"path":"Section.entry.supply","min":0,"max":"1"},"type":[{"code":"http://hl7.org/fhir/cda/StructureDefinition/Supply"}]},{"id":"Section.entry:entry1.procedure","path":"Section.entry.procedure","min":0,"max":"1","base":{"path":"Section.entry.procedure","min":0,"max":"1"},"type":[{"code":"http://hl7.org/fhir/cda/StructureDefinition/Procedure"}]},{"id":"Section.entry:entry1.encounter","path":"Section.entry.encounter","min":0,"max":"1","base":{"path":"Section.entry.encounter","min":0,"max":"1"},"type":[{"code":"http://hl7.org/fhir/cda/StructureDefinition/Encounter"}]},{"id":"Section.entry:entry1.organizer","path":"Section.entry.organizer","min":0,"max":"1","base":{"path":"Section.entry.organizer","min":0,"max":"1"},"type":[{"code":"http://hl7.org/fhir/cda/StructureDefinition/Organizer"}]},{"id":"Section.entry:entry1.act:entry1","path":"Section.entry.act","sliceName":"entry1","short":"act","definition":"SHALL contain exactly one [1..1] Patient Referral Act (identifier: urn:oid:2.16.840.1.113883.10.20.22.4.140) (CONF:1098-30897).","min":1,"max":"1","base":{"path":"Section.entry.act","min":0,"max":"1"},"type":[{"code":"http://hl7.org/fhir/cda/StructureDefinition/Act","targetProfile":["http://hl7.org/cda/us/ccda/StructureDefinition/2.16.840.1.113883.10.20.22.4.140"]}]},{"id":"Section.component","path":"Section.component","min":0,"max":"*","base":{"path":"Section.component","min":0,"max":"*"},"type":[{"code":"Element"}]},{"id":"Section.component.nullFlavor","path":"Section.component.nullFlavor","representation":["xmlAttr"],"label":"Exceptional Value Detail","definition":"If a value is an exceptional value (NULL-value), this specifies in what way and why proper information is missing.","min":0,"max":"1","base":{"path":"Section.component.nullFlavor","min":0,"max":"1"},"type":[{"code":"code"}],"binding":{"strength":"required","valueSet":"http://hl7.org/fhir/ValueSet/v3-NullFlavor"}},{"id":"Section.component.realmCode","path":"Section.component.realmCode","definition":"When valued in an instance, this attribute signals the imposition of realm-specific constraints. The value of this attribute identifies the realm in question","min":0,"max":"*","base":{"path":"Section.component.realmCode","min":0,"max":"*"},"type":[{"code":"http://hl7.org/fhir/cda/StructureDefinition/CS"}]},{"id":"Section.component.typeId","path":"Section.component.typeId","definition":"When valued in an instance, this attribute signals the imposition of constraints defined in an HL7-specified message type. This might be a common type (also known as CMET in the messaging communication environment), or content included within a wrapper. The value of this attribute provides a unique identifier for the type in question.","min":0,"max":"1","base":{"path":"Section.component.typeId","min":0,"max":"1"},"type":[{"code":"http://hl7.org/fhir/cda/StructureDefinition/II"}]},{"id":"Section.component.templateId","path":"Section.component.templateId","definition":"When valued in an instance, this attribute signals the imposition of a set of template-defined constraints. The value of this attribute provides a unique identifier for the templates in question","min":0,"max":"*","base":{"path":"Section.component.templateId","min":0,"max":"*"},"type":[{"code":"http://hl7.org/fhir/cda/StructureDefinition/II"}]},{"id":"Section.component.typeCode","path":"Section.component.typeCode","representation":["xmlAttr"],"definition":"Drawn from concept domain DocumentSectionType","min":1,"max":"1","base":{"path":"Section.component.typeCode","min":1,"max":"1"},"type":[{"code":"code"}],"defaultValueCode":"COMP","fixedCode":"COMP","mustSupport":true},{"id":"Section.component.contextConductionInd","path":"Section.component.contextConductionInd","representation":["xmlAttr"],"min":1,"max":"1","base":{"path":"Section.component.contextConductionInd","min":1,"max":"1"},"type":[{"code":"boolean"}],"defaultValueBoolean":true,"mustSupport":true},{"id":"Section.component.section","path":"Section.component.section","min":1,"max":"1","base":{"path":"Section.component.section","min":1,"max":"1"},"type":[{"code":"http://hl7.org/fhir/cda/StructureDefinition/Section"}]}]},"differential":{"element":[{"id":"Section","path":"Section"},{"id":"Section.templateId","path":"Section.templateId","slicing":{"discriminator":[{"type":"value","path":"root"},{"type":"value","path":"extension"}],"rules":"open"},"definition":"SHALL contain exactly one [1..1] templateId (CONF:1098-7844) such that it"},{"id":"Section.templateId:templateId1","path":"Section.templateId","sliceName":"templateId1","short":"templateId","definition":"SHALL contain exactly one [1..1] templateId (CONF:1098-7844) such that it","min":1,"max":"1"},{"id":"Section.templateId:templateId1.root:templateId1","path":"Section.templateId.root","sliceName":"templateId1","short":"root","definition":"SHALL contain exactly one [1..1] @root=\"1.3.6.1.4.1.19376.1.5.3.1.3.1\" (CONF:1098-10468).","min":1,"max":"1","patternString":"1.3.6.1.4.1.19376.1.5.3.1.3.1"},{"id":"Section.templateId:templateId1.extension:templateId1","path":"Section.templateId.extension","sliceName":"templateId1","short":"extension","definition":"SHALL contain exactly one [1..1] @extension=\"2014-06-09\" (CONF:1098-32571).","min":1,"max":"1","patternString":"2014-06-09"},{"id":"Section.code","path":"Section.code","short":"code","definition":"SHALL contain exactly one [1..1] code (CONF:1098-15427).","min":1,"max":"1"},{"id":"Section.code.code","path":"Section.code.code","short":"code","definition":"This code SHALL contain exactly one [1..1] @code=\"42349-1\" Reason for Referral (CONF:1098-15428).","min":1,"max":"1","patternString":"42349-1"},{"id":"Section.code.codeSystem","path":"Section.code.codeSystem","short":"codeSystem","definition":"This code SHALL contain exactly one [1..1] @codeSystem=\"2.16.840.1.113883.6.1\" (CodeSystem: LOINC urn:oid:2.16.840.1.113883.6.1) (CONF:1098-30867).","min":1,"max":"1","patternString":"2.16.840.1.113883.6.1"},{"id":"Section.title","path":"Section.title","short":"title","definition":"SHALL contain exactly one [1..1] title (CONF:1098-7846).","min":1,"max":"1"},{"id":"Section.text","path":"Section.text","short":"text","definition":"SHALL contain exactly one [1..1] text (CONF:1098-7847).","min":1,"max":"1"},{"id":"Section.entry","path":"Section.entry","slicing":{"discriminator":[{"type":"value","path":"act"}],"rules":"open"},"definition":"MAY contain zero or more [0..*] entry (CONF:1098-30808) such that it"},{"id":"Section.entry:entry1","path":"Section.entry","sliceName":"entry1","short":"entry","definition":"MAY contain zero or more [0..*] entry (CONF:1098-30808) such that it","min":0,"max":"*"},{"id":"Section.entry:entry1.act:entry1","path":"Section.entry.act","sliceName":"entry1","short":"act","definition":"SHALL contain exactly one [1..1] Patient Referral Act (identifier: urn:oid:2.16.840.1.113883.10.20.22.4.140) (CONF:1098-30897).","min":1,"max":"1","type":[{"code":"http://hl7.org/fhir/cda/StructureDefinition/Act","targetProfile":["http://hl7.org/cda/us/ccda/StructureDefinition/2.16.840.1.113883.10.20.22.4.140"]}]}]}}