{"resourceType":"ValueSet","id":"2.16.840.1.113883.11.20.9.44","meta":{"versionId":"3","lastUpdated":"2016-11-03T22:00:02.000-07:00"},"text":{"status":"generated","div":"<div xmlns=\"http://www.w3.org/1999/xhtml\">\n            <h2>Mental and Functional Status Response</h2>\n            <p>This value set includes codes from the following code systems:</p>\n            <ul>\n                <li>Include these codes as defined in \n                    \n                    <a href=\"http://www.snomed.org/\">\n                        <code>http://snomed.info/sct</code>\n                    </a>\n                    <table class=\"none\">\n                        <tr>\n                            <td>\n                                <b>Code</b>\n                            </td>\n                            <td>\n                                <b>Display</b>\n                            </td>\n                        </tr>\n                        <tr>\n                            <td>\n                                <a href=\"http://browser.ihtsdotools.org/?perspective=full&amp;conceptId1=11163003\">11163003</a>\n                            </td>\n                            <td>Intact (qualifier value)</td>\n                            <td/>\n                        </tr>\n                        <tr>\n                            <td>\n                                <a href=\"http://browser.ihtsdotools.org/?perspective=full&amp;conceptId1=1250004\">1250004</a>\n                            </td>\n                            <td>Decreased (qualifier value)</td>\n                            <td/>\n                        </tr>\n                        <tr>\n                            <td>\n                                <a href=\"http://browser.ihtsdotools.org/?perspective=full&amp;conceptId1=18043004\">18043004</a>\n                            </td>\n                            <td>Thin (qualifier value)</td>\n                            <td/>\n                        </tr>\n                        <tr>\n                            <td>\n                                <a href=\"http://browser.ihtsdotools.org/?perspective=full&amp;conceptId1=18307000\">18307000</a>\n                            </td>\n                            <td>Altered (qualifier value)</td>\n                            <td/>\n                        </tr>\n                        <tr>\n                            <td>\n                                <a href=\"http://browser.ihtsdotools.org/?perspective=full&amp;conceptId1=20572008\">20572008</a>\n                            </td>\n                            <td>Good (qualifier value)</td>\n                            <td/>\n                        </tr>\n                        <tr>\n                            <td>\n                                <a href=\"http://browser.ihtsdotools.org/?perspective=full&amp;conceptId1=260379002\">260379002</a>\n                            </td>\n                            <td>Impaired (qualifier value)</td>\n                            <td/>\n                        </tr>\n                        <tr>\n                            <td>\n                                <a href=\"http://browser.ihtsdotools.org/?perspective=full&amp;conceptId1=272520006\">272520006</a>\n                            </td>\n                            <td>Degree findings (qualifier value)</td>\n                            <td/>\n                        </tr>\n                        <tr>\n                            <td>\n                                <a href=\"http://browser.ihtsdotools.org/?perspective=full&amp;conceptId1=30714006\">30714006</a>\n                            </td>\n                            <td>Resistant (qualifier value)</td>\n                            <td/>\n                        </tr>\n                        <tr>\n                            <td>\n                                <a href=\"http://browser.ihtsdotools.org/?perspective=full&amp;conceptId1=35105006\">35105006</a>\n                            </td>\n                            <td>Increased (qualifier value)</td>\n                            <td/>\n                        </tr>\n                        <tr>\n                            <td>\n                                <a href=\"http://browser.ihtsdotools.org/?perspective=full&amp;conceptId1=41277001\">41277001</a>\n                            </td>\n                            <td>Lacking (qualifier value)</td>\n                            <td/>\n                        </tr>\n                    </table>\n                </li>\n            </ul>\n        </div>"},"url":"http://cts.nlm.nih.gov/fhir/ValueSet/2.16.840.1.113883.11.20.9.44","version":"2.1.0","name":"MentalandFunctionalStatusResponse","title":"Mental and Functional Status Response","status":"active","date":"2016-11-03T22:00:02-07:00","publisher":"Health Level 7","compose":{"include":[{"system":"http://snomed.info/sct","concept":[{"code":"11163003","display":"Intact (qualifier value)"},{"code":"1250004","display":"Decreased (qualifier value)"},{"code":"18043004","display":"Thin (qualifier value)"},{"code":"18307000","display":"Altered (qualifier value)"},{"code":"20572008","display":"Good (qualifier value)"},{"code":"260379002","display":"Impaired (qualifier value)"},{"code":"272520006","display":"Degree findings (qualifier value)"},{"code":"30714006","display":"Resistant (qualifier value)"},{"code":"35105006","display":"Increased (qualifier value)"},{"code":"41277001","display":"Lacking (qualifier value)"}]}]}}