{"resourceType":"ValueSet","id":"2.16.840.1.113883.3.88.12.80.68","meta":{"versionId":"11","lastUpdated":"2019-04-17T22:00:10.000-07:00"},"text":{"status":"generated","div":"<div xmlns=\"http://www.w3.org/1999/xhtml\">\n            <h2>Problem Status</h2>\n            <p>This value set includes codes from the following code systems:</p>\n            <ul>\n                <li>Include these codes as defined in \n                    \n                    <a href=\"http://www.snomed.org/\">\n                        <code>http://snomed.info/sct</code>\n                    </a>\n                    <table class=\"none\">\n                        <tr>\n                            <td>\n                                <b>Code</b>\n                            </td>\n                            <td>\n                                <b>Display</b>\n                            </td>\n                        </tr>\n                        <tr>\n                            <td>\n                                <a href=\"http://browser.ihtsdotools.org/?perspective=full&amp;conceptId1=246455001\">246455001</a>\n                            </td>\n                            <td>Recurrence (qualifier value)</td>\n                            <td/>\n                        </tr>\n                        <tr>\n                            <td>\n                                <a href=\"http://browser.ihtsdotools.org/?perspective=full&amp;conceptId1=263855007\">263855007</a>\n                            </td>\n                            <td>Relapse phase (qualifier value)</td>\n                            <td/>\n                        </tr>\n                        <tr>\n                            <td>\n                                <a href=\"http://browser.ihtsdotools.org/?perspective=full&amp;conceptId1=277022003\">277022003</a>\n                            </td>\n                            <td>Remission phase (qualifier value)</td>\n                            <td/>\n                        </tr>\n                        <tr>\n                            <td>\n                                <a href=\"http://browser.ihtsdotools.org/?perspective=full&amp;conceptId1=413322009\">413322009</a>\n                            </td>\n                            <td>Problem resolved (finding)</td>\n                            <td/>\n                        </tr>\n                        <tr>\n                            <td>\n                                <a href=\"http://browser.ihtsdotools.org/?perspective=full&amp;conceptId1=55561003\">55561003</a>\n                            </td>\n                            <td>Active (qualifier value)</td>\n                            <td/>\n                        </tr>\n                        <tr>\n                            <td>\n                                <a href=\"http://browser.ihtsdotools.org/?perspective=full&amp;conceptId1=73425007\">73425007</a>\n                            </td>\n                            <td>Inactive (qualifier value)</td>\n                            <td/>\n                        </tr>\n                    </table>\n                </li>\n            </ul>\n        </div>"},"url":"http://cts.nlm.nih.gov/fhir/ValueSet/2.16.840.1.113883.3.88.12.80.68","version":"2.1.0","name":"ProblemStatus","title":"Problem Status","status":"active","date":"2019-04-17T22:00:10-07:00","publisher":"Health Level 7","compose":{"include":[{"system":"http://snomed.info/sct","concept":[{"code":"246455001","display":"Recurrence (qualifier value)"},{"code":"263855007","display":"Relapse phase (qualifier value)"},{"code":"277022003","display":"Remission phase (qualifier value)"},{"code":"413322009","display":"Problem resolved (finding)"},{"code":"55561003","display":"Active (qualifier value)"},{"code":"73425007","display":"Inactive (qualifier value)"}]}]}}