{"resourceType":"ValueSet","id":"2.16.840.1.113883.3.88.12.80.62","meta":{"versionId":"19","lastUpdated":"2018-11-02T22:12:07.000-07:00"},"text":{"status":"generated","div":"<div xmlns=\"http://www.w3.org/1999/xhtml\">\n            <h2>Vital Sign Result Type</h2>\n            <p>This value set includes codes from the following code systems:</p>\n            <ul>\n                <li>Include these codes as defined in \n                    <a href=\"http://loinc.org\">\n                        <code>http://loinc.org</code>\n                    </a>\n                    <table class=\"none\">\n                        <tr>\n                            <td>\n                                <b>Code</b>\n                            </td>\n                            <td>\n                                <b>Display</b>\n                            </td>\n                        </tr>\n                        <tr>\n                            <td>\n                                <a href=\"http://details.loinc.org/LOINC/29463-7.html\">29463-7</a>\n                            </td>\n                            <td>Body weight</td>\n                            <td/>\n                        </tr>\n                        <tr>\n                            <td>\n                                <a href=\"http://details.loinc.org/LOINC/3140-1.html\">3140-1</a>\n                            </td>\n                            <td>Body surface area Derived from formula</td>\n                            <td/>\n                        </tr>\n                        <tr>\n                            <td>\n                                <a href=\"http://details.loinc.org/LOINC/39156-5.html\">39156-5</a>\n                            </td>\n                            <td>Body mass index (BMI) [Ratio]</td>\n                            <td/>\n                        </tr>\n                        <tr>\n                            <td>\n                                <a href=\"http://details.loinc.org/LOINC/59408-5.html\">59408-5</a>\n                            </td>\n                            <td>Oxygen saturation in Arterial blood by Pulse oximetry</td>\n                            <td/>\n                        </tr>\n                        <tr>\n                            <td>\n                                <a href=\"http://details.loinc.org/LOINC/8287-5.html\">8287-5</a>\n                            </td>\n                            <td>Head Occipital-frontal circumference by Tape measure</td>\n                            <td/>\n                        </tr>\n                        <tr>\n                            <td>\n                                <a href=\"http://details.loinc.org/LOINC/8302-2.html\">8302-2</a>\n                            </td>\n                            <td>Body height</td>\n                            <td/>\n                        </tr>\n                        <tr>\n                            <td>\n                                <a href=\"http://details.loinc.org/LOINC/8306-3.html\">8306-3</a>\n                            </td>\n                            <td>Body height --lying</td>\n                            <td/>\n                        </tr>\n                        <tr>\n                            <td>\n                                <a href=\"http://details.loinc.org/LOINC/8310-5.html\">8310-5</a>\n                            </td>\n                            <td>Body temperature</td>\n                            <td/>\n                        </tr>\n                        <tr>\n                            <td>\n                                <a href=\"http://details.loinc.org/LOINC/8462-4.html\">8462-4</a>\n                            </td>\n                            <td>Diastolic blood pressure</td>\n                            <td/>\n                        </tr>\n                        <tr>\n                            <td>\n                                <a href=\"http://details.loinc.org/LOINC/8480-6.html\">8480-6</a>\n                            </td>\n                            <td>Systolic blood pressure</td>\n                            <td/>\n                        </tr>\n                        <tr>\n                            <td>\n                                <a href=\"http://details.loinc.org/LOINC/8867-4.html\">8867-4</a>\n                            </td>\n                            <td>Heart rate</td>\n                            <td/>\n                        </tr>\n                        <tr>\n                            <td>\n                                <a href=\"http://details.loinc.org/LOINC/9279-1.html\">9279-1</a>\n                            </td>\n                            <td>Respiratory rate</td>\n                            <td/>\n                        </tr>\n                        <tr>\n                            <td>\n                                <a href=\"http://details.loinc.org/LOINC/9843-4.html\">9843-4</a>\n                            </td>\n                            <td>Head Occipital-frontal circumference</td>\n                            <td/>\n                        </tr>\n                    </table>\n                </li>\n            </ul>\n        </div>"},"url":"http://cts.nlm.nih.gov/fhir/ValueSet/2.16.840.1.113883.3.88.12.80.62","version":"0.0.1","name":"Vital Sign Result Type","status":"active","date":"2018-11-02T22:00:04-07:00","publisher":"HL7 Terminology","compose":{"include":[{"system":"http://loinc.org","concept":[{"code":"29463-7","display":"Body weight"},{"code":"3140-1","display":"Body surface area Derived from formula"},{"code":"39156-5","display":"Body mass index (BMI) [Ratio]"},{"code":"59408-5","display":"Oxygen saturation in Arterial blood by Pulse oximetry"},{"code":"8287-5","display":"Head Occipital-frontal circumference by Tape measure"},{"code":"8302-2","display":"Body height"},{"code":"8306-3","display":"Body height --lying"},{"code":"8310-5","display":"Body temperature"},{"code":"8462-4","display":"Diastolic blood pressure"},{"code":"8480-6","display":"Systolic blood pressure"},{"code":"8867-4","display":"Heart rate"},{"code":"9279-1","display":"Respiratory rate"},{"code":"9843-4","display":"Head Occipital-frontal circumference"}]}]}}