"Path","Slice Name","Alias(s)","Label","Min","Max","Must Support?","Is Modifier?","Is Summary?","Type(s)","Short","Definition","Comments","Requirements","Default Value","Meaning When Missing","Fixed Value","Pattern","Example","Minimum Value","Maximum Value","Maximum Length","Binding Strength","Binding Description","Binding Value Set","Code","Slicing Discriminator","Slicing Description","Slicing Ordered","Slicing Rules","Base Path","Base Min","Base Max","Condition(s)","Constraint(s)"
"Observation","","","",1,1,"","","","","","","","","","","","","","","",,,,,"",,,,"Base",0,*,"",""
"Observation.classCode","","","",1,1,"","","","code {[]} {[]}
","classCode","SHALL contain exactly one [1..1] @classCode=""OBS"" (CodeSystem: HL7ActClass urn:oid:2.16.840.1.113883.5.6 STATIC) (CONF:1098-8581).","","","","","","<valueString xmlns=""http://hl7.org/fhir"" value=""OBS""/>","","","",,"required","","http://terminology.hl7.org/ValueSet/v3-ActClassObservation","",,,,"Observation.classCode",1,1,"",""
"Observation.moodCode","","","",1,1,"","","","code {[]} {[]}
","moodCode","SHALL contain exactly one [1..1] @moodCode, which SHALL be selected from ValueSet Planned moodCode (Observation) urn:oid:2.16.840.1.113883.11.20.9.25 STATIC 2011-09-30 (CONF:1098-8582).","","","","","","","","","",,"required","","https://cts.nlm.nih.gov/fhir/ValueSet/2.16.840.1.113883.11.20.9.25","",,,,"Observation.moodCode",1,1,"",""
"Observation.negationInd","","","",0,1,"","","","boolean {[]} {[]}
","","","","","","","","","","","",,,,,"",,,,"Observation.negationInd",0,1,"",""
"Observation.templateId","","","",0,*,"","","","http://hl7.org/fhir/cda/StructureDefinition/II {[]} {[]}
","","SHALL contain exactly one [1..1] templateId (CONF:1098-30451) such that it","","","","","","","","","",,,,,"","value:root}
value:extension}","",,"open","Observation.templateId",0,*,"",""
"Observation.templateId","templateId1","","",1,1,"","","","http://hl7.org/fhir/cda/StructureDefinition/II {[]} {[]}
","templateId","SHALL contain exactly one [1..1] templateId (CONF:1098-30451) such that it","","","","","","","","","",,,,,"",,,,"Observation.templateId",0,*,"",""
"Observation.id","","","",1,*,"","","","http://hl7.org/fhir/cda/StructureDefinition/II {[]} {[]}
","id","SHALL contain at least one [1..*] id (CONF:1098-8584).","","","","","","","","","",,,,,"",,,,"Observation.id",0,*,"",""
"Observation.code","","","",1,1,"","","","http://hl7.org/fhir/cda/StructureDefinition/CD {[]} {[]}
","code","SHALL contain exactly one [1..1] code, which SHOULD be selected from CodeSystem LOINC (urn:oid:2.16.840.1.113883.6.1) (CONF:1098-31030).","","","","","","","","","",,,,,"",,,,"Observation.code",1,1,"",""
"Observation.derivationExpr","","","",0,1,"","","","http://hl7.org/fhir/cda/StructureDefinition/ST {[]} {[]}
","","","","","","","","","","","",,,,,"",,,,"Observation.derivationExpr",0,1,"",""
"Observation.text","","","",0,1,"","","","http://hl7.org/fhir/cda/StructureDefinition/ED {[]} {[]}
","","","","","","","","","","","",,,,,"",,,,"Observation.text",0,1,"",""
"Observation.statusCode","","","",1,1,"","","","http://hl7.org/fhir/cda/StructureDefinition/CS {[]} {[]}
","statusCode","SHALL contain exactly one [1..1] statusCode (CONF:1098-30453).","","","","","","","","","",,,,,"",,,,"Observation.statusCode",0,1,"",""
"Observation.effectiveTime","","","",0,1,"","","","http://hl7.org/fhir/cda/StructureDefinition/IVL-TS {[]} {[]}
","effectiveTime","SHOULD contain zero or one [0..1] effectiveTime (CONF:1098-30454).","","","","","","","","","",,,,,"",,,,"Observation.effectiveTime",0,1,"",""
"Observation.priorityCode","","","",0,1,"","","","http://hl7.org/fhir/cda/StructureDefinition/CE {[]} {[]}
","","","","","","","","","","","",,"extensible","","http://terminology.hl7.org/ValueSet/v3-ActPriority","",,,,"Observation.priorityCode",0,1,"",""
"Observation.repeatNumber","","","",0,1,"","","","http://hl7.org/fhir/cda/StructureDefinition/IVL-INT {[]} {[]}
","","","","","","","","","","","",,,,,"",,,,"Observation.repeatNumber",0,1,"",""
"Observation.languageCode","","","",0,1,"","","","http://hl7.org/fhir/cda/StructureDefinition/CS {[]} {[]}
","","","","","","","","","","","",,"required","","http://terminology.hl7.org/ValueSet/v3-HumanLanguage","",,,,"Observation.languageCode",0,1,"",""
"Observation.value","","","",0,1,"","","","http://hl7.org/fhir/cda/StructureDefinition/BL {[]} {[]}
http://hl7.org/fhir/cda/StructureDefinition/ED {[]} {[]}http://hl7.org/fhir/cda/StructureDefinition/ST {[]} {[]}http://hl7.org/fhir/cda/StructureDefinition/CD {[]} {[]}http://hl7.org/fhir/cda/StructureDefinition/CV {[]} {[]}http://hl7.org/fhir/cda/StructureDefinition/CE {[]} {[]}http://hl7.org/fhir/cda/StructureDefinition/SC {[]} {[]}http://hl7.org/fhir/cda/StructureDefinition/II {[]} {[]}http://hl7.org/fhir/cda/StructureDefinition/TEL {[]} {[]}http://hl7.org/fhir/cda/StructureDefinition/AD {[]} {[]}http://hl7.org/fhir/cda/StructureDefinition/EN {[]} {[]}http://hl7.org/fhir/cda/StructureDefinition/INT {[]} {[]}http://hl7.org/fhir/cda/StructureDefinition/REAL {[]} {[]}http://hl7.org/fhir/cda/StructureDefinition/PQ {[]} {[]}http://hl7.org/fhir/cda/StructureDefinition/MO {[]} {[]}http://hl7.org/fhir/cda/StructureDefinition/TS {[]} {[]}http://hl7.org/fhir/cda/StructureDefinition/IVL-PQ {[]} {[]}http://hl7.org/fhir/cda/StructureDefinition/IVL-TS {[]} {[]}http://hl7.org/fhir/cda/StructureDefinition/PIVL-TS {[]} {[]}http://hl7.org/fhir/cda/StructureDefinition/EIVL-TS {[]} {[]}http://hl7.org/fhir/cda/StructureDefinition/SXPR-TS {[]} {[]}http://hl7.org/fhir/cda/StructureDefinition/RTO-PQ-PQ {[]} {[]}","value","MAY contain zero or one [0..1] value (CONF:1098-31031).","","","","","","","","","",,,,,"",,,,"Observation.value",0,*,"",""
"Observation.interpretationCode","","","",0,*,"","","","http://hl7.org/fhir/cda/StructureDefinition/CE {[]} {[]}
","","","","","","","","","","","",,"required","","http://terminology.hl7.org/ValueSet/v3-ObservationInterpretation","",,,,"Observation.interpretationCode",0,*,"",""
"Observation.methodCode","","","",0,1,"","","","http://hl7.org/fhir/cda/StructureDefinition/CE {[]} {[]}
","methodCode","MAY contain zero or one [0..1] methodCode (CONF:1098-32043).","","","","","","","","","",,,,,"",,,,"Observation.methodCode",0,*,"",""
"Observation.targetSiteCode","","","",0,*,"","","","http://hl7.org/fhir/cda/StructureDefinition/CD {[]} {[]}
","targetSiteCode","SHOULD contain zero or more [0..*] targetSiteCode, which SHALL be selected from ValueSet Body Site Value Set urn:oid:2.16.840.1.113883.3.88.12.3221.8.9 DYNAMIC (CONF:1098-32044).","","","","","","","","","",,,,,"",,,,"Observation.targetSiteCode",0,*,"",""
"Observation.subject","","","",0,1,"","","","Element {[]} {[]}
","","","","","","","","","","","",,,,,"",,,,"Observation.subject",0,1,"",""
"Observation.subject.typeCode","","","",1,1,"","","","code {[]} {[]}
","","","","","<valueCode xmlns=""http://hl7.org/fhir"" value=""SBJ""/>","","<valueCode xmlns=""http://hl7.org/fhir"" value=""SBJ""/>","","","","",,"required","","http://terminology.hl7.org/ValueSet/v3-ParticipationTargetSubject","",,,,"Observation.subject.typeCode",1,1,"",""
"Observation.subject.contextControlCode","","","",1,1,"","","","code {[]} {[]}
","","","","","<valueCode xmlns=""http://hl7.org/fhir"" value=""OP""/>","","<valueCode xmlns=""http://hl7.org/fhir"" value=""OP""/>","","","","",,"required","","http://terminology.hl7.org/ValueSet/v3-ContextControl","",,,,"Observation.subject.contextControlCode",1,1,"",""
"Observation.subject.awarenessCode","","","",0,1,"","","","http://hl7.org/fhir/cda/StructureDefinition/CE {[]} {[]}
","","","","","","","","","","","",,"extensible","","http://terminology.hl7.org/ValueSet/v3-TargetAwareness","",,,,"Observation.subject.awarenessCode",0,1,"",""
"Observation.subject.relatedSubject","","","",1,1,"","","","http://hl7.org/fhir/cda/StructureDefinition/RelatedSubject {[]} {[]}
","","","","","","","","","","","",,,,,"",,,,"Observation.subject.relatedSubject",1,1,"",""
"Observation.specimen","","","",0,*,"","","","Element {[]} {[]}
","","","","","","","","","","","",,,,,"",,,,"Observation.specimen",0,*,"",""
"Observation.specimen.typeCode","","","",1,1,"","","","code {[]} {[]}
","","","","","<valueCode xmlns=""http://hl7.org/fhir"" value=""SPC""/>","","<valueCode xmlns=""http://hl7.org/fhir"" value=""SPC""/>","","","","",,"required","","http://terminology.hl7.org/ValueSet/v3-ParticipationTargetDirect","",,,,"Observation.specimen.typeCode",1,1,"",""
"Observation.specimen.specimenRole","","","",1,1,"","","","http://hl7.org/fhir/cda/StructureDefinition/SpecimenRole {[]} {[]}
","","","","","","","","","","","",,,,,"",,,,"Observation.specimen.specimenRole",1,1,"",""
"Observation.performer","","","",0,*,"","","","Element {[]} {[]}
","performer","MAY contain zero or more [0..*] performer (CONF:1098-30456).","","","","","","","","","",,,,,"",,,,"Observation.performer",0,*,"",""
"Observation.performer.typeCode","","","",1,1,"","","","code {[]} {[]}
","","","","","<valueCode xmlns=""http://hl7.org/fhir"" value=""PRF""/>","","<valueCode xmlns=""http://hl7.org/fhir"" value=""PRF""/>","","","","",,"required","","http://terminology.hl7.org/ValueSet/v3-ParticipationPhysicalPerformer","",,,,"Observation.performer.typeCode",1,1,"",""
"Observation.performer.templateId","","","",0,*,"","","","http://hl7.org/fhir/cda/StructureDefinition/II {[]} {[]}
","","When valued in an instance, this attribute signals the imposition of a set of template-defined constraints. The value of this attribute provides a unique identifier for the templates in question","","","","","","","","","",,,,,"",,,,"Observation.performer.templateId",0,*,"",""
"Observation.performer.time","","","",0,1,"","","","http://hl7.org/fhir/cda/StructureDefinition/IVL-TS {[]} {[]}
","","","","","","","","","","","",,,,,"",,,,"Observation.performer.time",0,1,"",""
"Observation.performer.modeCode","","","",0,1,"","","","http://hl7.org/fhir/cda/StructureDefinition/CE {[]} {[]}
","","","","","","","","","","","",,"extensible","","http://terminology.hl7.org/ValueSet/v3-ParticipationMode","",,,,"Observation.performer.modeCode",0,1,"",""
"Observation.performer.assignedEntity","","","",1,1,"","","","http://hl7.org/fhir/cda/StructureDefinition/AssignedEntity {[]} {[]}
","","","","","","","","","","","",,,,,"",,,,"Observation.performer.assignedEntity",1,1,"",""
"Observation.author","","","",0,*,"","","","http://hl7.org/fhir/cda/StructureDefinition/Author {[CanonicalType[http://hl7.org/fhir/cda/ccda/StructureDefinition/2.16.840.1.113883.10.20.22.4.119]]} {[]}
","author","SHOULD contain zero or more [0..*] Author Participation (identifier: urn:oid:2.16.840.1.113883.10.20.22.4.119) (CONF:1098-32033).","","","","","","","","","",,,,,"",,,,"Observation.author",0,*,"",""
"Observation.informant","","","",0,*,"","","","Element {[]} {[]}
","","","","","","","","","","","",,,,,"",,,,"Observation.informant",0,*,"",""
"Observation.informant.typeCode","","","",1,1,"","","","code {[]} {[]}
","","","","","<valueCode xmlns=""http://hl7.org/fhir"" value=""INF""/>","","<valueCode xmlns=""http://hl7.org/fhir"" value=""INF""/>","","","","",,"required","","http://terminology.hl7.org/ValueSet/v3-ParticipationInformationGenerator","",,,,"Observation.informant.typeCode",1,1,"",""
"Observation.informant.contextControlCode","","","",1,1,"","","","code {[]} {[]}
","","","","","<valueCode xmlns=""http://hl7.org/fhir"" value=""OP""/>","","<valueCode xmlns=""http://hl7.org/fhir"" value=""OP""/>","","","","",,"required","","http://terminology.hl7.org/ValueSet/v3-ContextControl","",,,,"Observation.informant.contextControlCode",1,1,"",""
"Observation.informant.assignedEntity","","","",0,1,"","","","http://hl7.org/fhir/cda/StructureDefinition/AssignedEntity {[]} {[]}
","","","","","","","","","","","",,,,,"",,,,"Observation.informant.assignedEntity",0,1,"",""
"Observation.informant.relatedEntity","","","",0,1,"","","","http://hl7.org/fhir/cda/StructureDefinition/RelatedEntity {[]} {[]}
","","","","","","","","","","","",,,,,"",,,,"Observation.informant.relatedEntity",0,1,"",""
"Observation.participant","","","",0,*,"","","","Element {[]} {[]}
","","","","","","","","","","","",,,,,"",,,,"Observation.participant",0,*,"",""
"Observation.participant.typeCode","","","",1,1,"","","","code {[]} {[]}
","","","","","","","","","","","",,"required","","http://terminology.hl7.org/ValueSet/v3-ParticipationType","",,,,"Observation.participant.typeCode",1,1,"",""
"Observation.participant.contextControlCode","","","",1,1,"","","","code {[]} {[]}
","","","","","<valueCode xmlns=""http://hl7.org/fhir"" value=""OP""/>","","<valueCode xmlns=""http://hl7.org/fhir"" value=""OP""/>","","","","",,"required","","http://terminology.hl7.org/ValueSet/v3-ContextControl","",,,,"Observation.participant.contextControlCode",1,1,"",""
"Observation.participant.time","","","",0,1,"","","","http://hl7.org/fhir/cda/StructureDefinition/IVL-TS {[]} {[]}
","","","","","","","","","","","",,,,,"",,,,"Observation.participant.time",0,1,"",""
"Observation.participant.awarenessCode","","","",0,1,"","","","http://hl7.org/fhir/cda/StructureDefinition/CE {[]} {[]}
","","","","","","","","","","","",,"extensible","","http://terminology.hl7.org/ValueSet/v3-TargetAwareness","",,,,"Observation.participant.awarenessCode",0,1,"",""
"Observation.participant.participantRole","","","",1,1,"","","","http://hl7.org/fhir/cda/StructureDefinition/ParticipantRole {[]} {[]}
","","","","","","","","","","","",,,,,"",,,,"Observation.participant.participantRole",1,1,"",""
"Observation.entryRelationship","","","",0,*,"","","","Element {[]} {[]}
","","MAY contain zero or more [0..*] entryRelationship (CONF:1098-32040) such that it","","","","","","","","","",,,,,"","value:typeCode}
value:act}","",,"open","Observation.entryRelationship",0,*,"",""
"Observation.entryRelationship.typeCode","","","",1,1,"","","","code {[]} {[]}
","","","","","","","","","","","",,,,,"",,,,"Observation.entryRelationship.typeCode",1,1,"",""
"Observation.entryRelationship.inversionInd","","","",0,1,"","","","boolean {[]} {[]}
","","","","","","","","","","","",,,,,"",,,,"Observation.entryRelationship.inversionInd",0,1,"",""
"Observation.entryRelationship.contextConductionInd","","","",1,1,"","","","boolean {[]} {[]}
","","","","","<valueBoolean xmlns=""http://hl7.org/fhir"" value=""true""/>","","","","","","",,,,,"",,,,"Observation.entryRelationship.contextConductionInd",1,1,"",""
"Observation.entryRelationship.sequenceNumber","","","",0,1,"","","","http://hl7.org/fhir/cda/StructureDefinition/INT {[]} {[]}
","","","","","","","","","","","",,,,,"",,,,"Observation.entryRelationship.sequenceNumber",0,1,"",""
"Observation.entryRelationship.negationInd","","","",0,1,"","","","boolean {[]} {[]}
","","","","","","","","","","","",,,,,"",,,,"Observation.entryRelationship.negationInd",0,1,"",""
"Observation.entryRelationship.seperatableInd","","","",0,1,"","","","http://hl7.org/fhir/cda/StructureDefinition/BL {[]} {[]}
","","","","","","","","","","","",,,,,"",,,,"Observation.entryRelationship.seperatableInd",0,1,"",""
"Observation.entryRelationship.observation","","","",0,1,"","","","http://hl7.org/fhir/cda/StructureDefinition/Observation {[]} {[]}
","","","","","","","","","","","",,,,,"",,,,"Observation.entryRelationship.observation",0,1,"",""
"Observation.entryRelationship.regionOfInterest","","","",0,1,"","","","http://hl7.org/fhir/cda/StructureDefinition/RegionOfInterest {[]} {[]}
","","","","","","","","","","","",,,,,"",,,,"Observation.entryRelationship.regionOfInterest",0,1,"",""
"Observation.entryRelationship.observationMedia","","","",0,1,"","","","http://hl7.org/fhir/cda/StructureDefinition/ObservationMedia {[]} {[]}
","","","","","","","","","","","",,,,,"",,,,"Observation.entryRelationship.observationMedia",0,1,"",""
"Observation.entryRelationship.substanceAdministration","","","",0,1,"","","","http://hl7.org/fhir/cda/StructureDefinition/SubstanceAdministration {[]} {[]}
","","","","","","","","","","","",,,,,"",,,,"Observation.entryRelationship.substanceAdministration",0,1,"",""
"Observation.entryRelationship.supply","","","",0,1,"","","","http://hl7.org/fhir/cda/StructureDefinition/Supply {[]} {[]}
","","","","","","","","","","","",,,,,"",,,,"Observation.entryRelationship.supply",0,1,"",""
"Observation.entryRelationship.procedure","","","",0,1,"","","","http://hl7.org/fhir/cda/StructureDefinition/Procedure {[]} {[]}
","","","","","","","","","","","",,,,,"",,,,"Observation.entryRelationship.procedure",0,1,"",""
"Observation.entryRelationship.encounter","","","",0,1,"","","","http://hl7.org/fhir/cda/StructureDefinition/Encounter {[]} {[]}
","","","","","","","","","","","",,,,,"",,,,"Observation.entryRelationship.encounter",0,1,"",""
"Observation.entryRelationship.organizer","","","",0,1,"","","","http://hl7.org/fhir/cda/StructureDefinition/Organizer {[]} {[]}
","","","","","","","","","","","",,,,,"",,,,"Observation.entryRelationship.organizer",0,1,"",""
"Observation.entryRelationship.act","","","",0,1,"","","","http://hl7.org/fhir/cda/StructureDefinition/Act {[]} {[]}
","","","","","","","","","","","",,,,,"",,,,"Observation.entryRelationship.act",0,1,"",""
"Observation.entryRelationship","entryRelationship1","","",0,*,"","","","Element {[]} {[]}
","entryRelationship","MAY contain zero or more [0..*] entryRelationship (CONF:1098-31073) such that it","","","","","","","","","",,,,,"",,,,"Observation.entryRelationship",0,*,"",""
"Observation.entryRelationship.typeCode","entryRelationship1","","",1,1,"","","","code {[]} {[]}
","typeCode","SHALL contain exactly one [1..1] @typeCode=""REFR"" Refers to (CodeSystem: HL7ActRelationshipType urn:oid:2.16.840.1.113883.5.1002) (CONF:1098-31074).","","","","","","<valueString xmlns=""http://hl7.org/fhir"" value=""REFR""/>","","","",,,,,"",,,,"Observation.entryRelationship.typeCode",1,1,"",""
"Observation.entryRelationship.inversionInd","","","",0,1,"","","","boolean {[]} {[]}
","","","","","","","","","","","",,,,,"",,,,"Observation.entryRelationship.inversionInd",0,1,"",""
"Observation.entryRelationship.contextConductionInd","","","",1,1,"","","","boolean {[]} {[]}
","","","","","<valueBoolean xmlns=""http://hl7.org/fhir"" value=""true""/>","","","","","","",,,,,"",,,,"Observation.entryRelationship.contextConductionInd",1,1,"",""
"Observation.entryRelationship.sequenceNumber","","","",0,1,"","","","http://hl7.org/fhir/cda/StructureDefinition/INT {[]} {[]}
","","","","","","","","","","","",,,,,"",,,,"Observation.entryRelationship.sequenceNumber",0,1,"",""
"Observation.entryRelationship.negationInd","","","",0,1,"","","","boolean {[]} {[]}
","","","","","","","","","","","",,,,,"",,,,"Observation.entryRelationship.negationInd",0,1,"",""
"Observation.entryRelationship.seperatableInd","","","",0,1,"","","","http://hl7.org/fhir/cda/StructureDefinition/BL {[]} {[]}
","","","","","","","","","","","",,,,,"",,,,"Observation.entryRelationship.seperatableInd",0,1,"",""
"Observation.entryRelationship.observation","entryRelationship1","","",1,1,"","","","http://hl7.org/fhir/cda/StructureDefinition/Observation {[CanonicalType[http://hl7.org/fhir/cda/ccda/StructureDefinition/2.16.840.1.113883.10.20.22.4.143]]} {[]}
","observation","SHALL contain exactly one [1..1] Priority Preference (identifier: urn:oid:2.16.840.1.113883.10.20.22.4.143) (CONF:1098-31075).","","","","","","","","","",,,,,"",,,,"Observation.entryRelationship.observation",0,1,"",""
"Observation.entryRelationship.regionOfInterest","","","",0,1,"","","","http://hl7.org/fhir/cda/StructureDefinition/RegionOfInterest {[]} {[]}
","","","","","","","","","","","",,,,,"",,,,"Observation.entryRelationship.regionOfInterest",0,1,"",""
"Observation.entryRelationship.observationMedia","","","",0,1,"","","","http://hl7.org/fhir/cda/StructureDefinition/ObservationMedia {[]} {[]}
","","","","","","","","","","","",,,,,"",,,,"Observation.entryRelationship.observationMedia",0,1,"",""
"Observation.entryRelationship.substanceAdministration","","","",0,1,"","","","http://hl7.org/fhir/cda/StructureDefinition/SubstanceAdministration {[]} {[]}
","","","","","","","","","","","",,,,,"",,,,"Observation.entryRelationship.substanceAdministration",0,1,"",""
"Observation.entryRelationship.supply","","","",0,1,"","","","http://hl7.org/fhir/cda/StructureDefinition/Supply {[]} {[]}
","","","","","","","","","","","",,,,,"",,,,"Observation.entryRelationship.supply",0,1,"",""
"Observation.entryRelationship.procedure","","","",0,1,"","","","http://hl7.org/fhir/cda/StructureDefinition/Procedure {[]} {[]}
","","","","","","","","","","","",,,,,"",,,,"Observation.entryRelationship.procedure",0,1,"",""
"Observation.entryRelationship.encounter","","","",0,1,"","","","http://hl7.org/fhir/cda/StructureDefinition/Encounter {[]} {[]}
","","","","","","","","","","","",,,,,"",,,,"Observation.entryRelationship.encounter",0,1,"",""
"Observation.entryRelationship.organizer","","","",0,1,"","","","http://hl7.org/fhir/cda/StructureDefinition/Organizer {[]} {[]}
","","","","","","","","","","","",,,,,"",,,,"Observation.entryRelationship.organizer",0,1,"",""
"Observation.entryRelationship.act","","","",0,1,"","","","http://hl7.org/fhir/cda/StructureDefinition/Act {[]} {[]}
","","","","","","","","","","","",,,,,"",,,,"Observation.entryRelationship.act",0,1,"",""
"Observation.entryRelationship","entryRelationship2","","",0,*,"","","","Element {[]} {[]}
","entryRelationship","MAY contain zero or more [0..*] entryRelationship (CONF:1098-32034) such that it","","","","","","","","","",,,,,"",,,,"Observation.entryRelationship",0,*,"",""
"Observation.entryRelationship.typeCode","entryRelationship2","","",1,1,"","","","code {[]} {[]}
","typeCode","SHALL contain exactly one [1..1] @typeCode=""RSON"" Has Reason (CodeSystem: HL7ActRelationshipType urn:oid:2.16.840.1.113883.5.1002) (CONF:1098-32035).","","","","","","<valueString xmlns=""http://hl7.org/fhir"" value=""RSON""/>","","","",,,,,"",,,,"Observation.entryRelationship.typeCode",1,1,"",""
"Observation.entryRelationship.inversionInd","","","",0,1,"","","","boolean {[]} {[]}
","","","","","","","","","","","",,,,,"",,,,"Observation.entryRelationship.inversionInd",0,1,"",""
"Observation.entryRelationship.contextConductionInd","","","",1,1,"","","","boolean {[]} {[]}
","","","","","<valueBoolean xmlns=""http://hl7.org/fhir"" value=""true""/>","","","","","","",,,,,"",,,,"Observation.entryRelationship.contextConductionInd",1,1,"",""
"Observation.entryRelationship.sequenceNumber","","","",0,1,"","","","http://hl7.org/fhir/cda/StructureDefinition/INT {[]} {[]}
","","","","","","","","","","","",,,,,"",,,,"Observation.entryRelationship.sequenceNumber",0,1,"",""
"Observation.entryRelationship.negationInd","","","",0,1,"","","","boolean {[]} {[]}
","","","","","","","","","","","",,,,,"",,,,"Observation.entryRelationship.negationInd",0,1,"",""
"Observation.entryRelationship.seperatableInd","","","",0,1,"","","","http://hl7.org/fhir/cda/StructureDefinition/BL {[]} {[]}
","","","","","","","","","","","",,,,,"",,,,"Observation.entryRelationship.seperatableInd",0,1,"",""
"Observation.entryRelationship.observation","entryRelationship2","","",1,1,"","","","http://hl7.org/fhir/cda/StructureDefinition/Observation {[CanonicalType[http://hl7.org/fhir/cda/ccda/StructureDefinition/2.16.840.1.113883.10.20.22.4.19]]} {[]}
","observation","SHALL contain exactly one [1..1] Indication (V2) (identifier: urn:hl7ii:2.16.840.1.113883.10.20.22.4.19:2014-06-09) (CONF:1098-32036).","","","","","","","","","",,,,,"",,,,"Observation.entryRelationship.observation",0,1,"",""
"Observation.entryRelationship.regionOfInterest","","","",0,1,"","","","http://hl7.org/fhir/cda/StructureDefinition/RegionOfInterest {[]} {[]}
","","","","","","","","","","","",,,,,"",,,,"Observation.entryRelationship.regionOfInterest",0,1,"",""
"Observation.entryRelationship.observationMedia","","","",0,1,"","","","http://hl7.org/fhir/cda/StructureDefinition/ObservationMedia {[]} {[]}
","","","","","","","","","","","",,,,,"",,,,"Observation.entryRelationship.observationMedia",0,1,"",""
"Observation.entryRelationship.substanceAdministration","","","",0,1,"","","","http://hl7.org/fhir/cda/StructureDefinition/SubstanceAdministration {[]} {[]}
","","","","","","","","","","","",,,,,"",,,,"Observation.entryRelationship.substanceAdministration",0,1,"",""
"Observation.entryRelationship.supply","","","",0,1,"","","","http://hl7.org/fhir/cda/StructureDefinition/Supply {[]} {[]}
","","","","","","","","","","","",,,,,"",,,,"Observation.entryRelationship.supply",0,1,"",""
"Observation.entryRelationship.procedure","","","",0,1,"","","","http://hl7.org/fhir/cda/StructureDefinition/Procedure {[]} {[]}
","","","","","","","","","","","",,,,,"",,,,"Observation.entryRelationship.procedure",0,1,"",""
"Observation.entryRelationship.encounter","","","",0,1,"","","","http://hl7.org/fhir/cda/StructureDefinition/Encounter {[]} {[]}
","","","","","","","","","","","",,,,,"",,,,"Observation.entryRelationship.encounter",0,1,"",""
"Observation.entryRelationship.organizer","","","",0,1,"","","","http://hl7.org/fhir/cda/StructureDefinition/Organizer {[]} {[]}
","","","","","","","","","","","",,,,,"",,,,"Observation.entryRelationship.organizer",0,1,"",""
"Observation.entryRelationship.act","","","",0,1,"","","","http://hl7.org/fhir/cda/StructureDefinition/Act {[]} {[]}
","","","","","","","","","","","",,,,,"",,,,"Observation.entryRelationship.act",0,1,"",""
"Observation.entryRelationship","entryRelationship3","","",0,*,"","","","Element {[]} {[]}
","entryRelationship","MAY contain zero or more [0..*] entryRelationship (CONF:1098-32037) such that it","","","","","","","","","",,,,,"",,,,"Observation.entryRelationship",0,*,"",""
"Observation.entryRelationship.typeCode","entryRelationship3","","",1,1,"","","","code {[]} {[]}
","typeCode","SHALL contain exactly one [1..1] @typeCode=""SUBJ"" Has subject (CodeSystem: HL7ActRelationshipType urn:oid:2.16.840.1.113883.5.1002) (CONF:1098-32038).","","","","","","<valueString xmlns=""http://hl7.org/fhir"" value=""SUBJ""/>","","","",,,,,"",,,,"Observation.entryRelationship.typeCode",1,1,"",""
"Observation.entryRelationship.inversionInd","","","",0,1,"","","","boolean {[]} {[]}
","","","","","","","","","","","",,,,,"",,,,"Observation.entryRelationship.inversionInd",0,1,"",""
"Observation.entryRelationship.contextConductionInd","","","",1,1,"","","","boolean {[]} {[]}
","","","","","<valueBoolean xmlns=""http://hl7.org/fhir"" value=""true""/>","","","","","","",,,,,"",,,,"Observation.entryRelationship.contextConductionInd",1,1,"",""
"Observation.entryRelationship.sequenceNumber","","","",0,1,"","","","http://hl7.org/fhir/cda/StructureDefinition/INT {[]} {[]}
","","","","","","","","","","","",,,,,"",,,,"Observation.entryRelationship.sequenceNumber",0,1,"",""
"Observation.entryRelationship.negationInd","","","",0,1,"","","","boolean {[]} {[]}
","","","","","","","","","","","",,,,,"",,,,"Observation.entryRelationship.negationInd",0,1,"",""
"Observation.entryRelationship.seperatableInd","","","",0,1,"","","","http://hl7.org/fhir/cda/StructureDefinition/BL {[]} {[]}
","","","","","","","","","","","",,,,,"",,,,"Observation.entryRelationship.seperatableInd",0,1,"",""
"Observation.entryRelationship.observation","","","",0,1,"","","","http://hl7.org/fhir/cda/StructureDefinition/Observation {[]} {[]}
","","","","","","","","","","","",,,,,"",,,,"Observation.entryRelationship.observation",0,1,"",""
"Observation.entryRelationship.regionOfInterest","","","",0,1,"","","","http://hl7.org/fhir/cda/StructureDefinition/RegionOfInterest {[]} {[]}
","","","","","","","","","","","",,,,,"",,,,"Observation.entryRelationship.regionOfInterest",0,1,"",""
"Observation.entryRelationship.observationMedia","","","",0,1,"","","","http://hl7.org/fhir/cda/StructureDefinition/ObservationMedia {[]} {[]}
","","","","","","","","","","","",,,,,"",,,,"Observation.entryRelationship.observationMedia",0,1,"",""
"Observation.entryRelationship.substanceAdministration","","","",0,1,"","","","http://hl7.org/fhir/cda/StructureDefinition/SubstanceAdministration {[]} {[]}
","","","","","","","","","","","",,,,,"",,,,"Observation.entryRelationship.substanceAdministration",0,1,"",""
"Observation.entryRelationship.supply","","","",0,1,"","","","http://hl7.org/fhir/cda/StructureDefinition/Supply {[]} {[]}
","","","","","","","","","","","",,,,,"",,,,"Observation.entryRelationship.supply",0,1,"",""
"Observation.entryRelationship.procedure","","","",0,1,"","","","http://hl7.org/fhir/cda/StructureDefinition/Procedure {[]} {[]}
","","","","","","","","","","","",,,,,"",,,,"Observation.entryRelationship.procedure",0,1,"",""
"Observation.entryRelationship.encounter","","","",0,1,"","","","http://hl7.org/fhir/cda/StructureDefinition/Encounter {[]} {[]}
","","","","","","","","","","","",,,,,"",,,,"Observation.entryRelationship.encounter",0,1,"",""
"Observation.entryRelationship.organizer","","","",0,1,"","","","http://hl7.org/fhir/cda/StructureDefinition/Organizer {[]} {[]}
","","","","","","","","","","","",,,,,"",,,,"Observation.entryRelationship.organizer",0,1,"",""
"Observation.entryRelationship.act","entryRelationship3","","",1,1,"","","","http://hl7.org/fhir/cda/StructureDefinition/Act {[CanonicalType[http://hl7.org/fhir/cda/ccda/StructureDefinition/2.16.840.1.113883.10.20.22.4.20]]} {[]}
","act","SHALL contain exactly one [1..1] Instruction (V2) (identifier: urn:hl7ii:2.16.840.1.113883.10.20.22.4.20:2014-06-09) (CONF:1098-32039).","","","","","","","","","",,,,,"",,,,"Observation.entryRelationship.act",0,1,"",""
"Observation.entryRelationship","entryRelationship4","","",0,*,"","","","Element {[]} {[]}
","entryRelationship","MAY contain zero or more [0..*] entryRelationship (CONF:1098-32040) such that it","","","","","","","","","",,,,,"",,,,"Observation.entryRelationship",0,*,"",""
"Observation.entryRelationship.typeCode","entryRelationship4","","",1,1,"","","","code {[]} {[]}
","typeCode","SHALL contain exactly one [1..1] @typeCode=""COMP"" Has Component (CodeSystem: HL7ActRelationshipType urn:oid:2.16.840.1.113883.5.1002) (CONF:1098-32041).","","","","","","<valueString xmlns=""http://hl7.org/fhir"" value=""COMP""/>","","","",,,,,"",,,,"Observation.entryRelationship.typeCode",1,1,"",""
"Observation.entryRelationship.inversionInd","","","",0,1,"","","","boolean {[]} {[]}
","","","","","","","","","","","",,,,,"",,,,"Observation.entryRelationship.inversionInd",0,1,"",""
"Observation.entryRelationship.contextConductionInd","","","",1,1,"","","","boolean {[]} {[]}
","","","","","<valueBoolean xmlns=""http://hl7.org/fhir"" value=""true""/>","","","","","","",,,,,"",,,,"Observation.entryRelationship.contextConductionInd",1,1,"",""
"Observation.entryRelationship.sequenceNumber","","","",0,1,"","","","http://hl7.org/fhir/cda/StructureDefinition/INT {[]} {[]}
","","","","","","","","","","","",,,,,"",,,,"Observation.entryRelationship.sequenceNumber",0,1,"",""
"Observation.entryRelationship.negationInd","","","",0,1,"","","","boolean {[]} {[]}
","","","","","","","","","","","",,,,,"",,,,"Observation.entryRelationship.negationInd",0,1,"",""
"Observation.entryRelationship.seperatableInd","","","",0,1,"","","","http://hl7.org/fhir/cda/StructureDefinition/BL {[]} {[]}
","","","","","","","","","","","",,,,,"",,,,"Observation.entryRelationship.seperatableInd",0,1,"",""
"Observation.entryRelationship.observation","","","",0,1,"","","","http://hl7.org/fhir/cda/StructureDefinition/Observation {[]} {[]}
","","","","","","","","","","","",,,,,"",,,,"Observation.entryRelationship.observation",0,1,"",""
"Observation.entryRelationship.regionOfInterest","","","",0,1,"","","","http://hl7.org/fhir/cda/StructureDefinition/RegionOfInterest {[]} {[]}
","","","","","","","","","","","",,,,,"",,,,"Observation.entryRelationship.regionOfInterest",0,1,"",""
"Observation.entryRelationship.observationMedia","","","",0,1,"","","","http://hl7.org/fhir/cda/StructureDefinition/ObservationMedia {[]} {[]}
","","","","","","","","","","","",,,,,"",,,,"Observation.entryRelationship.observationMedia",0,1,"",""
"Observation.entryRelationship.substanceAdministration","","","",0,1,"","","","http://hl7.org/fhir/cda/StructureDefinition/SubstanceAdministration {[]} {[]}
","","","","","","","","","","","",,,,,"",,,,"Observation.entryRelationship.substanceAdministration",0,1,"",""
"Observation.entryRelationship.supply","","","",0,1,"","","","http://hl7.org/fhir/cda/StructureDefinition/Supply {[]} {[]}
","","","","","","","","","","","",,,,,"",,,,"Observation.entryRelationship.supply",0,1,"",""
"Observation.entryRelationship.procedure","","","",0,1,"","","","http://hl7.org/fhir/cda/StructureDefinition/Procedure {[]} {[]}
","","","","","","","","","","","",,,,,"",,,,"Observation.entryRelationship.procedure",0,1,"",""
"Observation.entryRelationship.encounter","","","",0,1,"","","","http://hl7.org/fhir/cda/StructureDefinition/Encounter {[]} {[]}
","","","","","","","","","","","",,,,,"",,,,"Observation.entryRelationship.encounter",0,1,"",""
"Observation.entryRelationship.organizer","","","",0,1,"","","","http://hl7.org/fhir/cda/StructureDefinition/Organizer {[]} {[]}
","","","","","","","","","","","",,,,,"",,,,"Observation.entryRelationship.organizer",0,1,"",""
"Observation.entryRelationship.act","entryRelationship4","","",1,1,"","","","http://hl7.org/fhir/cda/StructureDefinition/Act {[CanonicalType[http://hl7.org/fhir/cda/ccda/StructureDefinition/2.16.840.1.113883.10.20.22.4.129]]} {[]}
","act","SHALL contain exactly one [1..1] Planned Coverage (identifier: urn:oid:2.16.840.1.113883.10.20.22.4.129) (CONF:1098-32042).","","","","","","","","","",,,,,"",,,,"Observation.entryRelationship.act",0,1,"",""
"Observation.reference","","","",0,*,"","","","Element {[]} {[]}
","","","","","","","","","","","",,,,,"",,,,"Observation.reference",0,*,"",""
"Observation.reference.typeCode","","","",1,1,"","","","code {[]} {[]}
","","","","","","","","","","","",,,,,"",,,,"Observation.reference.typeCode",1,1,"",""
"Observation.reference.seperatableInd","","","",0,1,"","","","http://hl7.org/fhir/cda/StructureDefinition/BL {[]} {[]}
","","","","","","","","","","","",,,,,"",,,,"Observation.reference.seperatableInd",0,1,"",""
"Observation.reference.externalAct","","","",0,1,"","","","http://hl7.org/fhir/cda/StructureDefinition/ExternalAct {[]} {[]}
","","","","","","","","","","","",,,,,"",,,,"Observation.reference.externalAct",0,1,"",""
"Observation.reference.externalObservation","","","",0,1,"","","","http://hl7.org/fhir/cda/StructureDefinition/ExternalObservation {[]} {[]}
","","","","","","","","","","","",,,,,"",,,,"Observation.reference.externalObservation",0,1,"",""
"Observation.reference.externalProcedure","","","",0,1,"","","","http://hl7.org/fhir/cda/StructureDefinition/ExternalProcedure {[]} {[]}
","","","","","","","","","","","",,,,,"",,,,"Observation.reference.externalProcedure",0,1,"",""
"Observation.reference.externalDocument","","","",0,1,"","","","http://hl7.org/fhir/cda/StructureDefinition/ExternalDocument {[]} {[]}
","","","","","","","","","","","",,,,,"",,,,"Observation.reference.externalDocument",0,1,"",""
"Observation.precondition","","","",0,*,"","","","Element {[]} {[]}
","","","","","","","","","","","",,,,,"",,,,"Observation.precondition",0,*,"",""
"Observation.precondition.typeCode","","","",1,1,"","","","code {[]} {[]}
","","","","","<valueCode xmlns=""http://hl7.org/fhir"" value=""PRCN""/>","","<valueCode xmlns=""http://hl7.org/fhir"" value=""PRCN""/>","","","","",,"required","","http://terminology.hl7.org/ValueSet/v3-ActRelationshipConditional","",,,,"Observation.precondition.typeCode",1,1,"",""
"Observation.precondition.criterion","","","",1,1,"","","","http://hl7.org/fhir/cda/StructureDefinition/Criterion {[]} {[]}
","","","","","","","","","","","",,,,,"",,,,"Observation.precondition.criterion",1,1,"",""
"Observation.referenceRange","","","",0,*,"","","","Element {[]} {[]}
","","","","","","","","","","","",,,,,"",,,,"Observation.referenceRange",0,*,"",""
"Observation.referenceRange.typeCode","","","",1,1,"","","","code {[]} {[]}
","","","","","<valueCode xmlns=""http://hl7.org/fhir"" value=""REFV""/>","","<valueCode xmlns=""http://hl7.org/fhir"" value=""REFV""/>","","","","",,"required","","http://terminology.hl7.org/ValueSet/v3-ActRelationshipPertains","",,,,"Observation.referenceRange.typeCode",1,1,"",""
"Observation.referenceRange.observationRange","","","",1,1,"","","","http://hl7.org/fhir/cda/StructureDefinition/ObservationRange {[]} {[]}
","","","","","","","","","","","",,,,,"",,,,"Observation.referenceRange.observationRange",1,1,"",""
