"Path","Slice Name","Alias(s)","Label","Min","Max","Must Support?","Is Modifier?","Is Summary?","Type(s)","Short","Definition","Comments","Requirements","Default Value","Meaning When Missing","Fixed Value","Pattern","Example","Minimum Value","Maximum Value","Maximum Length","Binding Strength","Binding Description","Binding Value Set","Code","Slicing Discriminator","Slicing Description","Slicing Ordered","Slicing Rules","Base Path","Base Min","Base Max","Condition(s)","Constraint(s)"
"Author","","","",1,1,"","","","","","","","","","","","","","","",,,,,"",,,,"Base",0,*,"",""
"Author.nullFlavor","","","Exceptional Value Detail",0,1,"","","","code {[]} {[]}
","","If a value is an exceptional value (NULL-value), this specifies in what way and why proper information is missing.","","","","","","","","","",,"required","","http://terminology.hl7.org/ValueSet/v3-NullFlavor","",,,,"Author.nullFlavor",0,1,"",""
"Author.typeCode","","","",0,1,"","","","code {[]} {[]}
","","","","","","","<valueCode xmlns=""http://hl7.org/fhir"" value=""AUT""/>","","","","",,"required","","http://terminology.hl7.org/ValueSet/v3-ParticipationType","",,,,"Author.typeCode",0,1,"",""
"Author.contextControlCode","","","",0,1,"","","","code {[]} {[]}
","","","","","","","<valueCode xmlns=""http://hl7.org/fhir"" value=""OP""/>","","","","",,"required","","http://terminology.hl7.org/ValueSet/v3-ContextControl","",,,,"Author.contextControlCode",0,1,"",""
"Author.realmCode","","","",0,*,"","","","http://hl7.org/fhir/cda/StructureDefinition/CS {[]} {[]}
","","When valued in an instance, this attribute signals the imposition of realm-specific constraints. The value of this attribute identifies the realm in question","","","","","","","","","",,,,,"",,,,"Author.realmCode",0,*,"",""
"Author.typeId","","","",0,1,"","","","http://hl7.org/fhir/cda/StructureDefinition/II {[]} {[]}
","","When valued in an instance, this attribute signals the imposition of constraints defined in an HL7-specified message type. This might be a common type (also known as CMET in the messaging communication environment), or content included within a wrapper. The value of this attribute provides a unique identifier for the type in question.","","","","","","","","","",,,,,"",,,,"Author.typeId",0,1,"",""
"Author.templateId","","","",0,*,"","","","http://hl7.org/fhir/cda/StructureDefinition/II {[]} {[]}
","","SHALL contain exactly one [1..1] templateId (CONF:1098-32017) such that it","","","","","","","","","",,,,,"","value:root}
","",,"open","Author.templateId",0,*,"",""
"Author.templateId","templateId1","","",1,1,"","","","http://hl7.org/fhir/cda/StructureDefinition/II {[]} {[]}
","templateId","SHALL contain exactly one [1..1] templateId (CONF:1098-32017) such that it","","","","","","","","","",,,,,"",,,,"Author.templateId",0,*,"",""
"Author.functionCode","","","",0,1,"","","","http://hl7.org/fhir/cda/StructureDefinition/CE {[]} {[]}
","","","","","","","","","","","",,,,,"",,,,"Author.functionCode",0,1,"",""
"Author.time","","","",1,1,"","","","http://hl7.org/fhir/cda/StructureDefinition/TS {[]} {[]}
","time","SHALL contain exactly one [1..1] time (CONF:1098-31471).","","","","","","","","","",,,,,"",,,,"Author.time",1,1,"",""
"Author.assignedAuthor","","","",1,1,"","","","http://hl7.org/fhir/cda/StructureDefinition/AssignedAuthor {[]} {[]}
","assignedAuthor","SHALL contain exactly one [1..1] assignedAuthor (CONF:1098-31472).","","","","","","","","","",,,,,"",,,,"Author.assignedAuthor",1,1,"",""
