<?xml version="1.0" encoding="UTF-8"?>

<StructureDefinition xmlns="http://hl7.org/fhir">
  <id value="2.16.840.1.113883.10.20.22.4.119"/>
  <text>
    <status value="generated"/><div xmlns="http://www.w3.org/1999/xhtml"><table border="0" cellpadding="0" cellspacing="0" style="border: 0px #F0F0F0 solid; font-size: 11px; font-family: verdana; vertical-align: top;"><tr style="border: 1px #F0F0F0 solid; font-size: 11px; font-family: verdana; vertical-align: top;"><th style="vertical-align: top; text-align : left; background-color: white; border: 0px #F0F0F0 solid; padding:0px 4px 0px 4px" class="hierarchy"><a href="http://hl7.org/fhir/R4/formats.html#table" title="The logical name of the element">Name</a></th><th style="vertical-align: top; text-align : left; background-color: white; border: 0px #F0F0F0 solid; padding:0px 4px 0px 4px" class="hierarchy"><a href="http://hl7.org/fhir/R4/formats.html#table" title="Information about the use of the element">Flags</a></th><th style="vertical-align: top; text-align : left; background-color: white; border: 0px #F0F0F0 solid; padding:0px 4px 0px 4px" class="hierarchy"><a href="http://hl7.org/fhir/R4/formats.html#table" title="Minimum and Maximum # of times the the element can appear in the instance">Card.</a></th><th style="width: 100px" class="hierarchy"><a href="http://hl7.org/fhir/R4/formats.html#table" title="Reference to the type of the element">Type</a></th><th style="vertical-align: top; text-align : left; background-color: white; border: 0px #F0F0F0 solid; padding:0px 4px 0px 4px" class="hierarchy"><a href="http://hl7.org/fhir/R4/formats.html#table" title="Additional information about the element">Description &amp; Constraints</a><span style="float: right"><a href="http://hl7.org/fhir/R4/formats.html#table" title="Legend for this format"><img src="http://hl7.org/fhir/R4/help16.png" alt="doco" style="background-color: inherit"/></a></span></th></tr><tr style="border: 0px #F0F0F0 solid; padding:0px; vertical-align: top; background-color: white;"><td style="vertical-align: top; text-align : left; background-color: white; border: 0px #F0F0F0 solid; padding:0px 4px 0px 4px; white-space: nowrap; background-image: url(tbl_bck1.png)" class="hierarchy"><img src="tbl_spacer.png" alt="." style="background-color: inherit" class="hierarchy"/><img src="icon_element.gif" alt="." style="background-color: white; background-color: inherit" title="Element" class="hierarchy"/> <a href="{{[type]}}-{{[id]}}-definitions.html#Author" title="null">Author</a><a name="Author"> </a></td><td style="vertical-align: top; text-align : left; background-color: white; border: 0px #F0F0F0 solid; padding:0px 4px 0px 4px" class="hierarchy"/><td style="vertical-align: top; text-align : left; background-color: white; border: 0px #F0F0F0 solid; padding:0px 4px 0px 4px" class="hierarchy"><span style="opacity: 0.4">1</span><span style="opacity: 0.5">..</span><span style="opacity: 0.4">1</span></td><td style="vertical-align: top; text-align : left; background-color: white; border: 0px #F0F0F0 solid; padding:0px 4px 0px 4px" class="hierarchy"><a href="file://C:\Users\sean.mcilvenna\Code\cda-core-2.0\output/{{[type]}}-Author.html">CDAR2.Author</a></td><td style="vertical-align: top; text-align : left; background-color: white; border: 0px #F0F0F0 solid; padding:0px 4px 0px 4px" class="hierarchy"/></tr>
<tr style="border: 0px #F0F0F0 solid; padding:0px; vertical-align: top; background-color: #F7F7F7;"><td style="vertical-align: top; text-align : left; background-color: #F7F7F7; border: 0px #F0F0F0 solid; padding:0px 4px 0px 4px; white-space: nowrap; background-image: url(tbl_bck13.png)" class="hierarchy"><img src="tbl_spacer.png" alt="." style="background-color: inherit" class="hierarchy"/><img src="tbl_vjoin.png" alt="." style="background-color: inherit" class="hierarchy"/><img src="icon_slice.png" alt="." style="background-color: #F7F7F7; background-color: inherit" title="Slice Definition" class="hierarchy"/> <a style="font-style: italic" href="{{[type]}}-{{[id]}}-definitions.html#Author.templateId" title="SHALL contain exactly one [1..1] templateId (CONF:1098-32017) such that it">templateId</a><a name="Author.templateId"> </a></td><td style="vertical-align: top; text-align : left; background-color: #F7F7F7; border: 0px #F0F0F0 solid; padding:0px 4px 0px 4px" class="hierarchy"/><td style="vertical-align: top; text-align : left; background-color: #F7F7F7; border: 0px #F0F0F0 solid; padding:0px 4px 0px 4px" class="hierarchy"><span style="font-style: italic"/><span style="opacity: 0.4; font-style: italic">0</span><span style="opacity: 0.5; font-style: italic">..</span><span style="opacity: 0.4; font-style: italic">*</span></td><td style="vertical-align: top; text-align : left; background-color: #F7F7F7; border: 0px #F0F0F0 solid; padding:0px 4px 0px 4px" class="hierarchy"><a style="font-style: italic" href="http://hl7.org/fhir/R4/profiling.html#slicing">(Slice Definition)</a></td><td style="vertical-align: top; text-align : left; background-color: #F7F7F7; border: 0px #F0F0F0 solid; padding:0px 4px 0px 4px" class="hierarchy"><span style="font-weight:bold; font-style: italic">Slice: </span><span style="font-style: italic">Unordered, Open by value:root</span></td></tr>
<tr style="border: 0px #F0F0F0 solid; padding:0px; vertical-align: top; background-color: white;"><td style="vertical-align: top; text-align : left; background-color: white; border: 0px #F0F0F0 solid; padding:0px 4px 0px 4px; white-space: nowrap; background-image: url(tbl_bck125.png)" class="hierarchy"><img src="tbl_spacer.png" alt="." style="background-color: inherit" class="hierarchy"/><img src="tbl_vline.png" alt="." style="background-color: inherit" class="hierarchy"/><img src="tbl_vjoin_end_slicer.png" alt="." style="background-color: inherit" class="hierarchy"/><img src="icon_slice_item.png" alt="." style="background-color: white; background-color: inherit" title="Slice Item" class="hierarchy"/> <a href="{{[type]}}-{{[id]}}-definitions.html#Author.templateId:templateId1" title="Slice templateId1: SHALL contain exactly one [1..1] templateId (CONF:1098-32017) such that it">templateId:templateId1</a><a name="Author.templateId"> </a></td><td style="vertical-align: top; text-align : left; background-color: white; border: 0px #F0F0F0 solid; padding:0px 4px 0px 4px" class="hierarchy"/><td style="vertical-align: top; text-align : left; background-color: white; border: 0px #F0F0F0 solid; padding:0px 4px 0px 4px" class="hierarchy">1..1</td><td style="vertical-align: top; text-align : left; background-color: white; border: 0px #F0F0F0 solid; padding:0px 4px 0px 4px" class="hierarchy"><a style="opacity: 0.4" href="file://C:\Users\sean.mcilvenna\Code\cda-core-2.0\output/{{[type]}}-II.html">II</a></td><td style="vertical-align: top; text-align : left; background-color: white; border: 0px #F0F0F0 solid; padding:0px 4px 0px 4px" class="hierarchy">templateId</td></tr>
<tr style="border: 0px #F0F0F0 solid; padding:0px; vertical-align: top; background-color: #F7F7F7;"><td style="vertical-align: top; text-align : left; background-color: #F7F7F7; border: 0px #F0F0F0 solid; padding:0px 4px 0px 4px; white-space: nowrap; background-image: url(tbl_bck1244.png)" class="hierarchy"><img src="tbl_spacer.png" alt="." style="background-color: inherit" class="hierarchy"/><img src="tbl_vline.png" alt="." style="background-color: inherit" class="hierarchy"/><img src="tbl_blank.png" alt="." style="background-color: inherit" class="hierarchy"/><img src="tbl_vjoin_end_slice.png" alt="." style="background-color: inherit" class="hierarchy"/><img src="icon_slice_item.png" alt="." style="background-color: #F7F7F7; background-color: inherit" title="Slice Item" class="hierarchy"/> <a href="{{[type]}}-{{[id]}}-definitions.html#Author.templateId:templateId1.root:templateId1" title="Slice templateId1: SHALL contain exactly one [1..1] @root=&quot;2.16.840.1.113883.10.20.22.4.119&quot; (CONF:1098-32018).">root:templateId1</a><a name="Author.templateId.root"> </a></td><td style="vertical-align: top; text-align : left; background-color: #F7F7F7; border: 0px #F0F0F0 solid; padding:0px 4px 0px 4px" class="hierarchy"/><td style="vertical-align: top; text-align : left; background-color: #F7F7F7; border: 0px #F0F0F0 solid; padding:0px 4px 0px 4px" class="hierarchy">1..1</td><td style="vertical-align: top; text-align : left; background-color: #F7F7F7; border: 0px #F0F0F0 solid; padding:0px 4px 0px 4px" class="hierarchy"/><td style="vertical-align: top; text-align : left; background-color: #F7F7F7; border: 0px #F0F0F0 solid; padding:0px 4px 0px 4px" class="hierarchy">root<br/><span style="font-weight:bold">Required Pattern: </span><span style="color: darkgreen">2.16.840.1.113883.10.20.22.4.119</span></td></tr>
<tr style="border: 0px #F0F0F0 solid; padding:0px; vertical-align: top; background-color: white;"><td style="vertical-align: top; text-align : left; background-color: white; border: 0px #F0F0F0 solid; padding:0px 4px 0px 4px; white-space: nowrap; background-image: url(tbl_bck10.png)" class="hierarchy"><img src="tbl_spacer.png" alt="." style="background-color: inherit" class="hierarchy"/><img src="tbl_vjoin.png" alt="." style="background-color: inherit" class="hierarchy"/><img src="icon_element.gif" alt="." style="background-color: white; background-color: inherit" title="Element" class="hierarchy"/> <a href="{{[type]}}-{{[id]}}-definitions.html#Author.time" title="SHALL contain exactly one [1..1] time (CONF:1098-31471).">time</a><a name="Author.time"> </a></td><td style="vertical-align: top; text-align : left; background-color: white; border: 0px #F0F0F0 solid; padding:0px 4px 0px 4px" class="hierarchy"/><td style="vertical-align: top; text-align : left; background-color: white; border: 0px #F0F0F0 solid; padding:0px 4px 0px 4px" class="hierarchy">1..1</td><td style="vertical-align: top; text-align : left; background-color: white; border: 0px #F0F0F0 solid; padding:0px 4px 0px 4px" class="hierarchy"><a style="opacity: 0.4" href="file://C:\Users\sean.mcilvenna\Code\cda-core-2.0\output/{{[type]}}-TS.html">TS</a></td><td style="vertical-align: top; text-align : left; background-color: white; border: 0px #F0F0F0 solid; padding:0px 4px 0px 4px" class="hierarchy">time</td></tr>
<tr style="border: 0px #F0F0F0 solid; padding:0px; vertical-align: top; background-color: #F7F7F7;"><td style="vertical-align: top; text-align : left; background-color: #F7F7F7; border: 0px #F0F0F0 solid; padding:0px 4px 0px 4px; white-space: nowrap; background-image: url(tbl_bck01.png)" class="hierarchy"><img src="tbl_spacer.png" alt="." style="background-color: inherit" class="hierarchy"/><img src="tbl_vjoin_end.png" alt="." style="background-color: inherit" class="hierarchy"/><img src="icon_element.gif" alt="." style="background-color: #F7F7F7; background-color: inherit" title="Element" class="hierarchy"/> <a href="{{[type]}}-{{[id]}}-definitions.html#Author.assignedAuthor" title="SHALL contain exactly one [1..1] assignedAuthor (CONF:1098-31472).">assignedAuthor</a><a name="Author.assignedAuthor"> </a></td><td style="vertical-align: top; text-align : left; background-color: #F7F7F7; border: 0px #F0F0F0 solid; padding:0px 4px 0px 4px" class="hierarchy"/><td style="vertical-align: top; text-align : left; background-color: #F7F7F7; border: 0px #F0F0F0 solid; padding:0px 4px 0px 4px" class="hierarchy">1..1</td><td style="vertical-align: top; text-align : left; background-color: #F7F7F7; border: 0px #F0F0F0 solid; padding:0px 4px 0px 4px" class="hierarchy"><a style="opacity: 0.4" href="file://C:\Users\sean.mcilvenna\Code\cda-core-2.0\output/{{[type]}}-AssignedAuthor.html">CDAR2.AssignedAuthor</a></td><td style="vertical-align: top; text-align : left; background-color: #F7F7F7; border: 0px #F0F0F0 solid; padding:0px 4px 0px 4px" class="hierarchy">assignedAuthor</td></tr>
<tr style="border: 0px #F0F0F0 solid; padding:0px; vertical-align: top; background-color: white;"><td style="vertical-align: top; text-align : left; background-color: white; border: 0px #F0F0F0 solid; padding:0px 4px 0px 4px; white-space: nowrap; background-image: url(tbl_bck010.png)" class="hierarchy"><img src="tbl_spacer.png" alt="." style="background-color: inherit" class="hierarchy"/><img src="tbl_blank.png" alt="." style="background-color: inherit" class="hierarchy"/><img src="tbl_vjoin.png" alt="." style="background-color: inherit" class="hierarchy"/><img src="icon_element.gif" alt="." style="background-color: white; background-color: inherit" title="Element" class="hierarchy"/> <a href="{{[type]}}-{{[id]}}-definitions.html#Author.assignedAuthor.id" title="This assignedAuthor SHALL contain at least one [1..*] id (CONF:1098-31473).">id</a><a name="Author.assignedAuthor.id"> </a></td><td style="vertical-align: top; text-align : left; background-color: white; border: 0px #F0F0F0 solid; padding:0px 4px 0px 4px" class="hierarchy"><span style="padding-left: 3px; padding-right: 3px; color: black; null" title="This element has or is affected by some invariants (1098-32628)">I</span></td><td style="vertical-align: top; text-align : left; background-color: white; border: 0px #F0F0F0 solid; padding:0px 4px 0px 4px" class="hierarchy">1..*</td><td style="vertical-align: top; text-align : left; background-color: white; border: 0px #F0F0F0 solid; padding:0px 4px 0px 4px" class="hierarchy"/><td style="vertical-align: top; text-align : left; background-color: white; border: 0px #F0F0F0 solid; padding:0px 4px 0px 4px" class="hierarchy">This id may be set equal to (a pointer to) an id on a participant elsewhere in the document (header or entries) or a new author participant can be described here. If the id is pointing to a participant already described elsewhere in the document, assignedAuthor/id is sufficient to identify this participant and none of the remaining details of assignedAuthor are required to be set. Application Software must be responsible for resolving the identifier back to its original object and then rendering the information in the correct place in the containing section's narrative text. This id must be a pointer to another author participant.<br/><span style="font-weight:bold">1098-32628: </span>If the ID isn't referencing an author described elsewhere in the document, then the author components required in US Realm Header are required here as well (CONF:1098-32628).<br/></td></tr>
<tr style="border: 0px #F0F0F0 solid; padding:0px; vertical-align: top; background-color: #F7F7F7;"><td style="vertical-align: top; text-align : left; background-color: #F7F7F7; border: 0px #F0F0F0 solid; padding:0px 4px 0px 4px; white-space: nowrap; background-image: url(tbl_bck010.png)" class="hierarchy"><img src="tbl_spacer.png" alt="." style="background-color: inherit" class="hierarchy"/><img src="tbl_blank.png" alt="." style="background-color: inherit" class="hierarchy"/><img src="tbl_vjoin.png" alt="." style="background-color: inherit" class="hierarchy"/><img src="icon_element.gif" alt="." style="background-color: #F7F7F7; background-color: inherit" title="Element" class="hierarchy"/> <a href="{{[type]}}-{{[id]}}-definitions.html#Author.assignedAuthor.code" title="This assignedAuthor SHOULD contain zero or one [0..1] code, which SHOULD be selected from ValueSet Healthcare Provider Taxonomy urn:oid:2.16.840.1.114222.4.11.1066 DYNAMIC (CONF:1098-31671).">code</a><a name="Author.assignedAuthor.code"> </a></td><td style="vertical-align: top; text-align : left; background-color: #F7F7F7; border: 0px #F0F0F0 solid; padding:0px 4px 0px 4px" class="hierarchy"><span style="padding-left: 3px; padding-right: 3px; color: black; null" title="This element has or is affected by some invariants (1098-32315)">I</span></td><td style="vertical-align: top; text-align : left; background-color: #F7F7F7; border: 0px #F0F0F0 solid; padding:0px 4px 0px 4px" class="hierarchy">0..1</td><td style="vertical-align: top; text-align : left; background-color: #F7F7F7; border: 0px #F0F0F0 solid; padding:0px 4px 0px 4px" class="hierarchy"/><td style="vertical-align: top; text-align : left; background-color: #F7F7F7; border: 0px #F0F0F0 solid; padding:0px 4px 0px 4px" class="hierarchy">code<br/><span style="font-weight:bold">Binding: </span><a href="https://cts.nlm.nih.gov/fhir/ValueSet/2.16.840.1.114222.4.11.1066">https://cts.nlm.nih.gov/fhir/ValueSet/2.16.840.1.114222.4.11.1066</a> (<a href="http://hl7.org/fhir/R4/terminologies.html#preferred" title="Instances are encouraged to draw from the specified codes for interoperability purposes but are not required to do so to be considered conformant.">preferred</a>)<br/><span style="font-weight:bold">1098-32315: </span>If the content is patient authored the code **SHOULD** be selected from Personal And Legal Relationship Role Type (2.16.840.1.113883.11.20.12.1) (CONF:1098-32315).</td></tr>
<tr style="border: 0px #F0F0F0 solid; padding:0px; vertical-align: top; background-color: white;"><td style="vertical-align: top; text-align : left; background-color: white; border: 0px #F0F0F0 solid; padding:0px 4px 0px 4px; white-space: nowrap; background-image: url(tbl_bck011.png)" class="hierarchy"><img src="tbl_spacer.png" alt="." style="background-color: inherit" class="hierarchy"/><img src="tbl_blank.png" alt="." style="background-color: inherit" class="hierarchy"/><img src="tbl_vjoin.png" alt="." style="background-color: inherit" class="hierarchy"/><img src="icon_element.gif" alt="." style="background-color: white; background-color: inherit" title="Element" class="hierarchy"/> <a href="{{[type]}}-{{[id]}}-definitions.html#Author.assignedAuthor.assignedPerson" title="This assignedAuthor MAY contain zero or one [0..1] assignedPerson (CONF:1098-31474).">assignedPerson</a><a name="Author.assignedAuthor.assignedPerson"> </a></td><td style="vertical-align: top; text-align : left; background-color: white; border: 0px #F0F0F0 solid; padding:0px 4px 0px 4px" class="hierarchy"/><td style="vertical-align: top; text-align : left; background-color: white; border: 0px #F0F0F0 solid; padding:0px 4px 0px 4px" class="hierarchy">0..1</td><td style="vertical-align: top; text-align : left; background-color: white; border: 0px #F0F0F0 solid; padding:0px 4px 0px 4px" class="hierarchy"/><td style="vertical-align: top; text-align : left; background-color: white; border: 0px #F0F0F0 solid; padding:0px 4px 0px 4px" class="hierarchy">assignedPerson</td></tr>
<tr style="border: 0px #F0F0F0 solid; padding:0px; vertical-align: top; background-color: #F7F7F7;"><td style="vertical-align: top; text-align : left; background-color: #F7F7F7; border: 0px #F0F0F0 solid; padding:0px 4px 0px 4px; white-space: nowrap; background-image: url(tbl_bck0100.png)" class="hierarchy"><img src="tbl_spacer.png" alt="." style="background-color: inherit" class="hierarchy"/><img src="tbl_blank.png" alt="." style="background-color: inherit" class="hierarchy"/><img src="tbl_vline.png" alt="." style="background-color: inherit" class="hierarchy"/><img src="tbl_vjoin_end.png" alt="." style="background-color: inherit" class="hierarchy"/><img src="icon_element.gif" alt="." style="background-color: #F7F7F7; background-color: inherit" title="Element" class="hierarchy"/> <a href="{{[type]}}-{{[id]}}-definitions.html#Author.assignedAuthor.assignedPerson.name" title="The assignedPerson, if present, MAY contain zero or more [0..*] name (CONF:1098-31475).">name</a><a name="Author.assignedAuthor.assignedPerson.name"> </a></td><td style="vertical-align: top; text-align : left; background-color: #F7F7F7; border: 0px #F0F0F0 solid; padding:0px 4px 0px 4px" class="hierarchy"/><td style="vertical-align: top; text-align : left; background-color: #F7F7F7; border: 0px #F0F0F0 solid; padding:0px 4px 0px 4px" class="hierarchy">0..*</td><td style="vertical-align: top; text-align : left; background-color: #F7F7F7; border: 0px #F0F0F0 solid; padding:0px 4px 0px 4px" class="hierarchy"/><td style="vertical-align: top; text-align : left; background-color: #F7F7F7; border: 0px #F0F0F0 solid; padding:0px 4px 0px 4px" class="hierarchy">name<br/></td></tr>
<tr style="border: 0px #F0F0F0 solid; padding:0px; vertical-align: top; background-color: white;"><td style="vertical-align: top; text-align : left; background-color: white; border: 0px #F0F0F0 solid; padding:0px 4px 0px 4px; white-space: nowrap; background-image: url(tbl_bck001.png)" class="hierarchy"><img src="tbl_spacer.png" alt="." style="background-color: inherit" class="hierarchy"/><img src="tbl_blank.png" alt="." style="background-color: inherit" class="hierarchy"/><img src="tbl_vjoin_end.png" alt="." style="background-color: inherit" class="hierarchy"/><img src="icon_element.gif" alt="." style="background-color: white; background-color: inherit" title="Element" class="hierarchy"/> <a href="{{[type]}}-{{[id]}}-definitions.html#Author.assignedAuthor.representedOrganization" title="This assignedAuthor MAY contain zero or one [0..1] representedOrganization (CONF:1098-31476).">representedOrganization</a><a name="Author.assignedAuthor.representedOrganization"> </a></td><td style="vertical-align: top; text-align : left; background-color: white; border: 0px #F0F0F0 solid; padding:0px 4px 0px 4px" class="hierarchy"/><td style="vertical-align: top; text-align : left; background-color: white; border: 0px #F0F0F0 solid; padding:0px 4px 0px 4px" class="hierarchy">0..1</td><td style="vertical-align: top; text-align : left; background-color: white; border: 0px #F0F0F0 solid; padding:0px 4px 0px 4px" class="hierarchy"/><td style="vertical-align: top; text-align : left; background-color: white; border: 0px #F0F0F0 solid; padding:0px 4px 0px 4px" class="hierarchy">representedOrganization</td></tr>
<tr style="border: 0px #F0F0F0 solid; padding:0px; vertical-align: top; background-color: #F7F7F7;"><td style="vertical-align: top; text-align : left; background-color: #F7F7F7; border: 0px #F0F0F0 solid; padding:0px 4px 0px 4px; white-space: nowrap; background-image: url(tbl_bck0010.png)" class="hierarchy"><img src="tbl_spacer.png" alt="." style="background-color: inherit" class="hierarchy"/><img src="tbl_blank.png" alt="." style="background-color: inherit" class="hierarchy"/><img src="tbl_blank.png" alt="." style="background-color: inherit" class="hierarchy"/><img src="tbl_vjoin.png" alt="." style="background-color: inherit" class="hierarchy"/><img src="icon_element.gif" alt="." style="background-color: #F7F7F7; background-color: inherit" title="Element" class="hierarchy"/> <a href="{{[type]}}-{{[id]}}-definitions.html#Author.assignedAuthor.representedOrganization.id" title="The representedOrganization, if present, MAY contain zero or more [0..*] id (CONF:1098-31478).">id</a><a name="Author.assignedAuthor.representedOrganization.id"> </a></td><td style="vertical-align: top; text-align : left; background-color: #F7F7F7; border: 0px #F0F0F0 solid; padding:0px 4px 0px 4px" class="hierarchy"/><td style="vertical-align: top; text-align : left; background-color: #F7F7F7; border: 0px #F0F0F0 solid; padding:0px 4px 0px 4px" class="hierarchy">0..*</td><td style="vertical-align: top; text-align : left; background-color: #F7F7F7; border: 0px #F0F0F0 solid; padding:0px 4px 0px 4px" class="hierarchy"/><td style="vertical-align: top; text-align : left; background-color: #F7F7F7; border: 0px #F0F0F0 solid; padding:0px 4px 0px 4px" class="hierarchy">id<br/></td></tr>
<tr style="border: 0px #F0F0F0 solid; padding:0px; vertical-align: top; background-color: white;"><td style="vertical-align: top; text-align : left; background-color: white; border: 0px #F0F0F0 solid; padding:0px 4px 0px 4px; white-space: nowrap; background-image: url(tbl_bck0010.png)" class="hierarchy"><img src="tbl_spacer.png" alt="." style="background-color: inherit" class="hierarchy"/><img src="tbl_blank.png" alt="." style="background-color: inherit" class="hierarchy"/><img src="tbl_blank.png" alt="." style="background-color: inherit" class="hierarchy"/><img src="tbl_vjoin.png" alt="." style="background-color: inherit" class="hierarchy"/><img src="icon_element.gif" alt="." style="background-color: white; background-color: inherit" title="Element" class="hierarchy"/> <a href="{{[type]}}-{{[id]}}-definitions.html#Author.assignedAuthor.representedOrganization.name" title="The representedOrganization, if present, MAY contain zero or more [0..*] name (CONF:1098-31479).">name</a><a name="Author.assignedAuthor.representedOrganization.name"> </a></td><td style="vertical-align: top; text-align : left; background-color: white; border: 0px #F0F0F0 solid; padding:0px 4px 0px 4px" class="hierarchy"/><td style="vertical-align: top; text-align : left; background-color: white; border: 0px #F0F0F0 solid; padding:0px 4px 0px 4px" class="hierarchy">0..*</td><td style="vertical-align: top; text-align : left; background-color: white; border: 0px #F0F0F0 solid; padding:0px 4px 0px 4px" class="hierarchy"/><td style="vertical-align: top; text-align : left; background-color: white; border: 0px #F0F0F0 solid; padding:0px 4px 0px 4px" class="hierarchy">name<br/></td></tr>
<tr style="border: 0px #F0F0F0 solid; padding:0px; vertical-align: top; background-color: #F7F7F7;"><td style="vertical-align: top; text-align : left; background-color: #F7F7F7; border: 0px #F0F0F0 solid; padding:0px 4px 0px 4px; white-space: nowrap; background-image: url(tbl_bck0010.png)" class="hierarchy"><img src="tbl_spacer.png" alt="." style="background-color: inherit" class="hierarchy"/><img src="tbl_blank.png" alt="." style="background-color: inherit" class="hierarchy"/><img src="tbl_blank.png" alt="." style="background-color: inherit" class="hierarchy"/><img src="tbl_vjoin.png" alt="." style="background-color: inherit" class="hierarchy"/><img src="icon_element.gif" alt="." style="background-color: #F7F7F7; background-color: inherit" title="Element" class="hierarchy"/> <a href="{{[type]}}-{{[id]}}-definitions.html#Author.assignedAuthor.representedOrganization.telecom" title="The representedOrganization, if present, MAY contain zero or more [0..*] telecom (CONF:1098-31480).">telecom</a><a name="Author.assignedAuthor.representedOrganization.telecom"> </a></td><td style="vertical-align: top; text-align : left; background-color: #F7F7F7; border: 0px #F0F0F0 solid; padding:0px 4px 0px 4px" class="hierarchy"/><td style="vertical-align: top; text-align : left; background-color: #F7F7F7; border: 0px #F0F0F0 solid; padding:0px 4px 0px 4px" class="hierarchy">0..*</td><td style="vertical-align: top; text-align : left; background-color: #F7F7F7; border: 0px #F0F0F0 solid; padding:0px 4px 0px 4px" class="hierarchy"/><td style="vertical-align: top; text-align : left; background-color: #F7F7F7; border: 0px #F0F0F0 solid; padding:0px 4px 0px 4px" class="hierarchy">telecom<br/></td></tr>
<tr style="border: 0px #F0F0F0 solid; padding:0px; vertical-align: top; background-color: white;"><td style="vertical-align: top; text-align : left; background-color: white; border: 0px #F0F0F0 solid; padding:0px 4px 0px 4px; white-space: nowrap; background-image: url(tbl_bck0000.png)" class="hierarchy"><img src="tbl_spacer.png" alt="." style="background-color: inherit" class="hierarchy"/><img src="tbl_blank.png" alt="." style="background-color: inherit" class="hierarchy"/><img src="tbl_blank.png" alt="." style="background-color: inherit" class="hierarchy"/><img src="tbl_vjoin_end.png" alt="." style="background-color: inherit" class="hierarchy"/><img src="icon_element.gif" alt="." style="background-color: white; background-color: inherit" title="Element" class="hierarchy"/> <a href="{{[type]}}-{{[id]}}-definitions.html#Author.assignedAuthor.representedOrganization.addr" title="The representedOrganization, if present, MAY contain zero or more [0..*] addr (CONF:1098-31481).">addr</a><a name="Author.assignedAuthor.representedOrganization.addr"> </a></td><td style="vertical-align: top; text-align : left; background-color: white; border: 0px #F0F0F0 solid; padding:0px 4px 0px 4px" class="hierarchy"/><td style="vertical-align: top; text-align : left; background-color: white; border: 0px #F0F0F0 solid; padding:0px 4px 0px 4px" class="hierarchy">0..*</td><td style="vertical-align: top; text-align : left; background-color: white; border: 0px #F0F0F0 solid; padding:0px 4px 0px 4px" class="hierarchy"/><td style="vertical-align: top; text-align : left; background-color: white; border: 0px #F0F0F0 solid; padding:0px 4px 0px 4px" class="hierarchy">addr<br/></td></tr>
<tr><td colspan="5" class="hierarchy"><br/><a href="http://hl7.org/fhir/R4/formats.html#table" title="Legend for this format"><img src="http://hl7.org/fhir/R4/help16.png" alt="doco" style="background-color: inherit"/> Documentation for this format</a></td></tr></table></div>
  </text>
  <url value="http://hl7.org/fhir/cda/ccda/StructureDefinition/2.16.840.1.113883.10.20.22.4.119"/>
  <identifier>
    <value value="urn:oid:2.16.840.1.113883.10.20.22.4.119"/>
  </identifier>
  <version value="2.1.0"/>
  <name value="AuthorParticipation"/>
  <title value="Author Participation"/>
  <status value="active"/>
  <date value="2020-01-13T13:37:55-08:00"/>
  <publisher value="Health Level 7"/>
  <description value="This template represents the Author Participation (including the author timestamp). CDA R2 requires that Author and Author timestamp be asserted in the document header. From there, authorship propagates to contained sections and contained entries, unless explicitly overridden.&#xA;&#xA;The Author Participation template was added to those templates in scope for analysis in R2. Although it is not explicitly stated in all templates the Author Participation template can be used in any template."/>
  <fhirVersion value="4.0.1"/>
  <kind value="resource"/>
  <abstract value="false"/>
  <type value="Author"/>
  <baseDefinition value="http://hl7.org/fhir/cda/StructureDefinition/Author"/>
  <derivation value="constraint"/>
  <snapshot>
    <element id="Author">
      <path value="Author"/>
      <min value="1"/>
      <max value="1"/>
      <base>
        <path value="Base"/>
        <min value="0"/>
        <max value="*"/>
      </base>
      <isModifier value="false"/>
    </element>
    <element id="Author.nullFlavor">
      <path value="Author.nullFlavor"/>
      <representation value="xmlAttr"/>
      <label value="Exceptional Value Detail"/>
      <definition value="If a value is an exceptional value (NULL-value), this specifies in what way and why proper information is missing."/>
      <min value="0"/>
      <max value="1"/>
      <base>
        <path value="Author.nullFlavor"/>
        <min value="0"/>
        <max value="1"/>
      </base>
      <type>
        <code value="code"/>
      </type>
      <binding>
        <strength value="required"/>
        <valueSet value="http://terminology.hl7.org/ValueSet/v3-NullFlavor"/>
      </binding>
    </element>
    <element id="Author.typeCode">
      <path value="Author.typeCode"/>
      <representation value="xmlAttr"/>
      <min value="0"/>
      <max value="1"/>
      <base>
        <path value="Author.typeCode"/>
        <min value="0"/>
        <max value="1"/>
      </base>
      <type>
        <code value="code"/>
      </type>
      <fixedCode value="AUT"/>
      <binding>
        <strength value="required"/>
        <valueSet value="http://terminology.hl7.org/ValueSet/v3-ParticipationType"/>
      </binding>
    </element>
    <element id="Author.contextControlCode">
      <path value="Author.contextControlCode"/>
      <representation value="xmlAttr"/>
      <min value="0"/>
      <max value="1"/>
      <base>
        <path value="Author.contextControlCode"/>
        <min value="0"/>
        <max value="1"/>
      </base>
      <type>
        <code value="code"/>
      </type>
      <fixedCode value="OP"/>
      <binding>
        <strength value="required"/>
        <valueSet value="http://terminology.hl7.org/ValueSet/v3-ContextControl"/>
      </binding>
    </element>
    <element id="Author.realmCode">
      <path value="Author.realmCode"/>
      <definition value="When valued in an instance, this attribute signals the imposition of realm-specific constraints. The value of this attribute identifies the realm in question"/>
      <min value="0"/>
      <max value="*"/>
      <base>
        <path value="Author.realmCode"/>
        <min value="0"/>
        <max value="*"/>
      </base>
      <type>
        <code value="http://hl7.org/fhir/cda/StructureDefinition/CS"/>
      </type>
    </element>
    <element id="Author.typeId">
      <path value="Author.typeId"/>
      <definition value="When valued in an instance, this attribute signals the imposition of constraints defined in an HL7-specified message type. This might be a common type (also known as CMET in the messaging communication environment), or content included within a wrapper. The value of this attribute provides a unique identifier for the type in question."/>
      <min value="0"/>
      <max value="1"/>
      <base>
        <path value="Author.typeId"/>
        <min value="0"/>
        <max value="1"/>
      </base>
      <type>
        <code value="http://hl7.org/fhir/cda/StructureDefinition/II"/>
      </type>
    </element>
    <element id="Author.templateId">
      <path value="Author.templateId"/>
      <slicing>
        <discriminator>
          <type value="value"/>
          <path value="root"/>
        </discriminator>
        <rules value="open"/>
      </slicing>
      <definition value="SHALL contain exactly one [1..1] templateId (CONF:1098-32017) such that it"/>
      <min value="0"/>
      <max value="*"/>
      <base>
        <path value="Author.templateId"/>
        <min value="0"/>
        <max value="*"/>
      </base>
      <type>
        <code value="http://hl7.org/fhir/cda/StructureDefinition/II"/>
      </type>
    </element>
    <element id="Author.templateId:templateId1">
      <path value="Author.templateId"/>
      <sliceName value="templateId1"/>
      <short value="templateId"/>
      <definition value="SHALL contain exactly one [1..1] templateId (CONF:1098-32017) such that it"/>
      <min value="1"/>
      <max value="1"/>
      <base>
        <path value="Author.templateId"/>
        <min value="0"/>
        <max value="*"/>
      </base>
      <type>
        <code value="http://hl7.org/fhir/cda/StructureDefinition/II"/>
      </type>
    </element>
    <element id="Author.functionCode">
      <path value="Author.functionCode"/>
      <min value="0"/>
      <max value="1"/>
      <base>
        <path value="Author.functionCode"/>
        <min value="0"/>
        <max value="1"/>
      </base>
      <type>
        <code value="http://hl7.org/fhir/cda/StructureDefinition/CE"/>
      </type>
    </element>
    <element id="Author.time">
      <path value="Author.time"/>
      <short value="time"/>
      <definition value="SHALL contain exactly one [1..1] time (CONF:1098-31471)."/>
      <min value="1"/>
      <max value="1"/>
      <base>
        <path value="Author.time"/>
        <min value="1"/>
        <max value="1"/>
      </base>
      <type>
        <code value="http://hl7.org/fhir/cda/StructureDefinition/TS"/>
      </type>
    </element>
    <element id="Author.assignedAuthor">
      <path value="Author.assignedAuthor"/>
      <short value="assignedAuthor"/>
      <definition value="SHALL contain exactly one [1..1] assignedAuthor (CONF:1098-31472)."/>
      <min value="1"/>
      <max value="1"/>
      <base>
        <path value="Author.assignedAuthor"/>
        <min value="1"/>
        <max value="1"/>
      </base>
      <type>
        <code value="http://hl7.org/fhir/cda/StructureDefinition/AssignedAuthor"/>
      </type>
    </element>
  </snapshot>
  <differential>
    <element id="Author">
      <path value="Author"/>
    </element>
    <element id="Author.templateId">
      <path value="Author.templateId"/>
      <slicing>
        <discriminator>
          <type value="value"/>
          <path value="root"/>
        </discriminator>
        <rules value="open"/>
      </slicing>
      <definition value="SHALL contain exactly one [1..1] templateId (CONF:1098-32017) such that it"/>
    </element>
    <element id="Author.templateId:templateId1">
      <path value="Author.templateId"/>
      <sliceName value="templateId1"/>
      <short value="templateId"/>
      <definition value="SHALL contain exactly one [1..1] templateId (CONF:1098-32017) such that it"/>
      <min value="1"/>
      <max value="1"/>
    </element>
    <element id="Author.templateId:templateId1.root:templateId1">
      <path value="Author.templateId.root"/>
      <sliceName value="templateId1"/>
      <short value="root"/>
      <definition value="SHALL contain exactly one [1..1] @root=&quot;2.16.840.1.113883.10.20.22.4.119&quot; (CONF:1098-32018)."/>
      <min value="1"/>
      <max value="1"/>
      <patternString value="2.16.840.1.113883.10.20.22.4.119"/>
    </element>
    <element id="Author.time">
      <path value="Author.time"/>
      <short value="time"/>
      <definition value="SHALL contain exactly one [1..1] time (CONF:1098-31471)."/>
      <min value="1"/>
      <max value="1"/>
    </element>
    <element id="Author.assignedAuthor">
      <path value="Author.assignedAuthor"/>
      <short value="assignedAuthor"/>
      <definition value="SHALL contain exactly one [1..1] assignedAuthor (CONF:1098-31472)."/>
      <min value="1"/>
      <max value="1"/>
    </element>
    <element id="Author.assignedAuthor.id">
      <path value="Author.assignedAuthor.id"/>
      <label value="This id may be set equal to (a pointer to) an id on a participant elsewhere in the document (header or entries) or a new author participant can be described here. If the id is pointing to a participant already described elsewhere in the document, assignedAuthor/id is sufficient to identify this participant and none of the remaining details of assignedAuthor are required to be set. Application Software must be responsible for resolving the identifier back to its original object and then rendering the information in the correct place in the containing section&#39;s narrative text. This id must be a pointer to another author participant."/>
      <short value="This id may be set equal to (a pointer to) an id on a participant elsewhere in the document (header or entries) or a new author participant can be described here. If the id is pointing to a participant already described elsewhere in the document, assignedAuthor/id is sufficient to identify this participant and none of the remaining details of assignedAuthor are required to be set. Application Software must be responsible for resolving the identifier back to its original object and then rendering the information in the correct place in the containing section&#39;s narrative text. This id must be a pointer to another author participant."/>
      <definition value="This assignedAuthor SHALL contain at least one [1..*] id (CONF:1098-31473)."/>
      <min value="1"/>
      <max value="*"/>
      <constraint>
        <key value="1098-32628"/>
        <severity value="error"/>
        <human value="If the ID isn&#39;t referencing an author described elsewhere in the document, then the author components required in US Realm Header are required here as well (CONF:1098-32628)."/>
      </constraint>
    </element>
    <element id="Author.assignedAuthor.code">
      <path value="Author.assignedAuthor.code"/>
      <short value="code"/>
      <definition value="This assignedAuthor SHOULD contain zero or one [0..1] code, which SHOULD be selected from ValueSet Healthcare Provider Taxonomy urn:oid:2.16.840.1.114222.4.11.1066 DYNAMIC (CONF:1098-31671)."/>
      <min value="0"/>
      <max value="1"/>
      <constraint>
        <key value="1098-32315"/>
        <severity value="warning"/>
        <human value="If the content is patient authored the code **SHOULD** be selected from Personal And Legal Relationship Role Type (2.16.840.1.113883.11.20.12.1) (CONF:1098-32315)."/>
      </constraint>
      <binding>
        <strength value="preferred"/>
        <valueSet value="https://cts.nlm.nih.gov/fhir/ValueSet/2.16.840.1.114222.4.11.1066"/>
      </binding>
    </element>
    <element id="Author.assignedAuthor.assignedPerson">
      <path value="Author.assignedAuthor.assignedPerson"/>
      <short value="assignedPerson"/>
      <definition value="This assignedAuthor MAY contain zero or one [0..1] assignedPerson (CONF:1098-31474)."/>
      <min value="0"/>
      <max value="1"/>
    </element>
    <element id="Author.assignedAuthor.assignedPerson.name">
      <path value="Author.assignedAuthor.assignedPerson.name"/>
      <short value="name"/>
      <definition value="The assignedPerson, if present, MAY contain zero or more [0..*] name (CONF:1098-31475)."/>
      <min value="0"/>
      <max value="*"/>
    </element>
    <element id="Author.assignedAuthor.representedOrganization">
      <path value="Author.assignedAuthor.representedOrganization"/>
      <short value="representedOrganization"/>
      <definition value="This assignedAuthor MAY contain zero or one [0..1] representedOrganization (CONF:1098-31476)."/>
      <min value="0"/>
      <max value="1"/>
    </element>
    <element id="Author.assignedAuthor.representedOrganization.id">
      <path value="Author.assignedAuthor.representedOrganization.id"/>
      <short value="id"/>
      <definition value="The representedOrganization, if present, MAY contain zero or more [0..*] id (CONF:1098-31478)."/>
      <min value="0"/>
      <max value="*"/>
    </element>
    <element id="Author.assignedAuthor.representedOrganization.name">
      <path value="Author.assignedAuthor.representedOrganization.name"/>
      <short value="name"/>
      <definition value="The representedOrganization, if present, MAY contain zero or more [0..*] name (CONF:1098-31479)."/>
      <min value="0"/>
      <max value="*"/>
    </element>
    <element id="Author.assignedAuthor.representedOrganization.telecom">
      <path value="Author.assignedAuthor.representedOrganization.telecom"/>
      <short value="telecom"/>
      <definition value="The representedOrganization, if present, MAY contain zero or more [0..*] telecom (CONF:1098-31480)."/>
      <min value="0"/>
      <max value="*"/>
    </element>
    <element id="Author.assignedAuthor.representedOrganization.addr">
      <path value="Author.assignedAuthor.representedOrganization.addr"/>
      <short value="addr"/>
      <definition value="The representedOrganization, if present, MAY contain zero or more [0..*] addr (CONF:1098-31481)."/>
      <min value="0"/>
      <max value="*"/>
    </element>
  </differential>
</StructureDefinition>