<?xml version="1.0" encoding="UTF-8"?>

<ValueSet xmlns="http://hl7.org/fhir">
  <id value="2.16.840.1.113883.11.20.9.21"/>
  <meta>
    <versionId value="5"/>
    <lastUpdated value="2018-05-07T22:08:23.000-07:00"/>
  </meta>
  <text>
    <status value="generated"/><div xmlns="http://www.w3.org/1999/xhtml">
            <h2>AgePQ_UCUM</h2>
            <p>This value set includes codes from the following code systems:</p>
            <ul>
                <li>Include these codes as defined in 
                    
                    <a href="http://unitsofmeasure.org">
                        <code>http://unitsofmeasure.org</code>
                    </a>
                    <table class="none">
                        <tr>
                            <td>
                                <b>Code</b>
                            </td>
                            <td>
                                <b>Display</b>
                            </td>
                        </tr>
                        <tr>
                            <td>a</td>
                            <td>year</td>
                            <td/>
                        </tr>
                        <tr>
                            <td>d</td>
                            <td>day</td>
                            <td/>
                        </tr>
                        <tr>
                            <td>h</td>
                            <td>hour</td>
                            <td/>
                        </tr>
                        <tr>
                            <td>min</td>
                            <td>minute</td>
                            <td/>
                        </tr>
                        <tr>
                            <td>mo</td>
                            <td>month</td>
                            <td/>
                        </tr>
                        <tr>
                            <td>wk</td>
                            <td>week</td>
                            <td/>
                        </tr>
                    </table>
                </li>
            </ul>
        </div>
  </text>
  <url value="http://cts.nlm.nih.gov/fhir/ValueSet/2.16.840.1.113883.11.20.9.21"/>
  <version value="2.1.0"/>
  <name value="AgePQUCUM"/>
  <title value="AgePQ_UCUM"/>
  <status value="active"/>
  <date value="2018-05-07T22:00:05-07:00"/>
  <publisher value="Health Level 7"/>
  <compose>
    <include>
      <system value="http://unitsofmeasure.org"/>
      <concept>
        <code value="a"/>
        <display value="year"/>
      </concept>
      <concept>
        <code value="d"/>
        <display value="day"/>
      </concept>
      <concept>
        <code value="h"/>
        <display value="hour"/>
      </concept>
      <concept>
        <code value="min"/>
        <display value="minute"/>
      </concept>
      <concept>
        <code value="mo"/>
        <display value="month"/>
      </concept>
      <concept>
        <code value="wk"/>
        <display value="week"/>
      </concept>
    </include>
  </compose>
</ValueSet>