<?xml version="1.0" encoding="UTF-8"?>

<ValueSet xmlns="http://hl7.org/fhir">
  <id value="2.16.840.1.114222.4.11.837"/>
  <meta>
    <versionId value="1"/>
    <lastUpdated value="2012-10-25T09:28:31.000-07:00"/>
  </meta>
  <text>
    <status value="generated"/><div xmlns="http://www.w3.org/1999/xhtml">
            <h2>Ethnicity</h2>
            <p>This value set includes codes from the following code systems:</p>
            <ul>
                <li>Include these codes as defined in 
                    
                    <code>http://cts.nlm.nih.gov/fhir/cs/cdcrec</code>
                    <table class="none">
                        <tr>
                            <td>
                                <b>Code</b>
                            </td>
                            <td>
                                <b>Display</b>
                            </td>
                        </tr>
                        <tr>
                            <td>2135-2</td>
                            <td>Hispanic or Latino</td>
                            <td/>
                        </tr>
                        <tr>
                            <td>2186-5</td>
                            <td>Not Hispanic or Latino</td>
                            <td/>
                        </tr>
                    </table>
                </li>
            </ul>
        </div>
  </text>
  <url value="http://cts.nlm.nih.gov/fhir/ValueSet/2.16.840.1.114222.4.11.837"/>
  <version value="2.1.0"/>
  <name value="Ethnicity"/>
  <title value="Ethnicity"/>
  <status value="active"/>
  <date value="2012-10-25T09:28:31-07:00"/>
  <publisher value="Health Level 7"/>
  <compose>
    <include>
      <system value="http://cts.nlm.nih.gov/fhir/cs/cdcrec"/>
      <concept>
        <code value="2135-2"/>
        <display value="Hispanic or Latino"/>
      </concept>
      <concept>
        <code value="2186-5"/>
        <display value="Not Hispanic or Latino"/>
      </concept>
    </include>
  </compose>
</ValueSet>