<?xml version="1.0" encoding="UTF-8"?>

<ValueSet xmlns="http://hl7.org/fhir">
  <id value="2.16.840.1.113883.11.20.9.35"/>
  <meta>
    <versionId value="16"/>
    <lastUpdated value="2018-05-18T22:08:36.000-07:00"/>
  </meta>
  <text>
    <status value="generated"/><div xmlns="http://www.w3.org/1999/xhtml">
            <h2>Pressure Ulcer Stage</h2>
            <p>This value set includes codes from the following code systems:</p>
            <ul>
                <li>Include these codes as defined in 
                    
                    <a href="http://www.snomed.org/">
                        <code>http://snomed.info/sct</code>
                    </a>
                    <table class="none">
                        <tr>
                            <td>
                                <b>Code</b>
                            </td>
                            <td>
                                <b>Display</b>
                            </td>
                        </tr>
                        <tr>
                            <td>
                                <a href="http://browser.ihtsdotools.org/?perspective=full&amp;conceptId1=420324007">420324007</a>
                            </td>
                            <td>Pressure ulcer stage 2 (disorder)</td>
                            <td/>
                        </tr>
                        <tr>
                            <td>
                                <a href="http://browser.ihtsdotools.org/?perspective=full&amp;conceptId1=420597008">420597008</a>
                            </td>
                            <td>Pressure ulcer stage 4 (disorder)</td>
                            <td/>
                        </tr>
                        <tr>
                            <td>
                                <a href="http://browser.ihtsdotools.org/?perspective=full&amp;conceptId1=421076008">421076008</a>
                            </td>
                            <td>Pressure ulcer stage 1 (disorder)</td>
                            <td/>
                        </tr>
                        <tr>
                            <td>
                                <a href="http://browser.ihtsdotools.org/?perspective=full&amp;conceptId1=421594008">421594008</a>
                            </td>
                            <td>Nonstageable pressure ulcer (disorder)</td>
                            <td/>
                        </tr>
                        <tr>
                            <td>
                                <a href="http://browser.ihtsdotools.org/?perspective=full&amp;conceptId1=421927004">421927004</a>
                            </td>
                            <td>Pressure ulcer stage 3 (disorder)</td>
                            <td/>
                        </tr>
                        <tr>
                            <td>
                                <a href="http://browser.ihtsdotools.org/?perspective=full&amp;conceptId1=723071003">723071003</a>
                            </td>
                            <td>Pressure injury of deep tissue (disorder)</td>
                            <td/>
                        </tr>
                    </table>
                </li>
            </ul>
        </div>
  </text>
  <url value="http://cts.nlm.nih.gov/fhir/ValueSet/2.16.840.1.113883.11.20.9.35"/>
  <version value="2.1.0"/>
  <name value="PressureUlcerStage"/>
  <title value="Pressure Ulcer Stage"/>
  <status value="active"/>
  <date value="2018-05-18T22:00:03-07:00"/>
  <publisher value="Health Level 7"/>
  <compose>
    <include>
      <system value="http://snomed.info/sct"/>
      <concept>
        <code value="420324007"/>
        <display value="Pressure ulcer stage 2 (disorder)"/>
      </concept>
      <concept>
        <code value="420597008"/>
        <display value="Pressure ulcer stage 4 (disorder)"/>
      </concept>
      <concept>
        <code value="421076008"/>
        <display value="Pressure ulcer stage 1 (disorder)"/>
      </concept>
      <concept>
        <code value="421594008"/>
        <display value="Nonstageable pressure ulcer (disorder)"/>
      </concept>
      <concept>
        <code value="421927004"/>
        <display value="Pressure ulcer stage 3 (disorder)"/>
      </concept>
      <concept>
        <code value="723071003"/>
        <display value="Pressure injury of deep tissue (disorder)"/>
      </concept>
    </include>
  </compose>
</ValueSet>