<?xml version="1.0" encoding="UTF-8"?>

<ValueSet xmlns="http://hl7.org/fhir">
  <id value="2.16.840.1.113883.11.20.9.52"/>
  <meta>
    <versionId value="4"/>
    <lastUpdated value="2016-09-02T22:00:02.000-07:00"/>
  </meta>
  <text>
    <status value="generated"/><div xmlns="http://www.w3.org/1999/xhtml">
            <h2>Encounter Planned</h2>
            <p>This value set includes codes from the following code systems:</p>
            <ul>
                <li>Include these codes as defined in 
                    
                    <a href="http://www.snomed.org/">
                        <code>http://snomed.info/sct</code>
                    </a>
                    <table class="none">
                        <tr>
                            <td>
                                <b>Code</b>
                            </td>
                            <td>
                                <b>Display</b>
                            </td>
                        </tr>
                        <tr>
                            <td>
                                <a href="http://browser.ihtsdotools.org/?perspective=full&amp;conceptId1=108219001">108219001</a>
                            </td>
                            <td>Physician visit with evaluation AND/OR management service (procedure)</td>
                            <td/>
                        </tr>
                        <tr>
                            <td>
                                <a href="http://browser.ihtsdotools.org/?perspective=full&amp;conceptId1=108220007">108220007</a>
                            </td>
                            <td>Evaluation AND/OR management - new patient (procedure)</td>
                            <td/>
                        </tr>
                        <tr>
                            <td>
                                <a href="http://browser.ihtsdotools.org/?perspective=full&amp;conceptId1=108221006">108221006</a>
                            </td>
                            <td>Evaluation AND/OR management - established patient (procedure)</td>
                            <td/>
                        </tr>
                        <tr>
                            <td>
                                <a href="http://browser.ihtsdotools.org/?perspective=full&amp;conceptId1=11429006">11429006</a>
                            </td>
                            <td>Consultation (procedure)</td>
                            <td/>
                        </tr>
                        <tr>
                            <td>
                                <a href="http://browser.ihtsdotools.org/?perspective=full&amp;conceptId1=11797002">11797002</a>
                            </td>
                            <td>Telephone call by physician to patient or for consultation (procedure)</td>
                            <td/>
                        </tr>
                        <tr>
                            <td>
                                <a href="http://browser.ihtsdotools.org/?perspective=full&amp;conceptId1=12566000">12566000</a>
                            </td>
                            <td>Consultation in computer dosimetry and isodose chart, teletherapy (procedure)</td>
                            <td/>
                        </tr>
                        <tr>
                            <td>
                                <a href="http://browser.ihtsdotools.org/?perspective=full&amp;conceptId1=12586001">12586001</a>
                            </td>
                            <td>Physician direction of emergency medical systems (procedure)</td>
                            <td/>
                        </tr>
                        <tr>
                            <td>
                                <a href="http://browser.ihtsdotools.org/?perspective=full&amp;conceptId1=12843005">12843005</a>
                            </td>
                            <td>Subsequent hospital visit by physician (procedure)</td>
                            <td/>
                        </tr>
                        <tr>
                            <td>
                                <a href="http://browser.ihtsdotools.org/?perspective=full&amp;conceptId1=14736009">14736009</a>
                            </td>
                            <td>History and physical examination with evaluation and management of patient (procedure)</td>
                            <td/>
                        </tr>
                        <tr>
                            <td>
                                <a href="http://browser.ihtsdotools.org/?perspective=full&amp;conceptId1=15301000">15301000</a>
                            </td>
                            <td>Consultation in chemotherapy (procedure)</td>
                            <td/>
                        </tr>
                        <tr>
                            <td>
                                <a href="http://browser.ihtsdotools.org/?perspective=full&amp;conceptId1=17436001">17436001</a>
                            </td>
                            <td>Medical consultation with outpatient (procedure)</td>
                            <td/>
                        </tr>
                        <tr>
                            <td>
                                <a href="http://browser.ihtsdotools.org/?perspective=full&amp;conceptId1=18170008">18170008</a>
                            </td>
                            <td>Subsequent nursing facility visit (procedure)</td>
                            <td/>
                        </tr>
                        <tr>
                            <td>
                                <a href="http://browser.ihtsdotools.org/?perspective=full&amp;conceptId1=185316007">185316007</a>
                            </td>
                            <td>Indirect encounter (procedure)</td>
                            <td/>
                        </tr>
                        <tr>
                            <td>
                                <a href="http://browser.ihtsdotools.org/?perspective=full&amp;conceptId1=185317003">185317003</a>
                            </td>
                            <td>Telephone encounter (procedure)</td>
                            <td/>
                        </tr>
                        <tr>
                            <td>
                                <a href="http://browser.ihtsdotools.org/?perspective=full&amp;conceptId1=185318008">185318008</a>
                            </td>
                            <td>Third party encounter (procedure)</td>
                            <td/>
                        </tr>
                        <tr>
                            <td>
                                <a href="http://browser.ihtsdotools.org/?perspective=full&amp;conceptId1=185320006">185320006</a>
                            </td>
                            <td>Encounter by computer link (procedure)</td>
                            <td/>
                        </tr>
                        <tr>
                            <td>
                                <a href="http://browser.ihtsdotools.org/?perspective=full&amp;conceptId1=185321005">185321005</a>
                            </td>
                            <td>Letter encounter to patient (procedure)</td>
                            <td/>
                        </tr>
                        <tr>
                            <td>
                                <a href="http://browser.ihtsdotools.org/?perspective=full&amp;conceptId1=185345009">185345009</a>
                            </td>
                            <td>Encounter for symptom (procedure)</td>
                            <td/>
                        </tr>
                        <tr>
                            <td>
                                <a href="http://browser.ihtsdotools.org/?perspective=full&amp;conceptId1=185346005">185346005</a>
                            </td>
                            <td>Encounter for sign (procedure)</td>
                            <td/>
                        </tr>
                        <tr>
                            <td>
                                <a href="http://browser.ihtsdotools.org/?perspective=full&amp;conceptId1=185347001">185347001</a>
                            </td>
                            <td>Encounter for problem (procedure)</td>
                            <td/>
                        </tr>
                        <tr>
                            <td>
                                <a href="http://browser.ihtsdotools.org/?perspective=full&amp;conceptId1=185348006">185348006</a>
                            </td>
                            <td>Encounter for fear (procedure)</td>
                            <td/>
                        </tr>
                        <tr>
                            <td>
                                <a href="http://browser.ihtsdotools.org/?perspective=full&amp;conceptId1=185349003">185349003</a>
                            </td>
                            <td>Encounter for &quot;check-up&quot; (procedure)</td>
                            <td/>
                        </tr>
                        <tr>
                            <td>
                                <a href="http://browser.ihtsdotools.org/?perspective=full&amp;conceptId1=185387006">185387006</a>
                            </td>
                            <td>New patient consultation (procedure)</td>
                            <td/>
                        </tr>
                        <tr>
                            <td>
                                <a href="http://browser.ihtsdotools.org/?perspective=full&amp;conceptId1=185389009">185389009</a>
                            </td>
                            <td>Follow-up visit (procedure)</td>
                            <td/>
                        </tr>
                        <tr>
                            <td>
                                <a href="http://browser.ihtsdotools.org/?perspective=full&amp;conceptId1=185462000">185462000</a>
                            </td>
                            <td>Home visit request by relative (procedure)</td>
                            <td/>
                        </tr>
                        <tr>
                            <td>
                                <a href="http://browser.ihtsdotools.org/?perspective=full&amp;conceptId1=185463005">185463005</a>
                            </td>
                            <td>Visit out of hours (procedure)</td>
                            <td/>
                        </tr>
                        <tr>
                            <td>
                                <a href="http://browser.ihtsdotools.org/?perspective=full&amp;conceptId1=185464004">185464004</a>
                            </td>
                            <td>Out of hours visit - not night visit (procedure)</td>
                            <td/>
                        </tr>
                        <tr>
                            <td>
                                <a href="http://browser.ihtsdotools.org/?perspective=full&amp;conceptId1=185465003">185465003</a>
                            </td>
                            <td>Weekend visit (procedure)</td>
                            <td/>
                        </tr>
                        <tr>
                            <td>
                                <a href="http://browser.ihtsdotools.org/?perspective=full&amp;conceptId1=185466002">185466002</a>
                            </td>
                            <td>Home visit for urgent condition (procedure)</td>
                            <td/>
                        </tr>
                        <tr>
                            <td>
                                <a href="http://browser.ihtsdotools.org/?perspective=full&amp;conceptId1=185467006">185467006</a>
                            </td>
                            <td>Home visit for acute condition (procedure)</td>
                            <td/>
                        </tr>
                        <tr>
                            <td>
                                <a href="http://browser.ihtsdotools.org/?perspective=full&amp;conceptId1=185468001">185468001</a>
                            </td>
                            <td>Home visit for chronic condition (procedure)</td>
                            <td/>
                        </tr>
                        <tr>
                            <td>
                                <a href="http://browser.ihtsdotools.org/?perspective=full&amp;conceptId1=185469009">185469009</a>
                            </td>
                            <td>District nurse visit (procedure)</td>
                            <td/>
                        </tr>
                        <tr>
                            <td>
                                <a href="http://browser.ihtsdotools.org/?perspective=full&amp;conceptId1=185470005">185470005</a>
                            </td>
                            <td>Home visit elderly assessment (procedure)</td>
                            <td/>
                        </tr>
                        <tr>
                            <td>
                                <a href="http://browser.ihtsdotools.org/?perspective=full&amp;conceptId1=19681004">19681004</a>
                            </td>
                            <td>Nursing evaluation of patient and report (procedure)</td>
                            <td/>
                        </tr>
                        <tr>
                            <td>
                                <a href="http://browser.ihtsdotools.org/?perspective=full&amp;conceptId1=207195004">207195004</a>
                            </td>
                            <td>History and physical examination with evaluation and management of nursing facility patient (procedure)</td>
                            <td/>
                        </tr>
                        <tr>
                            <td>
                                <a href="http://browser.ihtsdotools.org/?perspective=full&amp;conceptId1=209099002">209099002</a>
                            </td>
                            <td>History and physical examination with management of domiciliary or rest home patient (procedure)</td>
                            <td/>
                        </tr>
                        <tr>
                            <td>
                                <a href="http://browser.ihtsdotools.org/?perspective=full&amp;conceptId1=210098006">210098006</a>
                            </td>
                            <td>Domiciliary or rest home patient evaluation and management (procedure)</td>
                            <td/>
                        </tr>
                        <tr>
                            <td>
                                <a href="http://browser.ihtsdotools.org/?perspective=full&amp;conceptId1=225929007">225929007</a>
                            </td>
                            <td>Joint home visit (procedure)</td>
                            <td/>
                        </tr>
                        <tr>
                            <td>
                                <a href="http://browser.ihtsdotools.org/?perspective=full&amp;conceptId1=24882007">24882007</a>
                            </td>
                            <td>Medical consultation on hospital inpatient (procedure)</td>
                            <td/>
                        </tr>
                        <tr>
                            <td>
                                <a href="http://browser.ihtsdotools.org/?perspective=full&amp;conceptId1=25028003">25028003</a>
                            </td>
                            <td>Dermatology consultation and report, comprehensive (procedure)</td>
                            <td/>
                        </tr>
                        <tr>
                            <td>
                                <a href="http://browser.ihtsdotools.org/?perspective=full&amp;conceptId1=2530001">2530001</a>
                            </td>
                            <td>Chiropractic visit (procedure)</td>
                            <td/>
                        </tr>
                        <tr>
                            <td>
                                <a href="http://browser.ihtsdotools.org/?perspective=full&amp;conceptId1=270424005">270424005</a>
                            </td>
                            <td>Letter encounter from patient (procedure)</td>
                            <td/>
                        </tr>
                        <tr>
                            <td>
                                <a href="http://browser.ihtsdotools.org/?perspective=full&amp;conceptId1=270425006">270425006</a>
                            </td>
                            <td>Letter from specialist (procedure)</td>
                            <td/>
                        </tr>
                        <tr>
                            <td>
                                <a href="http://browser.ihtsdotools.org/?perspective=full&amp;conceptId1=270427003">270427003</a>
                            </td>
                            <td>Patient-initiated encounter (procedure)</td>
                            <td/>
                        </tr>
                        <tr>
                            <td>
                                <a href="http://browser.ihtsdotools.org/?perspective=full&amp;conceptId1=270430005">270430005</a>
                            </td>
                            <td>Provider-initiated encounter (procedure)</td>
                            <td/>
                        </tr>
                        <tr>
                            <td>
                                <a href="http://browser.ihtsdotools.org/?perspective=full&amp;conceptId1=275693003">275693003</a>
                            </td>
                            <td>Letter from consultant (procedure)</td>
                            <td/>
                        </tr>
                        <tr>
                            <td>
                                <a href="http://browser.ihtsdotools.org/?perspective=full&amp;conceptId1=281036007">281036007</a>
                            </td>
                            <td>Follow-up consultation (procedure)</td>
                            <td/>
                        </tr>
                        <tr>
                            <td>
                                <a href="http://browser.ihtsdotools.org/?perspective=full&amp;conceptId1=28191001">28191001</a>
                            </td>
                            <td>Consultation and report by radiologist (procedure)</td>
                            <td/>
                        </tr>
                        <tr>
                            <td>
                                <a href="http://browser.ihtsdotools.org/?perspective=full&amp;conceptId1=288836004">288836004</a>
                            </td>
                            <td>Agreeing on elements of the care plan (procedure)</td>
                            <td/>
                        </tr>
                        <tr>
                            <td>
                                <a href="http://browser.ihtsdotools.org/?perspective=full&amp;conceptId1=30078008">30078008</a>
                            </td>
                            <td>Dermatology consultation and report, brief (procedure)</td>
                            <td/>
                        </tr>
                        <tr>
                            <td>
                                <a href="http://browser.ihtsdotools.org/?perspective=full&amp;conceptId1=30274002">30274002</a>
                            </td>
                            <td>Chiropractic consultation (procedure)</td>
                            <td/>
                        </tr>
                        <tr>
                            <td>
                                <a href="http://browser.ihtsdotools.org/?perspective=full&amp;conceptId1=30346009">30346009</a>
                            </td>
                            <td>Evaluation and management of established outpatient in office or other outpatient facility (procedure)</td>
                            <td/>
                        </tr>
                        <tr>
                            <td>
                                <a href="http://browser.ihtsdotools.org/?perspective=full&amp;conceptId1=308720009">308720009</a>
                            </td>
                            <td>Letter encounter (procedure)</td>
                            <td/>
                        </tr>
                        <tr>
                            <td>
                                <a href="http://browser.ihtsdotools.org/?perspective=full&amp;conceptId1=310587004">310587004</a>
                            </td>
                            <td>First annual visit by district nurse (procedure)</td>
                            <td/>
                        </tr>
                        <tr>
                            <td>
                                <a href="http://browser.ihtsdotools.org/?perspective=full&amp;conceptId1=310588009">310588009</a>
                            </td>
                            <td>Visit by health visitor (procedure)</td>
                            <td/>
                        </tr>
                        <tr>
                            <td>
                                <a href="http://browser.ihtsdotools.org/?perspective=full&amp;conceptId1=31108002">31108002</a>
                            </td>
                            <td>Consultation for laboratory medicine (procedure)</td>
                            <td/>
                        </tr>
                        <tr>
                            <td>
                                <a href="http://browser.ihtsdotools.org/?perspective=full&amp;conceptId1=313183009">313183009</a>
                            </td>
                            <td>Inappropriate use of out of hours service (procedure)</td>
                            <td/>
                        </tr>
                        <tr>
                            <td>
                                <a href="http://browser.ihtsdotools.org/?perspective=full&amp;conceptId1=314849005">314849005</a>
                            </td>
                            <td>Telephone contact by consultant (procedure)</td>
                            <td/>
                        </tr>
                        <tr>
                            <td>
                                <a href="http://browser.ihtsdotools.org/?perspective=full&amp;conceptId1=315205008">315205008</a>
                            </td>
                            <td>Bank holiday home visit (procedure)</td>
                            <td/>
                        </tr>
                        <tr>
                            <td>
                                <a href="http://browser.ihtsdotools.org/?perspective=full&amp;conceptId1=3391000175108">3391000175108</a>
                            </td>
                            <td>Office visit for pediatric care and assessment (procedure)</td>
                            <td/>
                        </tr>
                        <tr>
                            <td>
                                <a href="http://browser.ihtsdotools.org/?perspective=full&amp;conceptId1=34043003">34043003</a>
                            </td>
                            <td>Dental consultation and report (procedure)</td>
                            <td/>
                        </tr>
                        <tr>
                            <td>
                                <a href="http://browser.ihtsdotools.org/?perspective=full&amp;conceptId1=35437002">35437002</a>
                            </td>
                            <td>Consultation in computer dosimetry and isodose chart for brachytherapy (procedure)</td>
                            <td/>
                        </tr>
                        <tr>
                            <td>
                                <a href="http://browser.ihtsdotools.org/?perspective=full&amp;conceptId1=35755007">35755007</a>
                            </td>
                            <td>Chiropractic interpretation of x-rays (procedure)</td>
                            <td/>
                        </tr>
                        <tr>
                            <td>
                                <a href="http://browser.ihtsdotools.org/?perspective=full&amp;conceptId1=370838009">370838009</a>
                            </td>
                            <td>Obtains consultation from the appropriate health care providers (procedure)</td>
                            <td/>
                        </tr>
                        <tr>
                            <td>
                                <a href="http://browser.ihtsdotools.org/?perspective=full&amp;conceptId1=37894004">37894004</a>
                            </td>
                            <td>Evaluation and management of new outpatient in office or other outpatient facility (procedure)</td>
                            <td/>
                        </tr>
                        <tr>
                            <td>
                                <a href="http://browser.ihtsdotools.org/?perspective=full&amp;conceptId1=386472008">386472008</a>
                            </td>
                            <td>Telephone consultation (procedure)</td>
                            <td/>
                        </tr>
                        <tr>
                            <td>
                                <a href="http://browser.ihtsdotools.org/?perspective=full&amp;conceptId1=386473003">386473003</a>
                            </td>
                            <td>Telephone follow-up (procedure)</td>
                            <td/>
                        </tr>
                        <tr>
                            <td>
                                <a href="http://browser.ihtsdotools.org/?perspective=full&amp;conceptId1=386479004">386479004</a>
                            </td>
                            <td>Triage: telephone (procedure)</td>
                            <td/>
                        </tr>
                        <tr>
                            <td>
                                <a href="http://browser.ihtsdotools.org/?perspective=full&amp;conceptId1=388970003">388970003</a>
                            </td>
                            <td>Weight maintenance consultation (procedure)</td>
                            <td/>
                        </tr>
                        <tr>
                            <td>
                                <a href="http://browser.ihtsdotools.org/?perspective=full&amp;conceptId1=388975008">388975008</a>
                            </td>
                            <td>Weight reduction consultation (procedure)</td>
                            <td/>
                        </tr>
                        <tr>
                            <td>
                                <a href="http://browser.ihtsdotools.org/?perspective=full&amp;conceptId1=388977000">388977000</a>
                            </td>
                            <td>Weight increase consultation (procedure)</td>
                            <td/>
                        </tr>
                        <tr>
                            <td>
                                <a href="http://browser.ihtsdotools.org/?perspective=full&amp;conceptId1=390906007">390906007</a>
                            </td>
                            <td>Follow-up encounter (procedure)</td>
                            <td/>
                        </tr>
                        <tr>
                            <td>
                                <a href="http://browser.ihtsdotools.org/?perspective=full&amp;conceptId1=398228004">398228004</a>
                            </td>
                            <td>Anesthesia consultation (procedure)</td>
                            <td/>
                        </tr>
                        <tr>
                            <td>
                                <a href="http://browser.ihtsdotools.org/?perspective=full&amp;conceptId1=400979004">400979004</a>
                            </td>
                            <td>Homeopathic consultation (procedure)</td>
                            <td/>
                        </tr>
                        <tr>
                            <td>
                                <a href="http://browser.ihtsdotools.org/?perspective=full&amp;conceptId1=401267002">401267002</a>
                            </td>
                            <td>Telephone triage encounter (procedure)</td>
                            <td/>
                        </tr>
                        <tr>
                            <td>
                                <a href="http://browser.ihtsdotools.org/?perspective=full&amp;conceptId1=401271004">401271004</a>
                            </td>
                            <td>E-mail sent to patient (procedure)</td>
                            <td/>
                        </tr>
                        <tr>
                            <td>
                                <a href="http://browser.ihtsdotools.org/?perspective=full&amp;conceptId1=406547006">406547006</a>
                            </td>
                            <td>Urgent follow-up (procedure)</td>
                            <td/>
                        </tr>
                        <tr>
                            <td>
                                <a href="http://browser.ihtsdotools.org/?perspective=full&amp;conceptId1=408482001">408482001</a>
                            </td>
                            <td>District nurse follow up (procedure)</td>
                            <td/>
                        </tr>
                        <tr>
                            <td>
                                <a href="http://browser.ihtsdotools.org/?perspective=full&amp;conceptId1=408483006">408483006</a>
                            </td>
                            <td>District nurse initial visit (procedure)</td>
                            <td/>
                        </tr>
                        <tr>
                            <td>
                                <a href="http://browser.ihtsdotools.org/?perspective=full&amp;conceptId1=408487007">408487007</a>
                            </td>
                            <td>Health visitor follow up (procedure)</td>
                            <td/>
                        </tr>
                        <tr>
                            <td>
                                <a href="http://browser.ihtsdotools.org/?perspective=full&amp;conceptId1=416520008">416520008</a>
                            </td>
                            <td>Consultation for unaccompanied minor (procedure)</td>
                            <td/>
                        </tr>
                        <tr>
                            <td>
                                <a href="http://browser.ihtsdotools.org/?perspective=full&amp;conceptId1=420454001">420454001</a>
                            </td>
                            <td>Consultation for chronic pain (procedure)</td>
                            <td/>
                        </tr>
                        <tr>
                            <td>
                                <a href="http://browser.ihtsdotools.org/?perspective=full&amp;conceptId1=420650002">420650002</a>
                            </td>
                            <td>Consultation for pain (procedure)</td>
                            <td/>
                        </tr>
                        <tr>
                            <td>
                                <a href="http://browser.ihtsdotools.org/?perspective=full&amp;conceptId1=421946003">421946003</a>
                            </td>
                            <td>Consultation for acute pain (procedure)</td>
                            <td/>
                        </tr>
                        <tr>
                            <td>
                                <a href="http://browser.ihtsdotools.org/?perspective=full&amp;conceptId1=423215004">423215004</a>
                            </td>
                            <td>Provision of continuity of care (regime/therapy)</td>
                            <td/>
                        </tr>
                        <tr>
                            <td>
                                <a href="http://browser.ihtsdotools.org/?perspective=full&amp;conceptId1=423861007">423861007</a>
                            </td>
                            <td>Consultation for restraint debriefing (procedure)</td>
                            <td/>
                        </tr>
                        <tr>
                            <td>
                                <a href="http://browser.ihtsdotools.org/?perspective=full&amp;conceptId1=42423000">42423000</a>
                            </td>
                            <td>Chiropractic consultation, history and examination (procedure)</td>
                            <td/>
                        </tr>
                        <tr>
                            <td>
                                <a href="http://browser.ihtsdotools.org/?perspective=full&amp;conceptId1=425604002">425604002</a>
                            </td>
                            <td>Case management follow up (procedure)</td>
                            <td/>
                        </tr>
                        <tr>
                            <td>
                                <a href="http://browser.ihtsdotools.org/?perspective=full&amp;conceptId1=438515009">438515009</a>
                            </td>
                            <td>E-mail encounter from carer (procedure)</td>
                            <td/>
                        </tr>
                        <tr>
                            <td>
                                <a href="http://browser.ihtsdotools.org/?perspective=full&amp;conceptId1=438516005">438516005</a>
                            </td>
                            <td>E-mail encounter to carer (procedure)</td>
                            <td/>
                        </tr>
                        <tr>
                            <td>
                                <a href="http://browser.ihtsdotools.org/?perspective=full&amp;conceptId1=439058005">439058005</a>
                            </td>
                            <td>Home visit for care and maintenance of urinary catheter (procedure)</td>
                            <td/>
                        </tr>
                        <tr>
                            <td>
                                <a href="http://browser.ihtsdotools.org/?perspective=full&amp;conceptId1=439708006">439708006</a>
                            </td>
                            <td>Home visit (procedure)</td>
                            <td/>
                        </tr>
                        <tr>
                            <td>
                                <a href="http://browser.ihtsdotools.org/?perspective=full&amp;conceptId1=439740005">439740005</a>
                            </td>
                            <td>Postoperative follow-up visit (procedure)</td>
                            <td/>
                        </tr>
                        <tr>
                            <td>
                                <a href="http://browser.ihtsdotools.org/?perspective=full&amp;conceptId1=439887005">439887005</a>
                            </td>
                            <td>Home visit for mechanical ventilation care (procedure)</td>
                            <td/>
                        </tr>
                        <tr>
                            <td>
                                <a href="http://browser.ihtsdotools.org/?perspective=full&amp;conceptId1=440068009">440068009</a>
                            </td>
                            <td>Home visit for newborn care and assessment (procedure)</td>
                            <td/>
                        </tr>
                        <tr>
                            <td>
                                <a href="http://browser.ihtsdotools.org/?perspective=full&amp;conceptId1=440085006">440085006</a>
                            </td>
                            <td>Home visit for postpartum care and assessment (procedure)</td>
                            <td/>
                        </tr>
                        <tr>
                            <td>
                                <a href="http://browser.ihtsdotools.org/?perspective=full&amp;conceptId1=440146002">440146002</a>
                            </td>
                            <td>Home visit for care and maintenance of colostomy (procedure)</td>
                            <td/>
                        </tr>
                        <tr>
                            <td>
                                <a href="http://browser.ihtsdotools.org/?perspective=full&amp;conceptId1=440168007">440168007</a>
                            </td>
                            <td>Provision of copy of letter from specialist to patient (procedure)</td>
                            <td/>
                        </tr>
                        <tr>
                            <td>
                                <a href="http://browser.ihtsdotools.org/?perspective=full&amp;conceptId1=440568002">440568002</a>
                            </td>
                            <td>Visit with nurse at next appointment requested (procedure)</td>
                            <td/>
                        </tr>
                        <tr>
                            <td>
                                <a href="http://browser.ihtsdotools.org/?perspective=full&amp;conceptId1=440611006">440611006</a>
                            </td>
                            <td>Home visit for marriage counseling (procedure)</td>
                            <td/>
                        </tr>
                        <tr>
                            <td>
                                <a href="http://browser.ihtsdotools.org/?perspective=full&amp;conceptId1=440696002">440696002</a>
                            </td>
                            <td>Home visit for intramuscular injection (procedure)</td>
                            <td/>
                        </tr>
                        <tr>
                            <td>
                                <a href="http://browser.ihtsdotools.org/?perspective=full&amp;conceptId1=441244001">441244001</a>
                            </td>
                            <td>Home visit for cystostomy care and maintenance (procedure)</td>
                            <td/>
                        </tr>
                        <tr>
                            <td>
                                <a href="http://browser.ihtsdotools.org/?perspective=full&amp;conceptId1=44340006">44340006</a>
                            </td>
                            <td>Prosthodontic dental consultation and report (procedure)</td>
                            <td/>
                        </tr>
                        <tr>
                            <td>
                                <a href="http://browser.ihtsdotools.org/?perspective=full&amp;conceptId1=445450000">445450000</a>
                            </td>
                            <td>Encounter by short message service text messaging (procedure)</td>
                            <td/>
                        </tr>
                        <tr>
                            <td>
                                <a href="http://browser.ihtsdotools.org/?perspective=full&amp;conceptId1=448337001">448337001</a>
                            </td>
                            <td>Telemedicine consultation with patient (procedure)</td>
                            <td/>
                        </tr>
                        <tr>
                            <td>
                                <a href="http://browser.ihtsdotools.org/?perspective=full&amp;conceptId1=4525004">4525004</a>
                            </td>
                            <td>Emergency department patient visit (procedure)</td>
                            <td/>
                        </tr>
                        <tr>
                            <td>
                                <a href="http://browser.ihtsdotools.org/?perspective=full&amp;conceptId1=48550003">48550003</a>
                            </td>
                            <td>Medical consultation on nursing facility inpatient (procedure)</td>
                            <td/>
                        </tr>
                        <tr>
                            <td>
                                <a href="http://browser.ihtsdotools.org/?perspective=full&amp;conceptId1=49463003">49463003</a>
                            </td>
                            <td>Consultation for paternity case (procedure)</td>
                            <td/>
                        </tr>
                        <tr>
                            <td>
                                <a href="http://browser.ihtsdotools.org/?perspective=full&amp;conceptId1=49569001">49569001</a>
                            </td>
                            <td>Consultation in teletherapy (procedure)</td>
                            <td/>
                        </tr>
                        <tr>
                            <td>
                                <a href="http://browser.ihtsdotools.org/?perspective=full&amp;conceptId1=50357006">50357006</a>
                            </td>
                            <td>Evaluation and management of patient at home (procedure)</td>
                            <td/>
                        </tr>
                        <tr>
                            <td>
                                <a href="http://browser.ihtsdotools.org/?perspective=full&amp;conceptId1=50687007">50687007</a>
                            </td>
                            <td>Digestive tract consultation and report (procedure)</td>
                            <td/>
                        </tr>
                        <tr>
                            <td>
                                <a href="http://browser.ihtsdotools.org/?perspective=full&amp;conceptId1=53923005">53923005</a>
                            </td>
                            <td>Medical consultation on inpatient (procedure)</td>
                            <td/>
                        </tr>
                        <tr>
                            <td>
                                <a href="http://browser.ihtsdotools.org/?perspective=full&amp;conceptId1=58400001">58400001</a>
                            </td>
                            <td>Chiropractic examination (procedure)</td>
                            <td/>
                        </tr>
                        <tr>
                            <td>
                                <a href="http://browser.ihtsdotools.org/?perspective=full&amp;conceptId1=59000001">59000001</a>
                            </td>
                            <td>Surgical pathology consultation and report on referred slides prepared elsewhere (procedure)</td>
                            <td/>
                        </tr>
                        <tr>
                            <td>
                                <a href="http://browser.ihtsdotools.org/?perspective=full&amp;conceptId1=5947002">5947002</a>
                            </td>
                            <td>Consultation for hearing and/or speech problem (procedure)</td>
                            <td/>
                        </tr>
                        <tr>
                            <td>
                                <a href="http://browser.ihtsdotools.org/?perspective=full&amp;conceptId1=65981005">65981005</a>
                            </td>
                            <td>Consultation in laboratory medicine for test interpretation (procedure)</td>
                            <td/>
                        </tr>
                        <tr>
                            <td>
                                <a href="http://browser.ihtsdotools.org/?perspective=full&amp;conceptId1=680007">680007</a>
                            </td>
                            <td>Radiation physics consultation (procedure)</td>
                            <td/>
                        </tr>
                        <tr>
                            <td>
                                <a href="http://browser.ihtsdotools.org/?perspective=full&amp;conceptId1=68341005">68341005</a>
                            </td>
                            <td>Hemodialysis, supervision at home (procedure)</td>
                            <td/>
                        </tr>
                        <tr>
                            <td>
                                <a href="http://browser.ihtsdotools.org/?perspective=full&amp;conceptId1=69399002">69399002</a>
                            </td>
                            <td>Initial hospital visit by physician (procedure)</td>
                            <td/>
                        </tr>
                        <tr>
                            <td>
                                <a href="http://browser.ihtsdotools.org/?perspective=full&amp;conceptId1=698307003">698307003</a>
                            </td>
                            <td>Consultation for benign neoplasm disease (procedure)</td>
                            <td/>
                        </tr>
                        <tr>
                            <td>
                                <a href="http://browser.ihtsdotools.org/?perspective=full&amp;conceptId1=698308008">698308008</a>
                            </td>
                            <td>Consultation for malignant neoplasm disease (procedure)</td>
                            <td/>
                        </tr>
                        <tr>
                            <td>
                                <a href="http://browser.ihtsdotools.org/?perspective=full&amp;conceptId1=698309000">698309000</a>
                            </td>
                            <td>Consultation for endoscopic procedure (procedure)</td>
                            <td/>
                        </tr>
                        <tr>
                            <td>
                                <a href="http://browser.ihtsdotools.org/?perspective=full&amp;conceptId1=698310005">698310005</a>
                            </td>
                            <td>Consultation for colposcopy related procedure (procedure)</td>
                            <td/>
                        </tr>
                        <tr>
                            <td>
                                <a href="http://browser.ihtsdotools.org/?perspective=full&amp;conceptId1=698311009">698311009</a>
                            </td>
                            <td>Consultation for assisted reproductive procedure (procedure)</td>
                            <td/>
                        </tr>
                        <tr>
                            <td>
                                <a href="http://browser.ihtsdotools.org/?perspective=full&amp;conceptId1=698312002">698312002</a>
                            </td>
                            <td>Consultation for minor abdominal procedure (procedure)</td>
                            <td/>
                        </tr>
                        <tr>
                            <td>
                                <a href="http://browser.ihtsdotools.org/?perspective=full&amp;conceptId1=698313007">698313007</a>
                            </td>
                            <td>Consultation for minor operation (procedure)</td>
                            <td/>
                        </tr>
                        <tr>
                            <td>
                                <a href="http://browser.ihtsdotools.org/?perspective=full&amp;conceptId1=698314001">698314001</a>
                            </td>
                            <td>Consultation for treatment (procedure)</td>
                            <td/>
                        </tr>
                        <tr>
                            <td>
                                <a href="http://browser.ihtsdotools.org/?perspective=full&amp;conceptId1=698704008">698704008</a>
                            </td>
                            <td>Home visit for rheumatology service (procedure)</td>
                            <td/>
                        </tr>
                        <tr>
                            <td>
                                <a href="http://browser.ihtsdotools.org/?perspective=full&amp;conceptId1=704126008">704126008</a>
                            </td>
                            <td>Home visit for anticoagulant drug monitoring (procedure)</td>
                            <td/>
                        </tr>
                        <tr>
                            <td>
                                <a href="http://browser.ihtsdotools.org/?perspective=full&amp;conceptId1=70495004">70495004</a>
                            </td>
                            <td>Limited consultation (procedure)</td>
                            <td/>
                        </tr>
                        <tr>
                            <td>
                                <a href="http://browser.ihtsdotools.org/?perspective=full&amp;conceptId1=711420002">711420002</a>
                            </td>
                            <td>X-ray consultation (procedure)</td>
                            <td/>
                        </tr>
                        <tr>
                            <td>
                                <a href="http://browser.ihtsdotools.org/?perspective=full&amp;conceptId1=711458003">711458003</a>
                            </td>
                            <td>Encounter for fitness for duty exam (procedure)</td>
                            <td/>
                        </tr>
                        <tr>
                            <td>
                                <a href="http://browser.ihtsdotools.org/?perspective=full&amp;conceptId1=711532000">711532000</a>
                            </td>
                            <td>Surgical pathology consultation on slides with comprehensive review and interpretation (procedure)</td>
                            <td/>
                        </tr>
                        <tr>
                            <td>
                                <a href="http://browser.ihtsdotools.org/?perspective=full&amp;conceptId1=71318009">71318009</a>
                            </td>
                            <td>Physical medicine consultation and report (procedure)</td>
                            <td/>
                        </tr>
                        <tr>
                            <td>
                                <a href="http://browser.ihtsdotools.org/?perspective=full&amp;conceptId1=713281006">713281006</a>
                            </td>
                            <td>Consultation for palliative care (procedure)</td>
                            <td/>
                        </tr>
                        <tr>
                            <td>
                                <a href="http://browser.ihtsdotools.org/?perspective=full&amp;conceptId1=713776001">713776001</a>
                            </td>
                            <td>Email encounter from third party (procedure)</td>
                            <td/>
                        </tr>
                        <tr>
                            <td>
                                <a href="http://browser.ihtsdotools.org/?perspective=full&amp;conceptId1=71387007">71387007</a>
                            </td>
                            <td>Endodontic dental consultation and report (procedure)</td>
                            <td/>
                        </tr>
                        <tr>
                            <td>
                                <a href="http://browser.ihtsdotools.org/?perspective=full&amp;conceptId1=726007">726007</a>
                            </td>
                            <td>Pathology consultation, comprehensive, records and specimen with report (procedure)</td>
                            <td/>
                        </tr>
                        <tr>
                            <td>
                                <a href="http://browser.ihtsdotools.org/?perspective=full&amp;conceptId1=73007006">73007006</a>
                            </td>
                            <td>Dermatology consultation and report (procedure)</td>
                            <td/>
                        </tr>
                        <tr>
                            <td>
                                <a href="http://browser.ihtsdotools.org/?perspective=full&amp;conceptId1=73575006">73575006</a>
                            </td>
                            <td>Chiropractic consultation with history (procedure)</td>
                            <td/>
                        </tr>
                        <tr>
                            <td>
                                <a href="http://browser.ihtsdotools.org/?perspective=full&amp;conceptId1=77406008">77406008</a>
                            </td>
                            <td>Confirmatory medical consultation (procedure)</td>
                            <td/>
                        </tr>
                        <tr>
                            <td>
                                <a href="http://browser.ihtsdotools.org/?perspective=full&amp;conceptId1=77965002">77965002</a>
                            </td>
                            <td>Consultation in brachytherapy (procedure)</td>
                            <td/>
                        </tr>
                        <tr>
                            <td>
                                <a href="http://browser.ihtsdotools.org/?perspective=full&amp;conceptId1=83362003">83362003</a>
                            </td>
                            <td>Final inpatient visit with instructions at discharge (procedure)</td>
                            <td/>
                        </tr>
                        <tr>
                            <td>
                                <a href="http://browser.ihtsdotools.org/?perspective=full&amp;conceptId1=84251009">84251009</a>
                            </td>
                            <td>Comprehensive consultation (procedure)</td>
                            <td/>
                        </tr>
                        <tr>
                            <td>
                                <a href="http://browser.ihtsdotools.org/?perspective=full&amp;conceptId1=8502007">8502007</a>
                            </td>
                            <td>Radiation physics consultation with therapeutic radiologist (procedure)</td>
                            <td/>
                        </tr>
                        <tr>
                            <td>
                                <a href="http://browser.ihtsdotools.org/?perspective=full&amp;conceptId1=86013001">86013001</a>
                            </td>
                            <td>Periodic reevaluation and management of healthy individual (procedure)</td>
                            <td/>
                        </tr>
                        <tr>
                            <td>
                                <a href="http://browser.ihtsdotools.org/?perspective=full&amp;conceptId1=86181006">86181006</a>
                            </td>
                            <td>Evaluation and management of inpatient (procedure)</td>
                            <td/>
                        </tr>
                        <tr>
                            <td>
                                <a href="http://browser.ihtsdotools.org/?perspective=full&amp;conceptId1=87790002">87790002</a>
                            </td>
                            <td>Follow-up inpatient consultation visit (procedure)</td>
                            <td/>
                        </tr>
                        <tr>
                            <td>
                                <a href="http://browser.ihtsdotools.org/?perspective=full&amp;conceptId1=89291005">89291005</a>
                            </td>
                            <td>Orthodontic dental consultation and report (procedure)</td>
                            <td/>
                        </tr>
                        <tr>
                            <td>
                                <a href="http://browser.ihtsdotools.org/?perspective=full&amp;conceptId1=90526000">90526000</a>
                            </td>
                            <td>Initial evaluation and management of healthy individual (procedure)</td>
                            <td/>
                        </tr>
                    </table>
                </li>
            </ul>
        </div>
  </text>
  <url value="http://cts.nlm.nih.gov/fhir/ValueSet/2.16.840.1.113883.11.20.9.52"/>
  <version value="2.1.0"/>
  <name value="EncounterPlanned"/>
  <title value="Encounter Planned"/>
  <status value="active"/>
  <date value="2016-09-02T22:00:02-07:00"/>
  <publisher value="Health Level 7"/>
  <compose>
    <include>
      <system value="http://snomed.info/sct"/>
      <concept>
        <code value="108219001"/>
        <display value="Physician visit with evaluation AND/OR management service (procedure)"/>
      </concept>
      <concept>
        <code value="108220007"/>
        <display value="Evaluation AND/OR management - new patient (procedure)"/>
      </concept>
      <concept>
        <code value="108221006"/>
        <display value="Evaluation AND/OR management - established patient (procedure)"/>
      </concept>
      <concept>
        <code value="11429006"/>
        <display value="Consultation (procedure)"/>
      </concept>
      <concept>
        <code value="11797002"/>
        <display value="Telephone call by physician to patient or for consultation (procedure)"/>
      </concept>
      <concept>
        <code value="12566000"/>
        <display value="Consultation in computer dosimetry and isodose chart, teletherapy (procedure)"/>
      </concept>
      <concept>
        <code value="12586001"/>
        <display value="Physician direction of emergency medical systems (procedure)"/>
      </concept>
      <concept>
        <code value="12843005"/>
        <display value="Subsequent hospital visit by physician (procedure)"/>
      </concept>
      <concept>
        <code value="14736009"/>
        <display value="History and physical examination with evaluation and management of patient (procedure)"/>
      </concept>
      <concept>
        <code value="15301000"/>
        <display value="Consultation in chemotherapy (procedure)"/>
      </concept>
      <concept>
        <code value="17436001"/>
        <display value="Medical consultation with outpatient (procedure)"/>
      </concept>
      <concept>
        <code value="18170008"/>
        <display value="Subsequent nursing facility visit (procedure)"/>
      </concept>
      <concept>
        <code value="185316007"/>
        <display value="Indirect encounter (procedure)"/>
      </concept>
      <concept>
        <code value="185317003"/>
        <display value="Telephone encounter (procedure)"/>
      </concept>
      <concept>
        <code value="185318008"/>
        <display value="Third party encounter (procedure)"/>
      </concept>
      <concept>
        <code value="185320006"/>
        <display value="Encounter by computer link (procedure)"/>
      </concept>
      <concept>
        <code value="185321005"/>
        <display value="Letter encounter to patient (procedure)"/>
      </concept>
      <concept>
        <code value="185345009"/>
        <display value="Encounter for symptom (procedure)"/>
      </concept>
      <concept>
        <code value="185346005"/>
        <display value="Encounter for sign (procedure)"/>
      </concept>
      <concept>
        <code value="185347001"/>
        <display value="Encounter for problem (procedure)"/>
      </concept>
      <concept>
        <code value="185348006"/>
        <display value="Encounter for fear (procedure)"/>
      </concept>
      <concept>
        <code value="185349003"/>
        <display value="Encounter for &quot;check-up&quot; (procedure)"/>
      </concept>
      <concept>
        <code value="185387006"/>
        <display value="New patient consultation (procedure)"/>
      </concept>
      <concept>
        <code value="185389009"/>
        <display value="Follow-up visit (procedure)"/>
      </concept>
      <concept>
        <code value="185462000"/>
        <display value="Home visit request by relative (procedure)"/>
      </concept>
      <concept>
        <code value="185463005"/>
        <display value="Visit out of hours (procedure)"/>
      </concept>
      <concept>
        <code value="185464004"/>
        <display value="Out of hours visit - not night visit (procedure)"/>
      </concept>
      <concept>
        <code value="185465003"/>
        <display value="Weekend visit (procedure)"/>
      </concept>
      <concept>
        <code value="185466002"/>
        <display value="Home visit for urgent condition (procedure)"/>
      </concept>
      <concept>
        <code value="185467006"/>
        <display value="Home visit for acute condition (procedure)"/>
      </concept>
      <concept>
        <code value="185468001"/>
        <display value="Home visit for chronic condition (procedure)"/>
      </concept>
      <concept>
        <code value="185469009"/>
        <display value="District nurse visit (procedure)"/>
      </concept>
      <concept>
        <code value="185470005"/>
        <display value="Home visit elderly assessment (procedure)"/>
      </concept>
      <concept>
        <code value="19681004"/>
        <display value="Nursing evaluation of patient and report (procedure)"/>
      </concept>
      <concept>
        <code value="207195004"/>
        <display value="History and physical examination with evaluation and management of nursing facility patient (procedure)"/>
      </concept>
      <concept>
        <code value="209099002"/>
        <display value="History and physical examination with management of domiciliary or rest home patient (procedure)"/>
      </concept>
      <concept>
        <code value="210098006"/>
        <display value="Domiciliary or rest home patient evaluation and management (procedure)"/>
      </concept>
      <concept>
        <code value="225929007"/>
        <display value="Joint home visit (procedure)"/>
      </concept>
      <concept>
        <code value="24882007"/>
        <display value="Medical consultation on hospital inpatient (procedure)"/>
      </concept>
      <concept>
        <code value="25028003"/>
        <display value="Dermatology consultation and report, comprehensive (procedure)"/>
      </concept>
      <concept>
        <code value="2530001"/>
        <display value="Chiropractic visit (procedure)"/>
      </concept>
      <concept>
        <code value="270424005"/>
        <display value="Letter encounter from patient (procedure)"/>
      </concept>
      <concept>
        <code value="270425006"/>
        <display value="Letter from specialist (procedure)"/>
      </concept>
      <concept>
        <code value="270427003"/>
        <display value="Patient-initiated encounter (procedure)"/>
      </concept>
      <concept>
        <code value="270430005"/>
        <display value="Provider-initiated encounter (procedure)"/>
      </concept>
      <concept>
        <code value="275693003"/>
        <display value="Letter from consultant (procedure)"/>
      </concept>
      <concept>
        <code value="281036007"/>
        <display value="Follow-up consultation (procedure)"/>
      </concept>
      <concept>
        <code value="28191001"/>
        <display value="Consultation and report by radiologist (procedure)"/>
      </concept>
      <concept>
        <code value="288836004"/>
        <display value="Agreeing on elements of the care plan (procedure)"/>
      </concept>
      <concept>
        <code value="30078008"/>
        <display value="Dermatology consultation and report, brief (procedure)"/>
      </concept>
      <concept>
        <code value="30274002"/>
        <display value="Chiropractic consultation (procedure)"/>
      </concept>
      <concept>
        <code value="30346009"/>
        <display value="Evaluation and management of established outpatient in office or other outpatient facility (procedure)"/>
      </concept>
      <concept>
        <code value="308720009"/>
        <display value="Letter encounter (procedure)"/>
      </concept>
      <concept>
        <code value="310587004"/>
        <display value="First annual visit by district nurse (procedure)"/>
      </concept>
      <concept>
        <code value="310588009"/>
        <display value="Visit by health visitor (procedure)"/>
      </concept>
      <concept>
        <code value="31108002"/>
        <display value="Consultation for laboratory medicine (procedure)"/>
      </concept>
      <concept>
        <code value="313183009"/>
        <display value="Inappropriate use of out of hours service (procedure)"/>
      </concept>
      <concept>
        <code value="314849005"/>
        <display value="Telephone contact by consultant (procedure)"/>
      </concept>
      <concept>
        <code value="315205008"/>
        <display value="Bank holiday home visit (procedure)"/>
      </concept>
      <concept>
        <code value="3391000175108"/>
        <display value="Office visit for pediatric care and assessment (procedure)"/>
      </concept>
      <concept>
        <code value="34043003"/>
        <display value="Dental consultation and report (procedure)"/>
      </concept>
      <concept>
        <code value="35437002"/>
        <display value="Consultation in computer dosimetry and isodose chart for brachytherapy (procedure)"/>
      </concept>
      <concept>
        <code value="35755007"/>
        <display value="Chiropractic interpretation of x-rays (procedure)"/>
      </concept>
      <concept>
        <code value="370838009"/>
        <display value="Obtains consultation from the appropriate health care providers (procedure)"/>
      </concept>
      <concept>
        <code value="37894004"/>
        <display value="Evaluation and management of new outpatient in office or other outpatient facility (procedure)"/>
      </concept>
      <concept>
        <code value="386472008"/>
        <display value="Telephone consultation (procedure)"/>
      </concept>
      <concept>
        <code value="386473003"/>
        <display value="Telephone follow-up (procedure)"/>
      </concept>
      <concept>
        <code value="386479004"/>
        <display value="Triage: telephone (procedure)"/>
      </concept>
      <concept>
        <code value="388970003"/>
        <display value="Weight maintenance consultation (procedure)"/>
      </concept>
      <concept>
        <code value="388975008"/>
        <display value="Weight reduction consultation (procedure)"/>
      </concept>
      <concept>
        <code value="388977000"/>
        <display value="Weight increase consultation (procedure)"/>
      </concept>
      <concept>
        <code value="390906007"/>
        <display value="Follow-up encounter (procedure)"/>
      </concept>
      <concept>
        <code value="398228004"/>
        <display value="Anesthesia consultation (procedure)"/>
      </concept>
      <concept>
        <code value="400979004"/>
        <display value="Homeopathic consultation (procedure)"/>
      </concept>
      <concept>
        <code value="401267002"/>
        <display value="Telephone triage encounter (procedure)"/>
      </concept>
      <concept>
        <code value="401271004"/>
        <display value="E-mail sent to patient (procedure)"/>
      </concept>
      <concept>
        <code value="406547006"/>
        <display value="Urgent follow-up (procedure)"/>
      </concept>
      <concept>
        <code value="408482001"/>
        <display value="District nurse follow up (procedure)"/>
      </concept>
      <concept>
        <code value="408483006"/>
        <display value="District nurse initial visit (procedure)"/>
      </concept>
      <concept>
        <code value="408487007"/>
        <display value="Health visitor follow up (procedure)"/>
      </concept>
      <concept>
        <code value="416520008"/>
        <display value="Consultation for unaccompanied minor (procedure)"/>
      </concept>
      <concept>
        <code value="420454001"/>
        <display value="Consultation for chronic pain (procedure)"/>
      </concept>
      <concept>
        <code value="420650002"/>
        <display value="Consultation for pain (procedure)"/>
      </concept>
      <concept>
        <code value="421946003"/>
        <display value="Consultation for acute pain (procedure)"/>
      </concept>
      <concept>
        <code value="423215004"/>
        <display value="Provision of continuity of care (regime/therapy)"/>
      </concept>
      <concept>
        <code value="423861007"/>
        <display value="Consultation for restraint debriefing (procedure)"/>
      </concept>
      <concept>
        <code value="42423000"/>
        <display value="Chiropractic consultation, history and examination (procedure)"/>
      </concept>
      <concept>
        <code value="425604002"/>
        <display value="Case management follow up (procedure)"/>
      </concept>
      <concept>
        <code value="438515009"/>
        <display value="E-mail encounter from carer (procedure)"/>
      </concept>
      <concept>
        <code value="438516005"/>
        <display value="E-mail encounter to carer (procedure)"/>
      </concept>
      <concept>
        <code value="439058005"/>
        <display value="Home visit for care and maintenance of urinary catheter (procedure)"/>
      </concept>
      <concept>
        <code value="439708006"/>
        <display value="Home visit (procedure)"/>
      </concept>
      <concept>
        <code value="439740005"/>
        <display value="Postoperative follow-up visit (procedure)"/>
      </concept>
      <concept>
        <code value="439887005"/>
        <display value="Home visit for mechanical ventilation care (procedure)"/>
      </concept>
      <concept>
        <code value="440068009"/>
        <display value="Home visit for newborn care and assessment (procedure)"/>
      </concept>
      <concept>
        <code value="440085006"/>
        <display value="Home visit for postpartum care and assessment (procedure)"/>
      </concept>
      <concept>
        <code value="440146002"/>
        <display value="Home visit for care and maintenance of colostomy (procedure)"/>
      </concept>
      <concept>
        <code value="440168007"/>
        <display value="Provision of copy of letter from specialist to patient (procedure)"/>
      </concept>
      <concept>
        <code value="440568002"/>
        <display value="Visit with nurse at next appointment requested (procedure)"/>
      </concept>
      <concept>
        <code value="440611006"/>
        <display value="Home visit for marriage counseling (procedure)"/>
      </concept>
      <concept>
        <code value="440696002"/>
        <display value="Home visit for intramuscular injection (procedure)"/>
      </concept>
      <concept>
        <code value="441244001"/>
        <display value="Home visit for cystostomy care and maintenance (procedure)"/>
      </concept>
      <concept>
        <code value="44340006"/>
        <display value="Prosthodontic dental consultation and report (procedure)"/>
      </concept>
      <concept>
        <code value="445450000"/>
        <display value="Encounter by short message service text messaging (procedure)"/>
      </concept>
      <concept>
        <code value="448337001"/>
        <display value="Telemedicine consultation with patient (procedure)"/>
      </concept>
      <concept>
        <code value="4525004"/>
        <display value="Emergency department patient visit (procedure)"/>
      </concept>
      <concept>
        <code value="48550003"/>
        <display value="Medical consultation on nursing facility inpatient (procedure)"/>
      </concept>
      <concept>
        <code value="49463003"/>
        <display value="Consultation for paternity case (procedure)"/>
      </concept>
      <concept>
        <code value="49569001"/>
        <display value="Consultation in teletherapy (procedure)"/>
      </concept>
      <concept>
        <code value="50357006"/>
        <display value="Evaluation and management of patient at home (procedure)"/>
      </concept>
      <concept>
        <code value="50687007"/>
        <display value="Digestive tract consultation and report (procedure)"/>
      </concept>
      <concept>
        <code value="53923005"/>
        <display value="Medical consultation on inpatient (procedure)"/>
      </concept>
      <concept>
        <code value="58400001"/>
        <display value="Chiropractic examination (procedure)"/>
      </concept>
      <concept>
        <code value="59000001"/>
        <display value="Surgical pathology consultation and report on referred slides prepared elsewhere (procedure)"/>
      </concept>
      <concept>
        <code value="5947002"/>
        <display value="Consultation for hearing and/or speech problem (procedure)"/>
      </concept>
      <concept>
        <code value="65981005"/>
        <display value="Consultation in laboratory medicine for test interpretation (procedure)"/>
      </concept>
      <concept>
        <code value="680007"/>
        <display value="Radiation physics consultation (procedure)"/>
      </concept>
      <concept>
        <code value="68341005"/>
        <display value="Hemodialysis, supervision at home (procedure)"/>
      </concept>
      <concept>
        <code value="69399002"/>
        <display value="Initial hospital visit by physician (procedure)"/>
      </concept>
      <concept>
        <code value="698307003"/>
        <display value="Consultation for benign neoplasm disease (procedure)"/>
      </concept>
      <concept>
        <code value="698308008"/>
        <display value="Consultation for malignant neoplasm disease (procedure)"/>
      </concept>
      <concept>
        <code value="698309000"/>
        <display value="Consultation for endoscopic procedure (procedure)"/>
      </concept>
      <concept>
        <code value="698310005"/>
        <display value="Consultation for colposcopy related procedure (procedure)"/>
      </concept>
      <concept>
        <code value="698311009"/>
        <display value="Consultation for assisted reproductive procedure (procedure)"/>
      </concept>
      <concept>
        <code value="698312002"/>
        <display value="Consultation for minor abdominal procedure (procedure)"/>
      </concept>
      <concept>
        <code value="698313007"/>
        <display value="Consultation for minor operation (procedure)"/>
      </concept>
      <concept>
        <code value="698314001"/>
        <display value="Consultation for treatment (procedure)"/>
      </concept>
      <concept>
        <code value="698704008"/>
        <display value="Home visit for rheumatology service (procedure)"/>
      </concept>
      <concept>
        <code value="704126008"/>
        <display value="Home visit for anticoagulant drug monitoring (procedure)"/>
      </concept>
      <concept>
        <code value="70495004"/>
        <display value="Limited consultation (procedure)"/>
      </concept>
      <concept>
        <code value="711420002"/>
        <display value="X-ray consultation (procedure)"/>
      </concept>
      <concept>
        <code value="711458003"/>
        <display value="Encounter for fitness for duty exam (procedure)"/>
      </concept>
      <concept>
        <code value="711532000"/>
        <display value="Surgical pathology consultation on slides with comprehensive review and interpretation (procedure)"/>
      </concept>
      <concept>
        <code value="71318009"/>
        <display value="Physical medicine consultation and report (procedure)"/>
      </concept>
      <concept>
        <code value="713281006"/>
        <display value="Consultation for palliative care (procedure)"/>
      </concept>
      <concept>
        <code value="713776001"/>
        <display value="Email encounter from third party (procedure)"/>
      </concept>
      <concept>
        <code value="71387007"/>
        <display value="Endodontic dental consultation and report (procedure)"/>
      </concept>
      <concept>
        <code value="726007"/>
        <display value="Pathology consultation, comprehensive, records and specimen with report (procedure)"/>
      </concept>
      <concept>
        <code value="73007006"/>
        <display value="Dermatology consultation and report (procedure)"/>
      </concept>
      <concept>
        <code value="73575006"/>
        <display value="Chiropractic consultation with history (procedure)"/>
      </concept>
      <concept>
        <code value="77406008"/>
        <display value="Confirmatory medical consultation (procedure)"/>
      </concept>
      <concept>
        <code value="77965002"/>
        <display value="Consultation in brachytherapy (procedure)"/>
      </concept>
      <concept>
        <code value="83362003"/>
        <display value="Final inpatient visit with instructions at discharge (procedure)"/>
      </concept>
      <concept>
        <code value="84251009"/>
        <display value="Comprehensive consultation (procedure)"/>
      </concept>
      <concept>
        <code value="8502007"/>
        <display value="Radiation physics consultation with therapeutic radiologist (procedure)"/>
      </concept>
      <concept>
        <code value="86013001"/>
        <display value="Periodic reevaluation and management of healthy individual (procedure)"/>
      </concept>
      <concept>
        <code value="86181006"/>
        <display value="Evaluation and management of inpatient (procedure)"/>
      </concept>
      <concept>
        <code value="87790002"/>
        <display value="Follow-up inpatient consultation visit (procedure)"/>
      </concept>
      <concept>
        <code value="89291005"/>
        <display value="Orthodontic dental consultation and report (procedure)"/>
      </concept>
      <concept>
        <code value="90526000"/>
        <display value="Initial evaluation and management of healthy individual (procedure)"/>
      </concept>
    </include>
  </compose>
</ValueSet>