{"resourceType":"ValueSet","id":"2.16.840.1.114222.4.11.877","meta":{"versionId":"4","lastUpdated":"2016-02-12T22:00:03.000-08:00"},"text":{"status":"generated","div":"<div xmlns=\"http://www.w3.org/1999/xhtml\">\n            <h2>Detailed Ethnicity</h2>\n            <p>This value set includes codes from the following code systems:</p>\n            <ul>\n                <li>Include these codes as defined in \n                    \n                    <code>http://cts.nlm.nih.gov/fhir/cs/cdcrec</code>\n                    <table class=\"none\">\n                        <tr>\n                            <td>\n                                <b>Code</b>\n                            </td>\n                            <td>\n                                <b>Display</b>\n                            </td>\n                        </tr>\n                        <tr>\n                            <td>2135-2</td>\n                            <td>Hispanic or Latino</td>\n                            <td/>\n                        </tr>\n                        <tr>\n                            <td>2137-8</td>\n                            <td>Spaniard</td>\n                            <td/>\n                        </tr>\n                        <tr>\n                            <td>2138-6</td>\n                            <td>Andalusian</td>\n                            <td/>\n                        </tr>\n                        <tr>\n                            <td>2139-4</td>\n                            <td>Asturian</td>\n                            <td/>\n                        </tr>\n                        <tr>\n                            <td>2140-2</td>\n                            <td>Castillian</td>\n                            <td/>\n                        </tr>\n                        <tr>\n                            <td>2141-0</td>\n                            <td>Catalonian</td>\n                            <td/>\n                        </tr>\n                        <tr>\n                            <td>2142-8</td>\n                            <td>Belearic Islander</td>\n                            <td/>\n                        </tr>\n                        <tr>\n                            <td>2143-6</td>\n                            <td>Gallego</td>\n                            <td/>\n                        </tr>\n                        <tr>\n                            <td>2144-4</td>\n                            <td>Valencian</td>\n                            <td/>\n                        </tr>\n                        <tr>\n                            <td>2145-1</td>\n                            <td>Canarian</td>\n                            <td/>\n                        </tr>\n                        <tr>\n                            <td>2146-9</td>\n                            <td>Spanish Basque</td>\n                            <td/>\n                        </tr>\n                        <tr>\n                            <td>2148-5</td>\n                            <td>Mexican</td>\n                            <td/>\n                        </tr>\n                        <tr>\n                            <td>2149-3</td>\n                            <td>Mexican American</td>\n                            <td/>\n                        </tr>\n                        <tr>\n                            <td>2150-1</td>\n                            <td>Mexicano</td>\n                            <td/>\n                        </tr>\n                        <tr>\n                            <td>2151-9</td>\n                            <td>Chicano</td>\n                            <td/>\n                        </tr>\n                        <tr>\n                            <td>2152-7</td>\n                            <td>La Raza</td>\n                            <td/>\n                        </tr>\n                        <tr>\n                            <td>2153-5</td>\n                            <td>Mexican American Indian</td>\n                            <td/>\n                        </tr>\n                        <tr>\n                            <td>2155-0</td>\n                            <td>Central American</td>\n                            <td/>\n                        </tr>\n                        <tr>\n                            <td>2156-8</td>\n                            <td>Costa Rican</td>\n                            <td/>\n                        </tr>\n                        <tr>\n                            <td>2157-6</td>\n                            <td>Guatemalan</td>\n                            <td/>\n                        </tr>\n                        <tr>\n                            <td>2158-4</td>\n                            <td>Honduran</td>\n                            <td/>\n                        </tr>\n                        <tr>\n                            <td>2159-2</td>\n                            <td>Nicaraguan</td>\n                            <td/>\n                        </tr>\n                        <tr>\n                            <td>2160-0</td>\n                            <td>Panamanian</td>\n                            <td/>\n                        </tr>\n                        <tr>\n                            <td>2161-8</td>\n                            <td>Salvadoran</td>\n                            <td/>\n                        </tr>\n                        <tr>\n                            <td>2162-6</td>\n                            <td>Central American Indian</td>\n                            <td/>\n                        </tr>\n                        <tr>\n                            <td>2163-4</td>\n                            <td>Canal Zone</td>\n                            <td/>\n                        </tr>\n                        <tr>\n                            <td>2165-9</td>\n                            <td>South American</td>\n                            <td/>\n                        </tr>\n                        <tr>\n                            <td>2166-7</td>\n                            <td>Argentinean</td>\n                            <td/>\n                        </tr>\n                        <tr>\n                            <td>2167-5</td>\n                            <td>Bolivian</td>\n                            <td/>\n                        </tr>\n                        <tr>\n                            <td>2168-3</td>\n                            <td>Chilean</td>\n                            <td/>\n                        </tr>\n                        <tr>\n                            <td>2169-1</td>\n                            <td>Colombian</td>\n                            <td/>\n                        </tr>\n                        <tr>\n                            <td>2170-9</td>\n                            <td>Ecuadorian</td>\n                            <td/>\n                        </tr>\n                        <tr>\n                            <td>2171-7</td>\n                            <td>Paraguayan</td>\n                            <td/>\n                        </tr>\n                        <tr>\n                            <td>2172-5</td>\n                            <td>Peruvian</td>\n                            <td/>\n                        </tr>\n                        <tr>\n                            <td>2173-3</td>\n                            <td>Uruguayan</td>\n                            <td/>\n                        </tr>\n                        <tr>\n                            <td>2174-1</td>\n                            <td>Venezuelan</td>\n                            <td/>\n                        </tr>\n                        <tr>\n                            <td>2175-8</td>\n                            <td>South American Indian</td>\n                            <td/>\n                        </tr>\n                        <tr>\n                            <td>2176-6</td>\n                            <td>Criollo</td>\n                            <td/>\n                        </tr>\n                        <tr>\n                            <td>2178-2</td>\n                            <td>Latin American</td>\n                            <td/>\n                        </tr>\n                        <tr>\n                            <td>2180-8</td>\n                            <td>Puerto Rican</td>\n                            <td/>\n                        </tr>\n                        <tr>\n                            <td>2182-4</td>\n                            <td>Cuban</td>\n                            <td/>\n                        </tr>\n                        <tr>\n                            <td>2184-0</td>\n                            <td>Dominican</td>\n                            <td/>\n                        </tr>\n                        <tr>\n                            <td>2186-5</td>\n                            <td>Not Hispanic or Latino</td>\n                            <td/>\n                        </tr>\n                    </table>\n                </li>\n            </ul>\n        </div>"},"url":"http://cts.nlm.nih.gov/fhir/ValueSet/2.16.840.1.114222.4.11.877","version":"2.1.0","name":"DetailedEthnicity","title":"Detailed Ethnicity","status":"active","date":"2016-02-12T22:00:03-08:00","publisher":"Health Level 7","compose":{"include":[{"system":"http://cts.nlm.nih.gov/fhir/cs/cdcrec","concept":[{"code":"2135-2","display":"Hispanic or Latino"},{"code":"2137-8","display":"Spaniard"},{"code":"2138-6","display":"Andalusian"},{"code":"2139-4","display":"Asturian"},{"code":"2140-2","display":"Castillian"},{"code":"2141-0","display":"Catalonian"},{"code":"2142-8","display":"Belearic Islander"},{"code":"2143-6","display":"Gallego"},{"code":"2144-4","display":"Valencian"},{"code":"2145-1","display":"Canarian"},{"code":"2146-9","display":"Spanish Basque"},{"code":"2148-5","display":"Mexican"},{"code":"2149-3","display":"Mexican American"},{"code":"2150-1","display":"Mexicano"},{"code":"2151-9","display":"Chicano"},{"code":"2152-7","display":"La Raza"},{"code":"2153-5","display":"Mexican American Indian"},{"code":"2155-0","display":"Central American"},{"code":"2156-8","display":"Costa Rican"},{"code":"2157-6","display":"Guatemalan"},{"code":"2158-4","display":"Honduran"},{"code":"2159-2","display":"Nicaraguan"},{"code":"2160-0","display":"Panamanian"},{"code":"2161-8","display":"Salvadoran"},{"code":"2162-6","display":"Central American Indian"},{"code":"2163-4","display":"Canal Zone"},{"code":"2165-9","display":"South American"},{"code":"2166-7","display":"Argentinean"},{"code":"2167-5","display":"Bolivian"},{"code":"2168-3","display":"Chilean"},{"code":"2169-1","display":"Colombian"},{"code":"2170-9","display":"Ecuadorian"},{"code":"2171-7","display":"Paraguayan"},{"code":"2172-5","display":"Peruvian"},{"code":"2173-3","display":"Uruguayan"},{"code":"2174-1","display":"Venezuelan"},{"code":"2175-8","display":"South American Indian"},{"code":"2176-6","display":"Criollo"},{"code":"2178-2","display":"Latin American"},{"code":"2180-8","display":"Puerto Rican"},{"code":"2182-4","display":"Cuban"},{"code":"2184-0","display":"Dominican"},{"code":"2186-5","display":"Not Hispanic or Latino"}]}]}}