{"resourceType":"ValueSet","id":"2.16.840.1.113883.11.20.9.31","meta":{"versionId":"15","lastUpdated":"2018-05-16T22:08:57.000-07:00"},"text":{"status":"generated","div":"<div xmlns=\"http://www.w3.org/1999/xhtml\">\n            <h2>ConsultDocumentType</h2>\n            <p>This value set includes codes from the following code systems:</p>\n            <ul>\n                <li>Include these codes as defined in \n                    <a href=\"http://loinc.org\">\n                        <code>http://loinc.org</code>\n                    </a>\n                    <table class=\"none\">\n                        <tr>\n                            <td>\n                                <b>Code</b>\n                            </td>\n                            <td>\n                                <b>Display</b>\n                            </td>\n                        </tr>\n                        <tr>\n                            <td>\n                                <a href=\"http://details.loinc.org/LOINC/11488-4.html\">11488-4</a>\n                            </td>\n                            <td>Consult note</td>\n                            <td/>\n                        </tr>\n                        <tr>\n                            <td>\n                                <a href=\"http://details.loinc.org/LOINC/34099-2.html\">34099-2</a>\n                            </td>\n                            <td>Cardiology Consult note</td>\n                            <td/>\n                        </tr>\n                        <tr>\n                            <td>\n                                <a href=\"http://details.loinc.org/LOINC/34100-8.html\">34100-8</a>\n                            </td>\n                            <td>Intensive care unit Consult note</td>\n                            <td/>\n                        </tr>\n                        <tr>\n                            <td>\n                                <a href=\"http://details.loinc.org/LOINC/34101-6.html\">34101-6</a>\n                            </td>\n                            <td>General medicine Outpatient Consult note</td>\n                            <td/>\n                        </tr>\n                        <tr>\n                            <td>\n                                <a href=\"http://details.loinc.org/LOINC/34102-4.html\">34102-4</a>\n                            </td>\n                            <td>Psychiatry Hospital Consult note</td>\n                            <td/>\n                        </tr>\n                        <tr>\n                            <td>\n                                <a href=\"http://details.loinc.org/LOINC/34103-2.html\">34103-2</a>\n                            </td>\n                            <td>Pulmonary Consult note</td>\n                            <td/>\n                        </tr>\n                        <tr>\n                            <td>\n                                <a href=\"http://details.loinc.org/LOINC/34104-0.html\">34104-0</a>\n                            </td>\n                            <td>Hospital Consult note</td>\n                            <td/>\n                        </tr>\n                        <tr>\n                            <td>\n                                <a href=\"http://details.loinc.org/LOINC/34749-2.html\">34749-2</a>\n                            </td>\n                            <td>Anesthesiology Outpatient Consult note</td>\n                            <td/>\n                        </tr>\n                        <tr>\n                            <td>\n                                <a href=\"http://details.loinc.org/LOINC/34756-7.html\">34756-7</a>\n                            </td>\n                            <td>Dentistry Consult note</td>\n                            <td/>\n                        </tr>\n                        <tr>\n                            <td>\n                                <a href=\"http://details.loinc.org/LOINC/34758-3.html\">34758-3</a>\n                            </td>\n                            <td>Dermatology Consult note</td>\n                            <td/>\n                        </tr>\n                        <tr>\n                            <td>\n                                <a href=\"http://details.loinc.org/LOINC/34760-9.html\">34760-9</a>\n                            </td>\n                            <td>Diabetology Consult note</td>\n                            <td/>\n                        </tr>\n                        <tr>\n                            <td>\n                                <a href=\"http://details.loinc.org/LOINC/34761-7.html\">34761-7</a>\n                            </td>\n                            <td>Gastroenterology Consult note</td>\n                            <td/>\n                        </tr>\n                        <tr>\n                            <td>\n                                <a href=\"http://details.loinc.org/LOINC/34764-1.html\">34764-1</a>\n                            </td>\n                            <td>General medicine Consult note</td>\n                            <td/>\n                        </tr>\n                        <tr>\n                            <td>\n                                <a href=\"http://details.loinc.org/LOINC/34776-5.html\">34776-5</a>\n                            </td>\n                            <td>Geriatric medicine Consult note</td>\n                            <td/>\n                        </tr>\n                        <tr>\n                            <td>\n                                <a href=\"http://details.loinc.org/LOINC/34777-3.html\">34777-3</a>\n                            </td>\n                            <td>Obstetrics and Gynecology Consult note</td>\n                            <td/>\n                        </tr>\n                        <tr>\n                            <td>\n                                <a href=\"http://details.loinc.org/LOINC/34779-9.html\">34779-9</a>\n                            </td>\n                            <td>Hematology+Medical oncology Consult note</td>\n                            <td/>\n                        </tr>\n                        <tr>\n                            <td>\n                                <a href=\"http://details.loinc.org/LOINC/34781-5.html\">34781-5</a>\n                            </td>\n                            <td>Infectious disease Consult note</td>\n                            <td/>\n                        </tr>\n                        <tr>\n                            <td>\n                                <a href=\"http://details.loinc.org/LOINC/34783-1.html\">34783-1</a>\n                            </td>\n                            <td>Kinesiotherapy Consult note</td>\n                            <td/>\n                        </tr>\n                        <tr>\n                            <td>\n                                <a href=\"http://details.loinc.org/LOINC/34785-6.html\">34785-6</a>\n                            </td>\n                            <td>Mental health Consult note</td>\n                            <td/>\n                        </tr>\n                        <tr>\n                            <td>\n                                <a href=\"http://details.loinc.org/LOINC/34788-0.html\">34788-0</a>\n                            </td>\n                            <td>Psychiatry Consult note</td>\n                            <td/>\n                        </tr>\n                        <tr>\n                            <td>\n                                <a href=\"http://details.loinc.org/LOINC/34791-4.html\">34791-4</a>\n                            </td>\n                            <td>Psychology Consult note</td>\n                            <td/>\n                        </tr>\n                        <tr>\n                            <td>\n                                <a href=\"http://details.loinc.org/LOINC/34795-5.html\">34795-5</a>\n                            </td>\n                            <td>Nephrology Consult note</td>\n                            <td/>\n                        </tr>\n                        <tr>\n                            <td>\n                                <a href=\"http://details.loinc.org/LOINC/34797-1.html\">34797-1</a>\n                            </td>\n                            <td>Neurology Consult note</td>\n                            <td/>\n                        </tr>\n                        <tr>\n                            <td>\n                                <a href=\"http://details.loinc.org/LOINC/34798-9.html\">34798-9</a>\n                            </td>\n                            <td>Neurological surgery Consult note</td>\n                            <td/>\n                        </tr>\n                        <tr>\n                            <td>\n                                <a href=\"http://details.loinc.org/LOINC/34800-3.html\">34800-3</a>\n                            </td>\n                            <td>Nutrition and dietetics Consult note</td>\n                            <td/>\n                        </tr>\n                        <tr>\n                            <td>\n                                <a href=\"http://details.loinc.org/LOINC/34803-7.html\">34803-7</a>\n                            </td>\n                            <td>Occupational medicine Consult note</td>\n                            <td/>\n                        </tr>\n                        <tr>\n                            <td>\n                                <a href=\"http://details.loinc.org/LOINC/34805-2.html\">34805-2</a>\n                            </td>\n                            <td>Oncology Consult note</td>\n                            <td/>\n                        </tr>\n                        <tr>\n                            <td>\n                                <a href=\"http://details.loinc.org/LOINC/34807-8.html\">34807-8</a>\n                            </td>\n                            <td>Ophthalmology Consult note</td>\n                            <td/>\n                        </tr>\n                        <tr>\n                            <td>\n                                <a href=\"http://details.loinc.org/LOINC/34810-2.html\">34810-2</a>\n                            </td>\n                            <td>Optometry Consult note</td>\n                            <td/>\n                        </tr>\n                        <tr>\n                            <td>\n                                <a href=\"http://details.loinc.org/LOINC/34812-8.html\">34812-8</a>\n                            </td>\n                            <td>Oral and Maxillofacial Surgery Consult note</td>\n                            <td/>\n                        </tr>\n                        <tr>\n                            <td>\n                                <a href=\"http://details.loinc.org/LOINC/34814-4.html\">34814-4</a>\n                            </td>\n                            <td>Orthopaedic surgery Consult note</td>\n                            <td/>\n                        </tr>\n                        <tr>\n                            <td>\n                                <a href=\"http://details.loinc.org/LOINC/34816-9.html\">34816-9</a>\n                            </td>\n                            <td>Otolaryngology Consult note</td>\n                            <td/>\n                        </tr>\n                        <tr>\n                            <td>\n                                <a href=\"http://details.loinc.org/LOINC/34820-1.html\">34820-1</a>\n                            </td>\n                            <td>Pharmacology Consult note</td>\n                            <td/>\n                        </tr>\n                        <tr>\n                            <td>\n                                <a href=\"http://details.loinc.org/LOINC/34822-7.html\">34822-7</a>\n                            </td>\n                            <td>Physical medicine and rehab Consult note</td>\n                            <td/>\n                        </tr>\n                        <tr>\n                            <td>\n                                <a href=\"http://details.loinc.org/LOINC/34824-3.html\">34824-3</a>\n                            </td>\n                            <td>Physical therapy Consult note</td>\n                            <td/>\n                        </tr>\n                        <tr>\n                            <td>\n                                <a href=\"http://details.loinc.org/LOINC/34826-8.html\">34826-8</a>\n                            </td>\n                            <td>Plastic surgery Consult note</td>\n                            <td/>\n                        </tr>\n                        <tr>\n                            <td>\n                                <a href=\"http://details.loinc.org/LOINC/34828-4.html\">34828-4</a>\n                            </td>\n                            <td>Podiatry Consult note</td>\n                            <td/>\n                        </tr>\n                        <tr>\n                            <td>\n                                <a href=\"http://details.loinc.org/LOINC/34831-8.html\">34831-8</a>\n                            </td>\n                            <td>Radiation oncology Consult note</td>\n                            <td/>\n                        </tr>\n                        <tr>\n                            <td>\n                                <a href=\"http://details.loinc.org/LOINC/34833-4.html\">34833-4</a>\n                            </td>\n                            <td>Recreational therapy Consult note</td>\n                            <td/>\n                        </tr>\n                        <tr>\n                            <td>\n                                <a href=\"http://details.loinc.org/LOINC/34837-5.html\">34837-5</a>\n                            </td>\n                            <td>Respiratory therapy Consult note</td>\n                            <td/>\n                        </tr>\n                        <tr>\n                            <td>\n                                <a href=\"http://details.loinc.org/LOINC/34839-1.html\">34839-1</a>\n                            </td>\n                            <td>Rheumatology Consult note</td>\n                            <td/>\n                        </tr>\n                        <tr>\n                            <td>\n                                <a href=\"http://details.loinc.org/LOINC/34841-7.html\">34841-7</a>\n                            </td>\n                            <td>Social work Consult note</td>\n                            <td/>\n                        </tr>\n                        <tr>\n                            <td>\n                                <a href=\"http://details.loinc.org/LOINC/34845-8.html\">34845-8</a>\n                            </td>\n                            <td>Speech-language pathology+Audiology Consult note</td>\n                            <td/>\n                        </tr>\n                        <tr>\n                            <td>\n                                <a href=\"http://details.loinc.org/LOINC/34847-4.html\">34847-4</a>\n                            </td>\n                            <td>Surgery Consult note</td>\n                            <td/>\n                        </tr>\n                        <tr>\n                            <td>\n                                <a href=\"http://details.loinc.org/LOINC/34849-0.html\">34849-0</a>\n                            </td>\n                            <td>Cardiothoracic surgery Consult note</td>\n                            <td/>\n                        </tr>\n                        <tr>\n                            <td>\n                                <a href=\"http://details.loinc.org/LOINC/34851-6.html\">34851-6</a>\n                            </td>\n                            <td>Urology Consult note</td>\n                            <td/>\n                        </tr>\n                        <tr>\n                            <td>\n                                <a href=\"http://details.loinc.org/LOINC/34853-2.html\">34853-2</a>\n                            </td>\n                            <td>Vascular surgery Consult note</td>\n                            <td/>\n                        </tr>\n                        <tr>\n                            <td>\n                                <a href=\"http://details.loinc.org/LOINC/34855-7.html\">34855-7</a>\n                            </td>\n                            <td>Occupational therapy Consult note</td>\n                            <td/>\n                        </tr>\n                        <tr>\n                            <td>\n                                <a href=\"http://details.loinc.org/LOINC/34879-7.html\">34879-7</a>\n                            </td>\n                            <td>Endocrinology Consult note</td>\n                            <td/>\n                        </tr>\n                        <tr>\n                            <td>\n                                <a href=\"http://details.loinc.org/LOINC/51845-6.html\">51845-6</a>\n                            </td>\n                            <td>Outpatient Consult note</td>\n                            <td/>\n                        </tr>\n                        <tr>\n                            <td>\n                                <a href=\"http://details.loinc.org/LOINC/51846-4.html\">51846-4</a>\n                            </td>\n                            <td>Emergency department Consult note</td>\n                            <td/>\n                        </tr>\n                        <tr>\n                            <td>\n                                <a href=\"http://details.loinc.org/LOINC/51854-8.html\">51854-8</a>\n                            </td>\n                            <td>Long term care facility Consult note</td>\n                            <td/>\n                        </tr>\n                        <tr>\n                            <td>\n                                <a href=\"http://details.loinc.org/LOINC/60570-9.html\">60570-9</a>\n                            </td>\n                            <td>Pathology Consult note</td>\n                            <td/>\n                        </tr>\n                        <tr>\n                            <td>\n                                <a href=\"http://details.loinc.org/LOINC/64056-5.html\">64056-5</a>\n                            </td>\n                            <td>General medicine Medical student Hospital Consult note</td>\n                            <td/>\n                        </tr>\n                        <tr>\n                            <td>\n                                <a href=\"http://details.loinc.org/LOINC/64068-0.html\">64068-0</a>\n                            </td>\n                            <td>Surgery Medical student Hospital Consult note</td>\n                            <td/>\n                        </tr>\n                        <tr>\n                            <td>\n                                <a href=\"http://details.loinc.org/LOINC/64072-2.html\">64072-2</a>\n                            </td>\n                            <td>Critical care medicine Medical student Hospital Consult note</td>\n                            <td/>\n                        </tr>\n                        <tr>\n                            <td>\n                                <a href=\"http://details.loinc.org/LOINC/64076-3.html\">64076-3</a>\n                            </td>\n                            <td>Cardiothoracic surgery Medical student Hospital Consult note</td>\n                            <td/>\n                        </tr>\n                        <tr>\n                            <td>\n                                <a href=\"http://details.loinc.org/LOINC/64080-5.html\">64080-5</a>\n                            </td>\n                            <td>Pulmonary Medical student Hospital Consult note</td>\n                            <td/>\n                        </tr>\n                        <tr>\n                            <td>\n                                <a href=\"http://details.loinc.org/LOINC/68469-6.html\">68469-6</a>\n                            </td>\n                            <td>Pastoral care Hospital Consult note</td>\n                            <td/>\n                        </tr>\n                        <tr>\n                            <td>\n                                <a href=\"http://details.loinc.org/LOINC/68486-0.html\">68486-0</a>\n                            </td>\n                            <td>Cardiology Medical student Hospital Consult note</td>\n                            <td/>\n                        </tr>\n                        <tr>\n                            <td>\n                                <a href=\"http://details.loinc.org/LOINC/68551-1.html\">68551-1</a>\n                            </td>\n                            <td>Dermatology Hospital Consult note</td>\n                            <td/>\n                        </tr>\n                        <tr>\n                            <td>\n                                <a href=\"http://details.loinc.org/LOINC/68566-9.html\">68566-9</a>\n                            </td>\n                            <td>Obstetrics and Gynecology Hospital Consult note</td>\n                            <td/>\n                        </tr>\n                        <tr>\n                            <td>\n                                <a href=\"http://details.loinc.org/LOINC/68570-1.html\">68570-1</a>\n                            </td>\n                            <td>Occupational therapy Hospital Consult note</td>\n                            <td/>\n                        </tr>\n                        <tr>\n                            <td>\n                                <a href=\"http://details.loinc.org/LOINC/68575-0.html\">68575-0</a>\n                            </td>\n                            <td>Ophthalmology Hospital Consult note</td>\n                            <td/>\n                        </tr>\n                        <tr>\n                            <td>\n                                <a href=\"http://details.loinc.org/LOINC/68586-7.html\">68586-7</a>\n                            </td>\n                            <td>Pharmacology Hospital Consult note</td>\n                            <td/>\n                        </tr>\n                        <tr>\n                            <td>\n                                <a href=\"http://details.loinc.org/LOINC/68590-9.html\">68590-9</a>\n                            </td>\n                            <td>Physical therapy Hospital Consult note</td>\n                            <td/>\n                        </tr>\n                        <tr>\n                            <td>\n                                <a href=\"http://details.loinc.org/LOINC/68597-4.html\">68597-4</a>\n                            </td>\n                            <td>Plastic surgery Hospital Consult note</td>\n                            <td/>\n                        </tr>\n                        <tr>\n                            <td>\n                                <a href=\"http://details.loinc.org/LOINC/68619-6.html\">68619-6</a>\n                            </td>\n                            <td>Adolescent medicine Hospital Consult note</td>\n                            <td/>\n                        </tr>\n                        <tr>\n                            <td>\n                                <a href=\"http://details.loinc.org/LOINC/68633-7.html\">68633-7</a>\n                            </td>\n                            <td>Allergy and immunology Hospital Consult note</td>\n                            <td/>\n                        </tr>\n                        <tr>\n                            <td>\n                                <a href=\"http://details.loinc.org/LOINC/68639-4.html\">68639-4</a>\n                            </td>\n                            <td>Audiology Hospital Consult note</td>\n                            <td/>\n                        </tr>\n                        <tr>\n                            <td>\n                                <a href=\"http://details.loinc.org/LOINC/68648-5.html\">68648-5</a>\n                            </td>\n                            <td>Child and adolescent psychiatry Hospital Consult note</td>\n                            <td/>\n                        </tr>\n                        <tr>\n                            <td>\n                                <a href=\"http://details.loinc.org/LOINC/68651-9.html\">68651-9</a>\n                            </td>\n                            <td>Clinical biochemical genetics Hospital Consult note</td>\n                            <td/>\n                        </tr>\n                        <tr>\n                            <td>\n                                <a href=\"http://details.loinc.org/LOINC/68661-8.html\">68661-8</a>\n                            </td>\n                            <td>Clinical genetics Hospital Consult note</td>\n                            <td/>\n                        </tr>\n                        <tr>\n                            <td>\n                                <a href=\"http://details.loinc.org/LOINC/68670-9.html\">68670-9</a>\n                            </td>\n                            <td>Developmental-behavioral pediatrics Hospital Consult note</td>\n                            <td/>\n                        </tr>\n                        <tr>\n                            <td>\n                                <a href=\"http://details.loinc.org/LOINC/68681-6.html\">68681-6</a>\n                            </td>\n                            <td>Multi-specialty program Hospital Consult note</td>\n                            <td/>\n                        </tr>\n                        <tr>\n                            <td>\n                                <a href=\"http://details.loinc.org/LOINC/68685-7.html\">68685-7</a>\n                            </td>\n                            <td>Neonatal perinatal medicine Hospital Consult note</td>\n                            <td/>\n                        </tr>\n                        <tr>\n                            <td>\n                                <a href=\"http://details.loinc.org/LOINC/68694-9.html\">68694-9</a>\n                            </td>\n                            <td>Neurological surgery Hospital Consult note</td>\n                            <td/>\n                        </tr>\n                        <tr>\n                            <td>\n                                <a href=\"http://details.loinc.org/LOINC/68705-3.html\">68705-3</a>\n                            </td>\n                            <td>Neurology with special qualifications in child neurology Hospital Consult note</td>\n                            <td/>\n                        </tr>\n                        <tr>\n                            <td>\n                                <a href=\"http://details.loinc.org/LOINC/68716-0.html\">68716-0</a>\n                            </td>\n                            <td>Pain medicine Hospital Consult note</td>\n                            <td/>\n                        </tr>\n                        <tr>\n                            <td>\n                                <a href=\"http://details.loinc.org/LOINC/68727-7.html\">68727-7</a>\n                            </td>\n                            <td>Pediatric cardiology Hospital Consult note</td>\n                            <td/>\n                        </tr>\n                        <tr>\n                            <td>\n                                <a href=\"http://details.loinc.org/LOINC/68746-7.html\">68746-7</a>\n                            </td>\n                            <td>Pediatric gastroenterology Hospital Consult note</td>\n                            <td/>\n                        </tr>\n                        <tr>\n                            <td>\n                                <a href=\"http://details.loinc.org/LOINC/68757-4.html\">68757-4</a>\n                            </td>\n                            <td>Pediatric hematology-oncology Hospital Consult note</td>\n                            <td/>\n                        </tr>\n                        <tr>\n                            <td>\n                                <a href=\"http://details.loinc.org/LOINC/68765-7.html\">68765-7</a>\n                            </td>\n                            <td>Pediatric infectious diseases Hospital Consult note</td>\n                            <td/>\n                        </tr>\n                        <tr>\n                            <td>\n                                <a href=\"http://details.loinc.org/LOINC/68787-1.html\">68787-1</a>\n                            </td>\n                            <td>Pediatric pulmonology Hospital Consult note</td>\n                            <td/>\n                        </tr>\n                        <tr>\n                            <td>\n                                <a href=\"http://details.loinc.org/LOINC/68802-8.html\">68802-8</a>\n                            </td>\n                            <td>Pediatric surgery Hospital Consult note</td>\n                            <td/>\n                        </tr>\n                        <tr>\n                            <td>\n                                <a href=\"http://details.loinc.org/LOINC/68812-7.html\">68812-7</a>\n                            </td>\n                            <td>Pediatric urology Hospital Consult note</td>\n                            <td/>\n                        </tr>\n                        <tr>\n                            <td>\n                                <a href=\"http://details.loinc.org/LOINC/68821-8.html\">68821-8</a>\n                            </td>\n                            <td>Pediatrics Hospital Consult note</td>\n                            <td/>\n                        </tr>\n                        <tr>\n                            <td>\n                                <a href=\"http://details.loinc.org/LOINC/68837-4.html\">68837-4</a>\n                            </td>\n                            <td>Primary care Hospital Consult note</td>\n                            <td/>\n                        </tr>\n                        <tr>\n                            <td>\n                                <a href=\"http://details.loinc.org/LOINC/68846-5.html\">68846-5</a>\n                            </td>\n                            <td>Speech-language pathology Hospital Consult note</td>\n                            <td/>\n                        </tr>\n                        <tr>\n                            <td>\n                                <a href=\"http://details.loinc.org/LOINC/68852-3.html\">68852-3</a>\n                            </td>\n                            <td>Transplant surgery Hospital Consult note</td>\n                            <td/>\n                        </tr>\n                        <tr>\n                            <td>\n                                <a href=\"http://details.loinc.org/LOINC/68864-8.html\">68864-8</a>\n                            </td>\n                            <td>Pediatric transplant hepatology Hospital Consult note</td>\n                            <td/>\n                        </tr>\n                        <tr>\n                            <td>\n                                <a href=\"http://details.loinc.org/LOINC/68869-7.html\">68869-7</a>\n                            </td>\n                            <td>Pediatric nephrology Hospital Consult note</td>\n                            <td/>\n                        </tr>\n                        <tr>\n                            <td>\n                                <a href=\"http://details.loinc.org/LOINC/68874-7.html\">68874-7</a>\n                            </td>\n                            <td>Pediatric otolaryngology Hospital Consult note</td>\n                            <td/>\n                        </tr>\n                        <tr>\n                            <td>\n                                <a href=\"http://details.loinc.org/LOINC/68879-6.html\">68879-6</a>\n                            </td>\n                            <td>Pediatric rheumatology Hospital Consult note</td>\n                            <td/>\n                        </tr>\n                        <tr>\n                            <td>\n                                <a href=\"http://details.loinc.org/LOINC/68892-9.html\">68892-9</a>\n                            </td>\n                            <td>Pediatric dermatology Hospital Consult note</td>\n                            <td/>\n                        </tr>\n                        <tr>\n                            <td>\n                                <a href=\"http://details.loinc.org/LOINC/68897-8.html\">68897-8</a>\n                            </td>\n                            <td>Pediatric endocrinology Hospital Consult note</td>\n                            <td/>\n                        </tr>\n                        <tr>\n                            <td>\n                                <a href=\"http://details.loinc.org/LOINC/72555-6.html\">72555-6</a>\n                            </td>\n                            <td>Interventional radiology Consult note</td>\n                            <td/>\n                        </tr>\n                        <tr>\n                            <td>\n                                <a href=\"http://details.loinc.org/LOINC/73575-3.html\">73575-3</a>\n                            </td>\n                            <td>Radiology Consult note</td>\n                            <td/>\n                        </tr>\n                        <tr>\n                            <td>\n                                <a href=\"http://details.loinc.org/LOINC/75424-2.html\">75424-2</a>\n                            </td>\n                            <td>Audiology Consult note</td>\n                            <td/>\n                        </tr>\n                        <tr>\n                            <td>\n                                <a href=\"http://details.loinc.org/LOINC/75465-5.html\">75465-5</a>\n                            </td>\n                            <td>Orthotics prosthetics Consult note</td>\n                            <td/>\n                        </tr>\n                        <tr>\n                            <td>\n                                <a href=\"http://details.loinc.org/LOINC/77403-4.html\">77403-4</a>\n                            </td>\n                            <td>Anesthesiology Consult note</td>\n                            <td/>\n                        </tr>\n                        <tr>\n                            <td>\n                                <a href=\"http://details.loinc.org/LOINC/77429-9.html\">77429-9</a>\n                            </td>\n                            <td>Allergy and immunology Consult note</td>\n                            <td/>\n                        </tr>\n                        <tr>\n                            <td>\n                                <a href=\"http://details.loinc.org/LOINC/78250-8.html\">78250-8</a>\n                            </td>\n                            <td>Colon and rectal surgery Consult note</td>\n                            <td/>\n                        </tr>\n                        <tr>\n                            <td>\n                                <a href=\"http://details.loinc.org/LOINC/78251-6.html\">78251-6</a>\n                            </td>\n                            <td>Hematology Consult note</td>\n                            <td/>\n                        </tr>\n                        <tr>\n                            <td>\n                                <a href=\"http://details.loinc.org/LOINC/78252-4.html\">78252-4</a>\n                            </td>\n                            <td>Multi-specialty program Consult note</td>\n                            <td/>\n                        </tr>\n                        <tr>\n                            <td>\n                                <a href=\"http://details.loinc.org/LOINC/78253-2.html\">78253-2</a>\n                            </td>\n                            <td>Family medicine Consult note</td>\n                            <td/>\n                        </tr>\n                        <tr>\n                            <td>\n                                <a href=\"http://details.loinc.org/LOINC/78254-0.html\">78254-0</a>\n                            </td>\n                            <td>Clinical genetics Consult note</td>\n                            <td/>\n                        </tr>\n                        <tr>\n                            <td>\n                                <a href=\"http://details.loinc.org/LOINC/78405-8.html\">78405-8</a>\n                            </td>\n                            <td>Neonatal perinatal medicine Consult note</td>\n                            <td/>\n                        </tr>\n                        <tr>\n                            <td>\n                                <a href=\"http://details.loinc.org/LOINC/78406-6.html\">78406-6</a>\n                            </td>\n                            <td>Nurse practitioner Consult note</td>\n                            <td/>\n                        </tr>\n                        <tr>\n                            <td>\n                                <a href=\"http://details.loinc.org/LOINC/78496-7.html\">78496-7</a>\n                            </td>\n                            <td>Critical care medicine Consult note</td>\n                            <td/>\n                        </tr>\n                        <tr>\n                            <td>\n                                <a href=\"http://details.loinc.org/LOINC/78498-3.html\">78498-3</a>\n                            </td>\n                            <td>Cardiopulmonary Consult note</td>\n                            <td/>\n                        </tr>\n                        <tr>\n                            <td>\n                                <a href=\"http://details.loinc.org/LOINC/78567-5.html\">78567-5</a>\n                            </td>\n                            <td>Pain medicine Consult note</td>\n                            <td/>\n                        </tr>\n                        <tr>\n                            <td>\n                                <a href=\"http://details.loinc.org/LOINC/78568-3.html\">78568-3</a>\n                            </td>\n                            <td>Palliative care Consult note</td>\n                            <td/>\n                        </tr>\n                        <tr>\n                            <td>\n                                <a href=\"http://details.loinc.org/LOINC/78726-7.html\">78726-7</a>\n                            </td>\n                            <td>Pediatrics Consult note</td>\n                            <td/>\n                        </tr>\n                        <tr>\n                            <td>\n                                <a href=\"http://details.loinc.org/LOINC/78732-5.html\">78732-5</a>\n                            </td>\n                            <td>Trauma Consult note</td>\n                            <td/>\n                        </tr>\n                        <tr>\n                            <td>\n                                <a href=\"http://details.loinc.org/LOINC/78738-2.html\">78738-2</a>\n                            </td>\n                            <td>Sports medicine Consult note</td>\n                            <td/>\n                        </tr>\n                        <tr>\n                            <td>\n                                <a href=\"http://details.loinc.org/LOINC/79428-9.html\">79428-9</a>\n                            </td>\n                            <td>Rapid response team Consult note</td>\n                            <td/>\n                        </tr>\n                        <tr>\n                            <td>\n                                <a href=\"http://details.loinc.org/LOINC/80396-5.html\">80396-5</a>\n                            </td>\n                            <td>Gynecologic oncology Consult note</td>\n                            <td/>\n                        </tr>\n                        <tr>\n                            <td>\n                                <a href=\"http://details.loinc.org/LOINC/80575-4.html\">80575-4</a>\n                            </td>\n                            <td>Cardiac surgery Consult note</td>\n                            <td/>\n                        </tr>\n                        <tr>\n                            <td>\n                                <a href=\"http://details.loinc.org/LOINC/80664-6.html\">80664-6</a>\n                            </td>\n                            <td>Clinical neurophysiology Consult note</td>\n                            <td/>\n                        </tr>\n                        <tr>\n                            <td>\n                                <a href=\"http://details.loinc.org/LOINC/80666-1.html\">80666-1</a>\n                            </td>\n                            <td>Vascular neurology Consult note</td>\n                            <td/>\n                        </tr>\n                        <tr>\n                            <td>\n                                <a href=\"http://details.loinc.org/LOINC/80673-7.html\">80673-7</a>\n                            </td>\n                            <td>Maternal and fetal medicine Consult note</td>\n                            <td/>\n                        </tr>\n                        <tr>\n                            <td>\n                                <a href=\"http://details.loinc.org/LOINC/80736-2.html\">80736-2</a>\n                            </td>\n                            <td>Blood banking and transfusion medicine Consult note</td>\n                            <td/>\n                        </tr>\n                        <tr>\n                            <td>\n                                <a href=\"http://details.loinc.org/LOINC/80801-4.html\">80801-4</a>\n                            </td>\n                            <td>Surgical oncology Consult note</td>\n                            <td/>\n                        </tr>\n                        <tr>\n                            <td>\n                                <a href=\"http://details.loinc.org/LOINC/81191-9.html\">81191-9</a>\n                            </td>\n                            <td>Chemical pathology Consult note</td>\n                            <td/>\n                        </tr>\n                        <tr>\n                            <td>\n                                <a href=\"http://details.loinc.org/LOINC/81192-7.html\">81192-7</a>\n                            </td>\n                            <td>Clinical pathology Consult note</td>\n                            <td/>\n                        </tr>\n                        <tr>\n                            <td>\n                                <a href=\"http://details.loinc.org/LOINC/81193-5.html\">81193-5</a>\n                            </td>\n                            <td>Medical microbiology - pathology Consult note</td>\n                            <td/>\n                        </tr>\n                        <tr>\n                            <td>\n                                <a href=\"http://details.loinc.org/LOINC/81196-8.html\">81196-8</a>\n                            </td>\n                            <td>Clinical pharmacology Consult note</td>\n                            <td/>\n                        </tr>\n                        <tr>\n                            <td>\n                                <a href=\"http://details.loinc.org/LOINC/82356-7.html\">82356-7</a>\n                            </td>\n                            <td>Obstetrics Midwife Consult note</td>\n                            <td/>\n                        </tr>\n                        <tr>\n                            <td>\n                                <a href=\"http://details.loinc.org/LOINC/82359-1.html\">82359-1</a>\n                            </td>\n                            <td>Reproductive endocrinology and infertility Consult note</td>\n                            <td/>\n                        </tr>\n                        <tr>\n                            <td>\n                                <a href=\"http://details.loinc.org/LOINC/83570-2.html\">83570-2</a>\n                            </td>\n                            <td>Diabetology Nurse Consult note</td>\n                            <td/>\n                        </tr>\n                        <tr>\n                            <td>\n                                <a href=\"http://details.loinc.org/LOINC/83578-5.html\">83578-5</a>\n                            </td>\n                            <td>Hematology+Medical oncology Nurse Consult note</td>\n                            <td/>\n                        </tr>\n                        <tr>\n                            <td>\n                                <a href=\"http://details.loinc.org/LOINC/83609-8.html\">83609-8</a>\n                            </td>\n                            <td>Psychiatry Nurse Consult note</td>\n                            <td/>\n                        </tr>\n                        <tr>\n                            <td>\n                                <a href=\"http://details.loinc.org/LOINC/83621-3.html\">83621-3</a>\n                            </td>\n                            <td>Geriatric medicine Nurse Consult note</td>\n                            <td/>\n                        </tr>\n                        <tr>\n                            <td>\n                                <a href=\"http://details.loinc.org/LOINC/83653-6.html\">83653-6</a>\n                            </td>\n                            <td>Pain medicine Team Consult note</td>\n                            <td/>\n                        </tr>\n                        <tr>\n                            <td>\n                                <a href=\"http://details.loinc.org/LOINC/83685-8.html\">83685-8</a>\n                            </td>\n                            <td>Hematology+Medical oncology Physician attending Consult note</td>\n                            <td/>\n                        </tr>\n                        <tr>\n                            <td>\n                                <a href=\"http://details.loinc.org/LOINC/83720-3.html\">83720-3</a>\n                            </td>\n                            <td>Physical medicine and rehab Long term care facility Consult note</td>\n                            <td/>\n                        </tr>\n                        <tr>\n                            <td>\n                                <a href=\"http://details.loinc.org/LOINC/83722-9.html\">83722-9</a>\n                            </td>\n                            <td>Physical medicine and rehabilitation Nurse Consult note</td>\n                            <td/>\n                        </tr>\n                        <tr>\n                            <td>\n                                <a href=\"http://details.loinc.org/LOINC/83868-0.html\">83868-0</a>\n                            </td>\n                            <td>Preventive medicine Consult note</td>\n                            <td/>\n                        </tr>\n                        <tr>\n                            <td>\n                                <a href=\"http://details.loinc.org/LOINC/83873-0.html\">83873-0</a>\n                            </td>\n                            <td>Primary care Consult note</td>\n                            <td/>\n                        </tr>\n                        <tr>\n                            <td>\n                                <a href=\"http://details.loinc.org/LOINC/83888-8.html\">83888-8</a>\n                            </td>\n                            <td>Psychiatry Long term care facility Consult note</td>\n                            <td/>\n                        </tr>\n                        <tr>\n                            <td>\n                                <a href=\"http://details.loinc.org/LOINC/83909-2.html\">83909-2</a>\n                            </td>\n                            <td>Public health Consult note</td>\n                            <td/>\n                        </tr>\n                        <tr>\n                            <td>\n                                <a href=\"http://details.loinc.org/LOINC/83912-6.html\">83912-6</a>\n                            </td>\n                            <td>Pulmonary Patient's home Consult note</td>\n                            <td/>\n                        </tr>\n                        <tr>\n                            <td>\n                                <a href=\"http://details.loinc.org/LOINC/83926-6.html\">83926-6</a>\n                            </td>\n                            <td>Recreational therapy Long term care facility Consult note</td>\n                            <td/>\n                        </tr>\n                        <tr>\n                            <td>\n                                <a href=\"http://details.loinc.org/LOINC/83931-6.html\">83931-6</a>\n                            </td>\n                            <td>Research Consult note</td>\n                            <td/>\n                        </tr>\n                        <tr>\n                            <td>\n                                <a href=\"http://details.loinc.org/LOINC/83941-5.html\">83941-5</a>\n                            </td>\n                            <td>Respiratory therapy Patient's home Consult note</td>\n                            <td/>\n                        </tr>\n                        <tr>\n                            <td>\n                                <a href=\"http://details.loinc.org/LOINC/83960-5.html\">83960-5</a>\n                            </td>\n                            <td>Social work Patient's home Consult note</td>\n                            <td/>\n                        </tr>\n                        <tr>\n                            <td>\n                                <a href=\"http://details.loinc.org/LOINC/83967-0.html\">83967-0</a>\n                            </td>\n                            <td>Social work Long term care facility Consult note</td>\n                            <td/>\n                        </tr>\n                        <tr>\n                            <td>\n                                <a href=\"http://details.loinc.org/LOINC/83984-5.html\">83984-5</a>\n                            </td>\n                            <td>Speech-language pathology Consult note</td>\n                            <td/>\n                        </tr>\n                        <tr>\n                            <td>\n                                <a href=\"http://details.loinc.org/LOINC/83992-8.html\">83992-8</a>\n                            </td>\n                            <td>Spinal cord injury medicine Consult note</td>\n                            <td/>\n                        </tr>\n                        <tr>\n                            <td>\n                                <a href=\"http://details.loinc.org/LOINC/83996-9.html\">83996-9</a>\n                            </td>\n                            <td>Spinal cord injury medicine Patient's home Consult note</td>\n                            <td/>\n                        </tr>\n                        <tr>\n                            <td>\n                                <a href=\"http://details.loinc.org/LOINC/84035-5.html\">84035-5</a>\n                            </td>\n                            <td>Transplant surgery Consult note</td>\n                            <td/>\n                        </tr>\n                        <tr>\n                            <td>\n                                <a href=\"http://details.loinc.org/LOINC/84071-0.html\">84071-0</a>\n                            </td>\n                            <td>Chiropractic medicine Consult note</td>\n                            <td/>\n                        </tr>\n                        <tr>\n                            <td>\n                                <a href=\"http://details.loinc.org/LOINC/84115-5.html\">84115-5</a>\n                            </td>\n                            <td>Geriatric medicine Long term care facility Consult note</td>\n                            <td/>\n                        </tr>\n                        <tr>\n                            <td>\n                                <a href=\"http://details.loinc.org/LOINC/84126-2.html\">84126-2</a>\n                            </td>\n                            <td>Surgery of the hand Consult note</td>\n                            <td/>\n                        </tr>\n                        <tr>\n                            <td>\n                                <a href=\"http://details.loinc.org/LOINC/84131-2.html\">84131-2</a>\n                            </td>\n                            <td>Primary care Patient's home Consult note</td>\n                            <td/>\n                        </tr>\n                        <tr>\n                            <td>\n                                <a href=\"http://details.loinc.org/LOINC/84142-9.html\">84142-9</a>\n                            </td>\n                            <td>Hematology+Medical oncology Hospital Consult note</td>\n                            <td/>\n                        </tr>\n                        <tr>\n                            <td>\n                                <a href=\"http://details.loinc.org/LOINC/84145-2.html\">84145-2</a>\n                            </td>\n                            <td>Hematology+Medical oncology Outpatient Consult note</td>\n                            <td/>\n                        </tr>\n                        <tr>\n                            <td>\n                                <a href=\"http://details.loinc.org/LOINC/84152-8.html\">84152-8</a>\n                            </td>\n                            <td>Hepatology Consult note</td>\n                            <td/>\n                        </tr>\n                        <tr>\n                            <td>\n                                <a href=\"http://details.loinc.org/LOINC/84173-4.html\">84173-4</a>\n                            </td>\n                            <td>Interventional cardiology Consult note</td>\n                            <td/>\n                        </tr>\n                        <tr>\n                            <td>\n                                <a href=\"http://details.loinc.org/LOINC/84190-8.html\">84190-8</a>\n                            </td>\n                            <td>Medical toxicology Consult note</td>\n                            <td/>\n                        </tr>\n                        <tr>\n                            <td>\n                                <a href=\"http://details.loinc.org/LOINC/84213-8.html\">84213-8</a>\n                            </td>\n                            <td>Mental health Team Consult note</td>\n                            <td/>\n                        </tr>\n                        <tr>\n                            <td>\n                                <a href=\"http://details.loinc.org/LOINC/84231-0.html\">84231-0</a>\n                            </td>\n                            <td>Neurology Telehealth Consult note</td>\n                            <td/>\n                        </tr>\n                        <tr>\n                            <td>\n                                <a href=\"http://details.loinc.org/LOINC/84241-9.html\">84241-9</a>\n                            </td>\n                            <td>Nurse Consult note</td>\n                            <td/>\n                        </tr>\n                        <tr>\n                            <td>\n                                <a href=\"http://details.loinc.org/LOINC/84280-7.html\">84280-7</a>\n                            </td>\n                            <td>Nutrition and dietetics Patient's home Consult note</td>\n                            <td/>\n                        </tr>\n                        <tr>\n                            <td>\n                                <a href=\"http://details.loinc.org/LOINC/84292-2.html\">84292-2</a>\n                            </td>\n                            <td>Nutrition and dietetics Team Consult note</td>\n                            <td/>\n                        </tr>\n                        <tr>\n                            <td>\n                                <a href=\"http://details.loinc.org/LOINC/84303-7.html\">84303-7</a>\n                            </td>\n                            <td>Wound care management Consult note</td>\n                            <td/>\n                        </tr>\n                        <tr>\n                            <td>\n                                <a href=\"http://details.loinc.org/LOINC/84312-8.html\">84312-8</a>\n                            </td>\n                            <td>Vocational rehabilitation Consult note</td>\n                            <td/>\n                        </tr>\n                        <tr>\n                            <td>\n                                <a href=\"http://details.loinc.org/LOINC/84324-3.html\">84324-3</a>\n                            </td>\n                            <td>Physical therapy Long term care facility Consult note</td>\n                            <td/>\n                        </tr>\n                        <tr>\n                            <td>\n                                <a href=\"http://details.loinc.org/LOINC/84349-0.html\">84349-0</a>\n                            </td>\n                            <td>Pastoral care Consult note</td>\n                            <td/>\n                        </tr>\n                        <tr>\n                            <td>\n                                <a href=\"http://details.loinc.org/LOINC/84352-4.html\">84352-4</a>\n                            </td>\n                            <td>Palliative care team Consult note</td>\n                            <td/>\n                        </tr>\n                        <tr>\n                            <td>\n                                <a href=\"http://details.loinc.org/LOINC/84358-1.html\">84358-1</a>\n                            </td>\n                            <td>Palliative care Patient's home Consult note</td>\n                            <td/>\n                        </tr>\n                        <tr>\n                            <td>\n                                <a href=\"http://details.loinc.org/LOINC/84394-6.html\">84394-6</a>\n                            </td>\n                            <td>Occupational therapy Patient's home Consult note</td>\n                            <td/>\n                        </tr>\n                        <tr>\n                            <td>\n                                <a href=\"http://details.loinc.org/LOINC/84398-7.html\">84398-7</a>\n                            </td>\n                            <td>Occupational therapy Long term care facility Consult note</td>\n                            <td/>\n                        </tr>\n                        <tr>\n                            <td>\n                                <a href=\"http://details.loinc.org/LOINC/85174-1.html\">85174-1</a>\n                            </td>\n                            <td>Custodial care facility Consult note</td>\n                            <td/>\n                        </tr>\n                        <tr>\n                            <td>\n                                <a href=\"http://details.loinc.org/LOINC/85208-7.html\">85208-7</a>\n                            </td>\n                            <td>Telehealth Consult note</td>\n                            <td/>\n                        </tr>\n                        <tr>\n                            <td>\n                                <a href=\"http://details.loinc.org/LOINC/85222-8.html\">85222-8</a>\n                            </td>\n                            <td>Case manager Consult note</td>\n                            <td/>\n                        </tr>\n                        <tr>\n                            <td>\n                                <a href=\"http://details.loinc.org/LOINC/85232-7.html\">85232-7</a>\n                            </td>\n                            <td>Tumor board Consult note</td>\n                            <td/>\n                        </tr>\n                        <tr>\n                            <td>\n                                <a href=\"http://details.loinc.org/LOINC/85237-6.html\">85237-6</a>\n                            </td>\n                            <td>Acupuncture Consult note</td>\n                            <td/>\n                        </tr>\n                        <tr>\n                            <td>\n                                <a href=\"http://details.loinc.org/LOINC/85238-4.html\">85238-4</a>\n                            </td>\n                            <td>Internal medicine Consult note</td>\n                            <td/>\n                        </tr>\n                        <tr>\n                            <td>\n                                <a href=\"http://details.loinc.org/LOINC/85517-1.html\">85517-1</a>\n                            </td>\n                            <td>Bariatric surgery Consult note</td>\n                            <td/>\n                        </tr>\n                        <tr>\n                            <td>\n                                <a href=\"http://details.loinc.org/LOINC/85519-7.html\">85519-7</a>\n                            </td>\n                            <td>Child and adolescent psychology Consult note</td>\n                            <td/>\n                        </tr>\n                        <tr>\n                            <td>\n                                <a href=\"http://details.loinc.org/LOINC/85866-2.html\">85866-2</a>\n                            </td>\n                            <td>Sleep medicine Consult note</td>\n                            <td/>\n                        </tr>\n                        <tr>\n                            <td>\n                                <a href=\"http://details.loinc.org/LOINC/85871-2.html\">85871-2</a>\n                            </td>\n                            <td>Womens health Consult note</td>\n                            <td/>\n                        </tr>\n                        <tr>\n                            <td>\n                                <a href=\"http://details.loinc.org/LOINC/85882-9.html\">85882-9</a>\n                            </td>\n                            <td>Ophthalmology Teleimaging Consult note</td>\n                            <td/>\n                        </tr>\n                        <tr>\n                            <td>\n                                <a href=\"http://details.loinc.org/LOINC/85884-5.html\">85884-5</a>\n                            </td>\n                            <td>Epilepsy Consult note</td>\n                            <td/>\n                        </tr>\n                        <tr>\n                            <td>\n                                <a href=\"http://details.loinc.org/LOINC/85886-0.html\">85886-0</a>\n                            </td>\n                            <td>Clinical cardiac electrophysiology Consult note</td>\n                            <td/>\n                        </tr>\n                        <tr>\n                            <td>\n                                <a href=\"http://details.loinc.org/LOINC/85890-2.html\">85890-2</a>\n                            </td>\n                            <td>Neuropsychology Consult note</td>\n                            <td/>\n                        </tr>\n                        <tr>\n                            <td>\n                                <a href=\"http://details.loinc.org/LOINC/85899-3.html\">85899-3</a>\n                            </td>\n                            <td>Community health care Consult note</td>\n                            <td/>\n                        </tr>\n                        <tr>\n                            <td>\n                                <a href=\"http://details.loinc.org/LOINC/86451-2.html\">86451-2</a>\n                            </td>\n                            <td>Ethics Consult note</td>\n                            <td/>\n                        </tr>\n                        <tr>\n                            <td>\n                                <a href=\"http://details.loinc.org/LOINC/87233-3.html\">87233-3</a>\n                            </td>\n                            <td>Dialysis Consult note</td>\n                            <td/>\n                        </tr>\n                        <tr>\n                            <td>\n                                <a href=\"http://details.loinc.org/LOINC/87254-9.html\">87254-9</a>\n                            </td>\n                            <td>Addiction medicine Consult note</td>\n                            <td/>\n                        </tr>\n                        <tr>\n                            <td>\n                                <a href=\"http://details.loinc.org/LOINC/87627-6.html\">87627-6</a>\n                            </td>\n                            <td>Brain injury Consult note</td>\n                            <td/>\n                        </tr>\n                    </table>\n                </li>\n            </ul>\n        </div>"},"url":"http://cts.nlm.nih.gov/fhir/ValueSet/2.16.840.1.113883.11.20.9.31","version":"0.0.1","name":"ConsultDocumentType","status":"active","date":"2018-05-16T22:00:04-07:00","publisher":"HL7 Terminology","compose":{"include":[{"system":"http://loinc.org","concept":[{"code":"11488-4","display":"Consult note"},{"code":"34099-2","display":"Cardiology Consult note"},{"code":"34100-8","display":"Intensive care unit Consult note"},{"code":"34101-6","display":"General medicine Outpatient Consult note"},{"code":"34102-4","display":"Psychiatry Hospital Consult note"},{"code":"34103-2","display":"Pulmonary Consult note"},{"code":"34104-0","display":"Hospital Consult note"},{"code":"34749-2","display":"Anesthesiology Outpatient Consult note"},{"code":"34756-7","display":"Dentistry Consult note"},{"code":"34758-3","display":"Dermatology Consult note"},{"code":"34760-9","display":"Diabetology Consult note"},{"code":"34761-7","display":"Gastroenterology Consult note"},{"code":"34764-1","display":"General medicine Consult note"},{"code":"34776-5","display":"Geriatric medicine Consult note"},{"code":"34777-3","display":"Obstetrics and Gynecology Consult note"},{"code":"34779-9","display":"Hematology+Medical oncology Consult note"},{"code":"34781-5","display":"Infectious disease Consult note"},{"code":"34783-1","display":"Kinesiotherapy Consult note"},{"code":"34785-6","display":"Mental health Consult note"},{"code":"34788-0","display":"Psychiatry Consult note"},{"code":"34791-4","display":"Psychology Consult note"},{"code":"34795-5","display":"Nephrology Consult note"},{"code":"34797-1","display":"Neurology Consult note"},{"code":"34798-9","display":"Neurological surgery Consult note"},{"code":"34800-3","display":"Nutrition and dietetics Consult note"},{"code":"34803-7","display":"Occupational medicine Consult note"},{"code":"34805-2","display":"Oncology Consult note"},{"code":"34807-8","display":"Ophthalmology Consult note"},{"code":"34810-2","display":"Optometry Consult note"},{"code":"34812-8","display":"Oral and Maxillofacial Surgery Consult note"},{"code":"34814-4","display":"Orthopaedic surgery Consult note"},{"code":"34816-9","display":"Otolaryngology Consult note"},{"code":"34820-1","display":"Pharmacology Consult note"},{"code":"34822-7","display":"Physical medicine and rehab Consult note"},{"code":"34824-3","display":"Physical therapy Consult note"},{"code":"34826-8","display":"Plastic surgery Consult note"},{"code":"34828-4","display":"Podiatry Consult note"},{"code":"34831-8","display":"Radiation oncology Consult note"},{"code":"34833-4","display":"Recreational therapy Consult note"},{"code":"34837-5","display":"Respiratory therapy Consult note"},{"code":"34839-1","display":"Rheumatology Consult note"},{"code":"34841-7","display":"Social work Consult note"},{"code":"34845-8","display":"Speech-language pathology+Audiology Consult note"},{"code":"34847-4","display":"Surgery Consult note"},{"code":"34849-0","display":"Cardiothoracic surgery Consult note"},{"code":"34851-6","display":"Urology Consult note"},{"code":"34853-2","display":"Vascular surgery Consult note"},{"code":"34855-7","display":"Occupational therapy Consult note"},{"code":"34879-7","display":"Endocrinology Consult note"},{"code":"51845-6","display":"Outpatient Consult note"},{"code":"51846-4","display":"Emergency department Consult note"},{"code":"51854-8","display":"Long term care facility Consult note"},{"code":"60570-9","display":"Pathology Consult note"},{"code":"64056-5","display":"General medicine Medical student Hospital Consult note"},{"code":"64068-0","display":"Surgery Medical student Hospital Consult note"},{"code":"64072-2","display":"Critical care medicine Medical student Hospital Consult note"},{"code":"64076-3","display":"Cardiothoracic surgery Medical student Hospital Consult note"},{"code":"64080-5","display":"Pulmonary Medical student Hospital Consult note"},{"code":"68469-6","display":"Pastoral care Hospital Consult note"},{"code":"68486-0","display":"Cardiology Medical student Hospital Consult note"},{"code":"68551-1","display":"Dermatology Hospital Consult note"},{"code":"68566-9","display":"Obstetrics and Gynecology Hospital Consult note"},{"code":"68570-1","display":"Occupational therapy Hospital Consult note"},{"code":"68575-0","display":"Ophthalmology Hospital Consult note"},{"code":"68586-7","display":"Pharmacology Hospital Consult note"},{"code":"68590-9","display":"Physical therapy Hospital Consult note"},{"code":"68597-4","display":"Plastic surgery Hospital Consult note"},{"code":"68619-6","display":"Adolescent medicine Hospital Consult note"},{"code":"68633-7","display":"Allergy and immunology Hospital Consult note"},{"code":"68639-4","display":"Audiology Hospital Consult note"},{"code":"68648-5","display":"Child and adolescent psychiatry Hospital Consult note"},{"code":"68651-9","display":"Clinical biochemical genetics Hospital Consult note"},{"code":"68661-8","display":"Clinical genetics Hospital Consult note"},{"code":"68670-9","display":"Developmental-behavioral pediatrics Hospital Consult note"},{"code":"68681-6","display":"Multi-specialty program Hospital Consult note"},{"code":"68685-7","display":"Neonatal perinatal medicine Hospital Consult note"},{"code":"68694-9","display":"Neurological surgery Hospital Consult note"},{"code":"68705-3","display":"Neurology with special qualifications in child neurology Hospital Consult note"},{"code":"68716-0","display":"Pain medicine Hospital Consult note"},{"code":"68727-7","display":"Pediatric cardiology Hospital Consult note"},{"code":"68746-7","display":"Pediatric gastroenterology Hospital Consult note"},{"code":"68757-4","display":"Pediatric hematology-oncology Hospital Consult note"},{"code":"68765-7","display":"Pediatric infectious diseases Hospital Consult note"},{"code":"68787-1","display":"Pediatric pulmonology Hospital Consult note"},{"code":"68802-8","display":"Pediatric surgery Hospital Consult note"},{"code":"68812-7","display":"Pediatric urology Hospital Consult note"},{"code":"68821-8","display":"Pediatrics Hospital Consult note"},{"code":"68837-4","display":"Primary care Hospital Consult note"},{"code":"68846-5","display":"Speech-language pathology Hospital Consult note"},{"code":"68852-3","display":"Transplant surgery Hospital Consult note"},{"code":"68864-8","display":"Pediatric transplant hepatology Hospital Consult note"},{"code":"68869-7","display":"Pediatric nephrology Hospital Consult note"},{"code":"68874-7","display":"Pediatric otolaryngology Hospital Consult note"},{"code":"68879-6","display":"Pediatric rheumatology Hospital Consult note"},{"code":"68892-9","display":"Pediatric dermatology Hospital Consult note"},{"code":"68897-8","display":"Pediatric endocrinology Hospital Consult note"},{"code":"72555-6","display":"Interventional radiology Consult note"},{"code":"73575-3","display":"Radiology Consult note"},{"code":"75424-2","display":"Audiology Consult note"},{"code":"75465-5","display":"Orthotics prosthetics Consult note"},{"code":"77403-4","display":"Anesthesiology Consult note"},{"code":"77429-9","display":"Allergy and immunology Consult note"},{"code":"78250-8","display":"Colon and rectal surgery Consult note"},{"code":"78251-6","display":"Hematology Consult note"},{"code":"78252-4","display":"Multi-specialty program Consult note"},{"code":"78253-2","display":"Family medicine Consult note"},{"code":"78254-0","display":"Clinical genetics Consult note"},{"code":"78405-8","display":"Neonatal perinatal medicine Consult note"},{"code":"78406-6","display":"Nurse practitioner Consult note"},{"code":"78496-7","display":"Critical care medicine Consult note"},{"code":"78498-3","display":"Cardiopulmonary Consult note"},{"code":"78567-5","display":"Pain medicine Consult note"},{"code":"78568-3","display":"Palliative care Consult note"},{"code":"78726-7","display":"Pediatrics Consult note"},{"code":"78732-5","display":"Trauma Consult note"},{"code":"78738-2","display":"Sports medicine Consult note"},{"code":"79428-9","display":"Rapid response team Consult note"},{"code":"80396-5","display":"Gynecologic oncology Consult note"},{"code":"80575-4","display":"Cardiac surgery Consult note"},{"code":"80664-6","display":"Clinical neurophysiology Consult note"},{"code":"80666-1","display":"Vascular neurology Consult note"},{"code":"80673-7","display":"Maternal and fetal medicine Consult note"},{"code":"80736-2","display":"Blood banking and transfusion medicine Consult note"},{"code":"80801-4","display":"Surgical oncology Consult note"},{"code":"81191-9","display":"Chemical pathology Consult note"},{"code":"81192-7","display":"Clinical pathology Consult note"},{"code":"81193-5","display":"Medical microbiology - pathology Consult note"},{"code":"81196-8","display":"Clinical pharmacology Consult note"},{"code":"82356-7","display":"Obstetrics Midwife Consult note"},{"code":"82359-1","display":"Reproductive endocrinology and infertility Consult note"},{"code":"83570-2","display":"Diabetology Nurse Consult note"},{"code":"83578-5","display":"Hematology+Medical oncology Nurse Consult note"},{"code":"83609-8","display":"Psychiatry Nurse Consult note"},{"code":"83621-3","display":"Geriatric medicine Nurse Consult note"},{"code":"83653-6","display":"Pain medicine Team Consult note"},{"code":"83685-8","display":"Hematology+Medical oncology Physician attending Consult note"},{"code":"83720-3","display":"Physical medicine and rehab Long term care facility Consult note"},{"code":"83722-9","display":"Physical medicine and rehabilitation Nurse Consult note"},{"code":"83868-0","display":"Preventive medicine Consult note"},{"code":"83873-0","display":"Primary care Consult note"},{"code":"83888-8","display":"Psychiatry Long term care facility Consult note"},{"code":"83909-2","display":"Public health Consult note"},{"code":"83912-6","display":"Pulmonary Patient's home Consult note"},{"code":"83926-6","display":"Recreational therapy Long term care facility Consult note"},{"code":"83931-6","display":"Research Consult note"},{"code":"83941-5","display":"Respiratory therapy Patient's home Consult note"},{"code":"83960-5","display":"Social work Patient's home Consult note"},{"code":"83967-0","display":"Social work Long term care facility Consult note"},{"code":"83984-5","display":"Speech-language pathology Consult note"},{"code":"83992-8","display":"Spinal cord injury medicine Consult note"},{"code":"83996-9","display":"Spinal cord injury medicine Patient's home Consult note"},{"code":"84035-5","display":"Transplant surgery Consult note"},{"code":"84071-0","display":"Chiropractic medicine Consult note"},{"code":"84115-5","display":"Geriatric medicine Long term care facility Consult note"},{"code":"84126-2","display":"Surgery of the hand Consult note"},{"code":"84131-2","display":"Primary care Patient's home Consult note"},{"code":"84142-9","display":"Hematology+Medical oncology Hospital Consult note"},{"code":"84145-2","display":"Hematology+Medical oncology Outpatient Consult note"},{"code":"84152-8","display":"Hepatology Consult note"},{"code":"84173-4","display":"Interventional cardiology Consult note"},{"code":"84190-8","display":"Medical toxicology Consult note"},{"code":"84213-8","display":"Mental health Team Consult note"},{"code":"84231-0","display":"Neurology Telehealth Consult note"},{"code":"84241-9","display":"Nurse Consult note"},{"code":"84280-7","display":"Nutrition and dietetics Patient's home Consult note"},{"code":"84292-2","display":"Nutrition and dietetics Team Consult note"},{"code":"84303-7","display":"Wound care management Consult note"},{"code":"84312-8","display":"Vocational rehabilitation Consult note"},{"code":"84324-3","display":"Physical therapy Long term care facility Consult note"},{"code":"84349-0","display":"Pastoral care Consult note"},{"code":"84352-4","display":"Palliative care team Consult note"},{"code":"84358-1","display":"Palliative care Patient's home Consult note"},{"code":"84394-6","display":"Occupational therapy Patient's home Consult note"},{"code":"84398-7","display":"Occupational therapy Long term care facility Consult note"},{"code":"85174-1","display":"Custodial care facility Consult note"},{"code":"85208-7","display":"Telehealth Consult note"},{"code":"85222-8","display":"Case manager Consult note"},{"code":"85232-7","display":"Tumor board Consult note"},{"code":"85237-6","display":"Acupuncture Consult note"},{"code":"85238-4","display":"Internal medicine Consult note"},{"code":"85517-1","display":"Bariatric surgery Consult note"},{"code":"85519-7","display":"Child and adolescent psychology Consult note"},{"code":"85866-2","display":"Sleep medicine Consult note"},{"code":"85871-2","display":"Womens health Consult note"},{"code":"85882-9","display":"Ophthalmology Teleimaging Consult note"},{"code":"85884-5","display":"Epilepsy Consult note"},{"code":"85886-0","display":"Clinical cardiac electrophysiology Consult note"},{"code":"85890-2","display":"Neuropsychology Consult note"},{"code":"85899-3","display":"Community health care Consult note"},{"code":"86451-2","display":"Ethics Consult note"},{"code":"87233-3","display":"Dialysis Consult note"},{"code":"87254-9","display":"Addiction medicine Consult note"},{"code":"87627-6","display":"Brain injury Consult note"}]}]}}