<?xml version="1.0" encoding="UTF-8"?><StructureDefinition xmlns="http://hl7.org/fhir"><id value="2.16.840.1.113883.10.20.22.4.129"/><text><status value="generated"/><div xmlns="http://www.w3.org/1999/xhtml"><table border="0" cellpadding="0" cellspacing="0" style="border: 0px #F0F0F0 solid; font-size: 11px; font-family: verdana; vertical-align: top;"><tr style="border: 1px #F0F0F0 solid; font-size: 11px; font-family: verdana; vertical-align: top;"><th style="vertical-align: top; text-align : left; background-color: white; border: 0px #F0F0F0 solid; padding:0px 4px 0px 4px" class="hierarchy"><a href="http://hl7.org/fhir/R4/formats.html#table" title="The logical name of the element">Name</a></th><th style="vertical-align: top; text-align : left; background-color: white; border: 0px #F0F0F0 solid; padding:0px 4px 0px 4px" class="hierarchy"><a href="http://hl7.org/fhir/R4/formats.html#table" title="Information about the use of the element">Flags</a></th><th style="vertical-align: top; text-align : left; background-color: white; border: 0px #F0F0F0 solid; padding:0px 4px 0px 4px" class="hierarchy"><a href="http://hl7.org/fhir/R4/formats.html#table" title="Minimum and Maximum # of times the the element can appear in the instance">Card.</a></th><th style="width: 100px" class="hierarchy"><a href="http://hl7.org/fhir/R4/formats.html#table" title="Reference to the type of the element">Type</a></th><th style="vertical-align: top; text-align : left; background-color: white; border: 0px #F0F0F0 solid; padding:0px 4px 0px 4px" class="hierarchy"><a href="http://hl7.org/fhir/R4/formats.html#table" title="Additional information about the element">Description &amp; Constraints</a><span style="float: right"><a href="http://hl7.org/fhir/R4/formats.html#table" title="Legend for this format"><img src="http://hl7.org/fhir/R4/help16.png" alt="doco" style="background-color: inherit"/></a></span></th></tr><tr style="border: 0px #F0F0F0 solid; padding:0px; vertical-align: top; background-color: white;"><td style="vertical-align: top; text-align : left; background-color: white; border: 0px #F0F0F0 solid; padding:0px 4px 0px 4px; white-space: nowrap; background-image: url(tbl_bck1.png)" class="hierarchy"><img src="tbl_spacer.png" alt="." style="background-color: inherit" class="hierarchy"/><img src="icon_element.gif" alt="." style="background-color: white; background-color: inherit" title="Element" class="hierarchy"/> <a href="{{[type]}}-{{[id]}}-definitions.html#Act" title="null">Act</a><a name="Act"> </a></td><td style="vertical-align: top; text-align : left; background-color: white; border: 0px #F0F0F0 solid; padding:0px 4px 0px 4px" class="hierarchy"/><td style="vertical-align: top; text-align : left; background-color: white; border: 0px #F0F0F0 solid; padding:0px 4px 0px 4px" class="hierarchy"><span style="opacity: 0.4">1</span><span style="opacity: 0.5">..</span><span style="opacity: 0.4">1</span></td><td style="vertical-align: top; text-align : left; background-color: white; border: 0px #F0F0F0 solid; padding:0px 4px 0px 4px" class="hierarchy"/><td style="vertical-align: top; text-align : left; background-color: white; border: 0px #F0F0F0 solid; padding:0px 4px 0px 4px" class="hierarchy"/></tr>
<tr style="border: 0px #F0F0F0 solid; padding:0px; vertical-align: top; background-color: #F7F7F7;"><td style="vertical-align: top; text-align : left; background-color: #F7F7F7; border: 0px #F0F0F0 solid; padding:0px 4px 0px 4px; white-space: nowrap; background-image: url(tbl_bck10.png)" class="hierarchy"><img src="tbl_spacer.png" alt="." style="background-color: inherit" class="hierarchy"/><img src="tbl_vjoin.png" alt="." style="background-color: inherit" class="hierarchy"/><img src="icon_element.gif" alt="." style="background-color: #F7F7F7; background-color: inherit" title="Element" class="hierarchy"/> <a href="{{[type]}}-{{[id]}}-definitions.html#Act.classCode" title="SHALL contain exactly one [1..1] @classCode=&quot;ACT&quot; act (CodeSystem: HL7ActCode urn:oid:2.16.840.1.113883.5.4) (CONF:1098-31945).">classCode</a><a name="Act.classCode"> </a></td><td style="vertical-align: top; text-align : left; background-color: #F7F7F7; border: 0px #F0F0F0 solid; padding:0px 4px 0px 4px" class="hierarchy"/><td style="vertical-align: top; text-align : left; background-color: #F7F7F7; border: 0px #F0F0F0 solid; padding:0px 4px 0px 4px" class="hierarchy">1..1</td><td style="vertical-align: top; text-align : left; background-color: #F7F7F7; border: 0px #F0F0F0 solid; padding:0px 4px 0px 4px" class="hierarchy"><a style="opacity: 0.4" href="http://hl7.org/fhir/R4/datatypes.html#code">code</a></td><td style="vertical-align: top; text-align : left; background-color: #F7F7F7; border: 0px #F0F0F0 solid; padding:0px 4px 0px 4px" class="hierarchy">classCode<br/><span style="font-weight:bold">Required Pattern: </span><span style="color: darkgreen">ACT</span></td></tr>
<tr style="border: 0px #F0F0F0 solid; padding:0px; vertical-align: top; background-color: white;"><td style="vertical-align: top; text-align : left; background-color: white; border: 0px #F0F0F0 solid; padding:0px 4px 0px 4px; white-space: nowrap; background-image: url(tbl_bck10.png)" class="hierarchy"><img src="tbl_spacer.png" alt="." style="background-color: inherit" class="hierarchy"/><img src="tbl_vjoin.png" alt="." style="background-color: inherit" class="hierarchy"/><img src="icon_element.gif" alt="." style="background-color: white; background-color: inherit" title="Element" class="hierarchy"/> <a href="{{[type]}}-{{[id]}}-definitions.html#Act.moodCode" title="SHALL contain exactly one [1..1] @moodCode=&quot;INT&quot; Intent (CodeSystem: HL7ActMood urn:oid:2.16.840.1.113883.5.1001) (CONF:1098-31946).">moodCode</a><a name="Act.moodCode"> </a></td><td style="vertical-align: top; text-align : left; background-color: white; border: 0px #F0F0F0 solid; padding:0px 4px 0px 4px" class="hierarchy"/><td style="vertical-align: top; text-align : left; background-color: white; border: 0px #F0F0F0 solid; padding:0px 4px 0px 4px" class="hierarchy">1..1</td><td style="vertical-align: top; text-align : left; background-color: white; border: 0px #F0F0F0 solid; padding:0px 4px 0px 4px" class="hierarchy"><a style="opacity: 0.4" href="http://hl7.org/fhir/R4/datatypes.html#code">code</a></td><td style="vertical-align: top; text-align : left; background-color: white; border: 0px #F0F0F0 solid; padding:0px 4px 0px 4px" class="hierarchy">moodCode<br/><span style="font-weight:bold">Required Pattern: </span><span style="color: darkgreen">INT</span></td></tr>
<tr style="border: 0px #F0F0F0 solid; padding:0px; vertical-align: top; background-color: #F7F7F7;"><td style="vertical-align: top; text-align : left; background-color: #F7F7F7; border: 0px #F0F0F0 solid; padding:0px 4px 0px 4px; white-space: nowrap; background-image: url(tbl_bck13.png)" class="hierarchy"><img src="tbl_spacer.png" alt="." style="background-color: inherit" class="hierarchy"/><img src="tbl_vjoin.png" alt="." style="background-color: inherit" class="hierarchy"/><img src="icon_slice.png" alt="." style="background-color: #F7F7F7; background-color: inherit" title="Slice Definition" class="hierarchy"/> <a style="font-style: italic" href="{{[type]}}-{{[id]}}-definitions.html#Act.templateId" title="SHALL contain exactly one [1..1] templateId (CONF:1098-31947) such that it">templateId</a><a name="Act.templateId"> </a></td><td style="vertical-align: top; text-align : left; background-color: #F7F7F7; border: 0px #F0F0F0 solid; padding:0px 4px 0px 4px" class="hierarchy"/><td style="vertical-align: top; text-align : left; background-color: #F7F7F7; border: 0px #F0F0F0 solid; padding:0px 4px 0px 4px" class="hierarchy"><span style="font-style: italic"/><span style="opacity: 0.4; font-style: italic">0</span><span style="opacity: 0.5; font-style: italic">..</span><span style="opacity: 0.4; font-style: italic">*</span></td><td style="vertical-align: top; text-align : left; background-color: #F7F7F7; border: 0px #F0F0F0 solid; padding:0px 4px 0px 4px" class="hierarchy"><a style="font-style: italic" href="http://hl7.org/fhir/R4/profiling.html#slicing">(Slice Definition)</a></td><td style="vertical-align: top; text-align : left; background-color: #F7F7F7; border: 0px #F0F0F0 solid; padding:0px 4px 0px 4px" class="hierarchy"><span style="font-weight:bold; font-style: italic">Slice: </span><span style="font-style: italic">Unordered, Open by value:root</span></td></tr>
<tr style="border: 0px #F0F0F0 solid; padding:0px; vertical-align: top; background-color: white;"><td style="vertical-align: top; text-align : left; background-color: white; border: 0px #F0F0F0 solid; padding:0px 4px 0px 4px; white-space: nowrap; background-image: url(tbl_bck125.png)" class="hierarchy"><img src="tbl_spacer.png" alt="." style="background-color: inherit" class="hierarchy"/><img src="tbl_vline.png" alt="." style="background-color: inherit" class="hierarchy"/><img src="tbl_vjoin_end_slicer.png" alt="." style="background-color: inherit" class="hierarchy"/><img src="icon_slice_item.png" alt="." style="background-color: white; background-color: inherit" title="Slice Item" class="hierarchy"/> <a href="{{[type]}}-{{[id]}}-definitions.html#Act.templateId:templateId1" title="Slice templateId1: SHALL contain exactly one [1..1] templateId (CONF:1098-31947) such that it">templateId:templateId1</a><a name="Act.templateId"> </a></td><td style="vertical-align: top; text-align : left; background-color: white; border: 0px #F0F0F0 solid; padding:0px 4px 0px 4px" class="hierarchy"/><td style="vertical-align: top; text-align : left; background-color: white; border: 0px #F0F0F0 solid; padding:0px 4px 0px 4px" class="hierarchy">1..1</td><td style="vertical-align: top; text-align : left; background-color: white; border: 0px #F0F0F0 solid; padding:0px 4px 0px 4px" class="hierarchy"><a style="opacity: 0.4" href="file://C:\Users\sean.mcilvenna\Code\cda-core-2.0\output/{{[type]}}-II.html">http://hl7.org/fhir/cda/StructureDefinition/II</a></td><td style="vertical-align: top; text-align : left; background-color: white; border: 0px #F0F0F0 solid; padding:0px 4px 0px 4px" class="hierarchy">templateId</td></tr>
<tr style="border: 0px #F0F0F0 solid; padding:0px; vertical-align: top; background-color: #F7F7F7;"><td style="vertical-align: top; text-align : left; background-color: #F7F7F7; border: 0px #F0F0F0 solid; padding:0px 4px 0px 4px; white-space: nowrap; background-image: url(tbl_bck1244.png)" class="hierarchy"><img src="tbl_spacer.png" alt="." style="background-color: inherit" class="hierarchy"/><img src="tbl_vline.png" alt="." style="background-color: inherit" class="hierarchy"/><img src="tbl_blank.png" alt="." style="background-color: inherit" class="hierarchy"/><img src="tbl_vjoin_end_slice.png" alt="." style="background-color: inherit" class="hierarchy"/><img src="icon_slice_item.png" alt="." style="background-color: #F7F7F7; background-color: inherit" title="Slice Item" class="hierarchy"/> <a href="{{[type]}}-{{[id]}}-definitions.html#Act.templateId:templateId1.root:templateId1" title="Slice templateId1: SHALL contain exactly one [1..1] @root=&quot;2.16.840.1.113883.10.20.22.4.129&quot; (CONF:1098-31948).">root:templateId1</a><a name="Act.templateId.root"> </a></td><td style="vertical-align: top; text-align : left; background-color: #F7F7F7; border: 0px #F0F0F0 solid; padding:0px 4px 0px 4px" class="hierarchy"/><td style="vertical-align: top; text-align : left; background-color: #F7F7F7; border: 0px #F0F0F0 solid; padding:0px 4px 0px 4px" class="hierarchy">1..1</td><td style="vertical-align: top; text-align : left; background-color: #F7F7F7; border: 0px #F0F0F0 solid; padding:0px 4px 0px 4px" class="hierarchy"/><td style="vertical-align: top; text-align : left; background-color: #F7F7F7; border: 0px #F0F0F0 solid; padding:0px 4px 0px 4px" class="hierarchy">root<br/><span style="font-weight:bold">Required Pattern: </span><span style="color: darkgreen">2.16.840.1.113883.10.20.22.4.129</span></td></tr>
<tr style="border: 0px #F0F0F0 solid; padding:0px; vertical-align: top; background-color: white;"><td style="vertical-align: top; text-align : left; background-color: white; border: 0px #F0F0F0 solid; padding:0px 4px 0px 4px; white-space: nowrap; background-image: url(tbl_bck10.png)" class="hierarchy"><img src="tbl_spacer.png" alt="." style="background-color: inherit" class="hierarchy"/><img src="tbl_vjoin.png" alt="." style="background-color: inherit" class="hierarchy"/><img src="icon_element.gif" alt="." style="background-color: white; background-color: inherit" title="Element" class="hierarchy"/> <a href="{{[type]}}-{{[id]}}-definitions.html#Act.id" title="SHALL contain at least one [1..*] id (CONF:1098-31950).">id</a><a name="Act.id"> </a></td><td style="vertical-align: top; text-align : left; background-color: white; border: 0px #F0F0F0 solid; padding:0px 4px 0px 4px" class="hierarchy"/><td style="vertical-align: top; text-align : left; background-color: white; border: 0px #F0F0F0 solid; padding:0px 4px 0px 4px" class="hierarchy">1..*</td><td style="vertical-align: top; text-align : left; background-color: white; border: 0px #F0F0F0 solid; padding:0px 4px 0px 4px" class="hierarchy"><a style="opacity: 0.4" href="file://C:\Users\sean.mcilvenna\Code\cda-core-2.0\output/{{[type]}}-II.html">http://hl7.org/fhir/cda/StructureDefinition/II</a></td><td style="vertical-align: top; text-align : left; background-color: white; border: 0px #F0F0F0 solid; padding:0px 4px 0px 4px" class="hierarchy">id<br/></td></tr>
<tr style="border: 0px #F0F0F0 solid; padding:0px; vertical-align: top; background-color: #F7F7F7;"><td style="vertical-align: top; text-align : left; background-color: #F7F7F7; border: 0px #F0F0F0 solid; padding:0px 4px 0px 4px; white-space: nowrap; background-image: url(tbl_bck11.png)" class="hierarchy"><img src="tbl_spacer.png" alt="." style="background-color: inherit" class="hierarchy"/><img src="tbl_vjoin.png" alt="." style="background-color: inherit" class="hierarchy"/><img src="icon_element.gif" alt="." style="background-color: #F7F7F7; background-color: inherit" title="Element" class="hierarchy"/> <a href="{{[type]}}-{{[id]}}-definitions.html#Act.code" title="SHALL contain exactly one [1..1] code (CONF:1098-31951).">code</a><a name="Act.code"> </a></td><td style="vertical-align: top; text-align : left; background-color: #F7F7F7; border: 0px #F0F0F0 solid; padding:0px 4px 0px 4px" class="hierarchy"/><td style="vertical-align: top; text-align : left; background-color: #F7F7F7; border: 0px #F0F0F0 solid; padding:0px 4px 0px 4px" class="hierarchy">1..1</td><td style="vertical-align: top; text-align : left; background-color: #F7F7F7; border: 0px #F0F0F0 solid; padding:0px 4px 0px 4px" class="hierarchy"><a style="opacity: 0.4" href="file://C:\Users\sean.mcilvenna\Code\cda-core-2.0\output/{{[type]}}-CD.html">http://hl7.org/fhir/cda/StructureDefinition/CD</a></td><td style="vertical-align: top; text-align : left; background-color: #F7F7F7; border: 0px #F0F0F0 solid; padding:0px 4px 0px 4px" class="hierarchy">code</td></tr>
<tr style="border: 0px #F0F0F0 solid; padding:0px; vertical-align: top; background-color: white;"><td style="vertical-align: top; text-align : left; background-color: white; border: 0px #F0F0F0 solid; padding:0px 4px 0px 4px; white-space: nowrap; background-image: url(tbl_bck110.png)" class="hierarchy"><img src="tbl_spacer.png" alt="." style="background-color: inherit" class="hierarchy"/><img src="tbl_vline.png" alt="." style="background-color: inherit" class="hierarchy"/><img src="tbl_vjoin.png" alt="." style="background-color: inherit" class="hierarchy"/><img src="icon_element.gif" alt="." style="background-color: white; background-color: inherit" title="Element" class="hierarchy"/> <a href="{{[type]}}-{{[id]}}-definitions.html#Act.code.code" title="This code SHALL contain exactly one [1..1] @code=&quot;48768-6&quot; Payment Sources (CONF:1098-31952).">code</a><a name="Act.code.code"> </a></td><td style="vertical-align: top; text-align : left; background-color: white; border: 0px #F0F0F0 solid; padding:0px 4px 0px 4px" class="hierarchy"/><td style="vertical-align: top; text-align : left; background-color: white; border: 0px #F0F0F0 solid; padding:0px 4px 0px 4px" class="hierarchy">1..1</td><td style="vertical-align: top; text-align : left; background-color: white; border: 0px #F0F0F0 solid; padding:0px 4px 0px 4px" class="hierarchy"/><td style="vertical-align: top; text-align : left; background-color: white; border: 0px #F0F0F0 solid; padding:0px 4px 0px 4px" class="hierarchy">code<br/><span style="font-weight:bold">Required Pattern: </span><span style="color: darkgreen">48768-6</span></td></tr>
<tr style="border: 0px #F0F0F0 solid; padding:0px; vertical-align: top; background-color: #F7F7F7;"><td style="vertical-align: top; text-align : left; background-color: #F7F7F7; border: 0px #F0F0F0 solid; padding:0px 4px 0px 4px; white-space: nowrap; background-image: url(tbl_bck100.png)" class="hierarchy"><img src="tbl_spacer.png" alt="." style="background-color: inherit" class="hierarchy"/><img src="tbl_vline.png" alt="." style="background-color: inherit" class="hierarchy"/><img src="tbl_vjoin_end.png" alt="." style="background-color: inherit" class="hierarchy"/><img src="icon_element.gif" alt="." style="background-color: #F7F7F7; background-color: inherit" title="Element" class="hierarchy"/> <a href="{{[type]}}-{{[id]}}-definitions.html#Act.code.codeSystem" title="This code SHALL contain exactly one [1..1] @codeSystem=&quot;2.16.840.1.113883.6.1&quot; (CodeSystem: LOINC urn:oid:2.16.840.1.113883.6.1) (CONF:1098-31953).">codeSystem</a><a name="Act.code.codeSystem"> </a></td><td style="vertical-align: top; text-align : left; background-color: #F7F7F7; border: 0px #F0F0F0 solid; padding:0px 4px 0px 4px" class="hierarchy"/><td style="vertical-align: top; text-align : left; background-color: #F7F7F7; border: 0px #F0F0F0 solid; padding:0px 4px 0px 4px" class="hierarchy">1..1</td><td style="vertical-align: top; text-align : left; background-color: #F7F7F7; border: 0px #F0F0F0 solid; padding:0px 4px 0px 4px" class="hierarchy"/><td style="vertical-align: top; text-align : left; background-color: #F7F7F7; border: 0px #F0F0F0 solid; padding:0px 4px 0px 4px" class="hierarchy">codeSystem<br/><span style="font-weight:bold">Required Pattern: </span><span style="color: darkgreen">2.16.840.1.113883.6.1</span></td></tr>
<tr style="border: 0px #F0F0F0 solid; padding:0px; vertical-align: top; background-color: white;"><td style="vertical-align: top; text-align : left; background-color: white; border: 0px #F0F0F0 solid; padding:0px 4px 0px 4px; white-space: nowrap; background-image: url(tbl_bck11.png)" class="hierarchy"><img src="tbl_spacer.png" alt="." style="background-color: inherit" class="hierarchy"/><img src="tbl_vjoin.png" alt="." style="background-color: inherit" class="hierarchy"/><img src="icon_element.gif" alt="." style="background-color: white; background-color: inherit" title="Element" class="hierarchy"/> <a href="{{[type]}}-{{[id]}}-definitions.html#Act.statusCode" title="SHALL contain exactly one [1..1] statusCode (CONF:1098-31954).">statusCode</a><a name="Act.statusCode"> </a></td><td style="vertical-align: top; text-align : left; background-color: white; border: 0px #F0F0F0 solid; padding:0px 4px 0px 4px" class="hierarchy"/><td style="vertical-align: top; text-align : left; background-color: white; border: 0px #F0F0F0 solid; padding:0px 4px 0px 4px" class="hierarchy">1..1</td><td style="vertical-align: top; text-align : left; background-color: white; border: 0px #F0F0F0 solid; padding:0px 4px 0px 4px" class="hierarchy"><a style="opacity: 0.4" href="file://C:\Users\sean.mcilvenna\Code\cda-core-2.0\output/{{[type]}}-CS.html">http://hl7.org/fhir/cda/StructureDefinition/CS</a></td><td style="vertical-align: top; text-align : left; background-color: white; border: 0px #F0F0F0 solid; padding:0px 4px 0px 4px" class="hierarchy">statusCode</td></tr>
<tr style="border: 0px #F0F0F0 solid; padding:0px; vertical-align: top; background-color: #F7F7F7;"><td style="vertical-align: top; text-align : left; background-color: #F7F7F7; border: 0px #F0F0F0 solid; padding:0px 4px 0px 4px; white-space: nowrap; background-image: url(tbl_bck100.png)" class="hierarchy"><img src="tbl_spacer.png" alt="." style="background-color: inherit" class="hierarchy"/><img src="tbl_vline.png" alt="." style="background-color: inherit" class="hierarchy"/><img src="tbl_vjoin_end.png" alt="." style="background-color: inherit" class="hierarchy"/><img src="icon_element.gif" alt="." style="background-color: #F7F7F7; background-color: inherit" title="Element" class="hierarchy"/> <a href="{{[type]}}-{{[id]}}-definitions.html#Act.statusCode.code" title="This statusCode SHALL contain exactly one [1..1] @code=&quot;active&quot; Active (CodeSystem: HL7ActCode urn:oid:2.16.840.1.113883.5.4) (CONF:1098-31955).">code</a><a name="Act.statusCode.code"> </a></td><td style="vertical-align: top; text-align : left; background-color: #F7F7F7; border: 0px #F0F0F0 solid; padding:0px 4px 0px 4px" class="hierarchy"/><td style="vertical-align: top; text-align : left; background-color: #F7F7F7; border: 0px #F0F0F0 solid; padding:0px 4px 0px 4px" class="hierarchy">1..1</td><td style="vertical-align: top; text-align : left; background-color: #F7F7F7; border: 0px #F0F0F0 solid; padding:0px 4px 0px 4px" class="hierarchy"/><td style="vertical-align: top; text-align : left; background-color: #F7F7F7; border: 0px #F0F0F0 solid; padding:0px 4px 0px 4px" class="hierarchy">code<br/><span style="font-weight:bold">Required Pattern: </span><span style="color: darkgreen">active</span></td></tr>
<tr style="border: 0px #F0F0F0 solid; padding:0px; vertical-align: top; background-color: white;"><td style="vertical-align: top; text-align : left; background-color: white; border: 0px #F0F0F0 solid; padding:0px 4px 0px 4px; white-space: nowrap; background-image: url(tbl_bck10.png)" class="hierarchy"><img src="tbl_spacer.png" alt="." style="background-color: inherit" class="hierarchy"/><img src="tbl_vjoin.png" alt="." style="background-color: inherit" class="hierarchy"/><img src="icon_resource.png" alt="." style="background-color: white; background-color: inherit" title="Resource" class="hierarchy"/> <a href="{{[type]}}-{{[id]}}-definitions.html#Act.author" title="MAY contain zero or more [0..*] Author Participation (identifier: urn:oid:2.16.840.1.113883.10.20.22.4.119) (CONF:1098-32178).">author</a><a name="Act.author"> </a></td><td style="vertical-align: top; text-align : left; background-color: white; border: 0px #F0F0F0 solid; padding:0px 4px 0px 4px" class="hierarchy"/><td style="vertical-align: top; text-align : left; background-color: white; border: 0px #F0F0F0 solid; padding:0px 4px 0px 4px" class="hierarchy">0..*</td><td style="vertical-align: top; text-align : left; background-color: white; border: 0px #F0F0F0 solid; padding:0px 4px 0px 4px" class="hierarchy"><a href="StructureDefinition-2.16.840.1.113883.10.20.22.4.119.html" title="http://hl7.org/fhir/cda/StructureDefinition/Author">AuthorParticipation</a></td><td style="vertical-align: top; text-align : left; background-color: white; border: 0px #F0F0F0 solid; padding:0px 4px 0px 4px" class="hierarchy">author<br/></td></tr>
<tr style="border: 0px #F0F0F0 solid; padding:0px; vertical-align: top; background-color: #F7F7F7;"><td style="vertical-align: top; text-align : left; background-color: #F7F7F7; border: 0px #F0F0F0 solid; padding:0px 4px 0px 4px; white-space: nowrap; background-image: url(tbl_bck03.png)" class="hierarchy"><img src="tbl_spacer.png" alt="." style="background-color: inherit" class="hierarchy"/><img src="tbl_vjoin_end.png" alt="." style="background-color: inherit" class="hierarchy"/><img src="icon_slice.png" alt="." style="background-color: #F7F7F7; background-color: inherit" title="Slice Definition" class="hierarchy"/> <a style="font-style: italic" href="{{[type]}}-{{[id]}}-definitions.html#Act.entryRelationship" title="SHALL contain exactly one [1..1] entryRelationship (CONF:1098-31967) such that it">entryRelationship</a><a name="Act.entryRelationship"> </a></td><td style="vertical-align: top; text-align : left; background-color: #F7F7F7; border: 0px #F0F0F0 solid; padding:0px 4px 0px 4px" class="hierarchy"/><td style="vertical-align: top; text-align : left; background-color: #F7F7F7; border: 0px #F0F0F0 solid; padding:0px 4px 0px 4px" class="hierarchy"><span style="font-style: italic"/><span style="opacity: 0.4; font-style: italic">0</span><span style="opacity: 0.5; font-style: italic">..</span><span style="opacity: 0.4; font-style: italic">*</span></td><td style="vertical-align: top; text-align : left; background-color: #F7F7F7; border: 0px #F0F0F0 solid; padding:0px 4px 0px 4px" class="hierarchy"><a style="font-style: italic" href="http://hl7.org/fhir/R4/profiling.html#slicing">(Slice Definition)</a></td><td style="vertical-align: top; text-align : left; background-color: #F7F7F7; border: 0px #F0F0F0 solid; padding:0px 4px 0px 4px" class="hierarchy"><span style="font-weight:bold; font-style: italic">Slice: </span><span style="font-style: italic">Unordered, Open by value:typeCode</span></td></tr>
<tr style="border: 0px #F0F0F0 solid; padding:0px; vertical-align: top; background-color: white;"><td style="vertical-align: top; text-align : left; background-color: white; border: 0px #F0F0F0 solid; padding:0px 4px 0px 4px; white-space: nowrap; background-image: url(tbl_bck025.png)" class="hierarchy"><img src="tbl_spacer.png" alt="." style="background-color: inherit" class="hierarchy"/><img src="tbl_blank.png" alt="." style="background-color: inherit" class="hierarchy"/><img src="tbl_vjoin_end_slicer.png" alt="." style="background-color: inherit" class="hierarchy"/><img src="icon_slice_item.png" alt="." style="background-color: white; background-color: inherit" title="Slice Item" class="hierarchy"/> <a href="{{[type]}}-{{[id]}}-definitions.html#Act.entryRelationship:entryRelationship1" title="Slice entryRelationship1: SHALL contain exactly one [1..1] entryRelationship (CONF:1098-31967) such that it">entryRelationship:entryRelationship1</a><a name="Act.entryRelationship"> </a></td><td style="vertical-align: top; text-align : left; background-color: white; border: 0px #F0F0F0 solid; padding:0px 4px 0px 4px" class="hierarchy"/><td style="vertical-align: top; text-align : left; background-color: white; border: 0px #F0F0F0 solid; padding:0px 4px 0px 4px" class="hierarchy">1..1</td><td style="vertical-align: top; text-align : left; background-color: white; border: 0px #F0F0F0 solid; padding:0px 4px 0px 4px" class="hierarchy"><span style="opacity: 0.4">Element</span></td><td style="vertical-align: top; text-align : left; background-color: white; border: 0px #F0F0F0 solid; padding:0px 4px 0px 4px" class="hierarchy">entryRelationship</td></tr>
<tr style="border: 0px #F0F0F0 solid; padding:0px; vertical-align: top; background-color: #F7F7F7;"><td style="vertical-align: top; text-align : left; background-color: #F7F7F7; border: 0px #F0F0F0 solid; padding:0px 4px 0px 4px; white-space: nowrap; background-image: url(tbl_bck0254.png)" class="hierarchy"><img src="tbl_spacer.png" alt="." style="background-color: inherit" class="hierarchy"/><img src="tbl_blank.png" alt="." style="background-color: inherit" class="hierarchy"/><img src="tbl_blank.png" alt="." style="background-color: inherit" class="hierarchy"/><img src="tbl_vjoin_slice.png" alt="." style="background-color: inherit" class="hierarchy"/><img src="icon_slice_item.png" alt="." style="background-color: #F7F7F7; background-color: inherit" title="Slice Item" class="hierarchy"/> <a href="{{[type]}}-{{[id]}}-definitions.html#Act.entryRelationship:entryRelationship1.typeCode:entryRelationship1" title="Slice entryRelationship1: SHALL contain exactly one [1..1] @typeCode=&quot;COMP&quot; has component (CodeSystem: HL7ActRelationshipType urn:oid:2.16.840.1.113883.5.1002) (CONF:1098-31968).">typeCode:entryRelationship1</a><a name="Act.entryRelationship.typeCode"> </a></td><td style="vertical-align: top; text-align : left; background-color: #F7F7F7; border: 0px #F0F0F0 solid; padding:0px 4px 0px 4px" class="hierarchy"/><td style="vertical-align: top; text-align : left; background-color: #F7F7F7; border: 0px #F0F0F0 solid; padding:0px 4px 0px 4px" class="hierarchy">1..1</td><td style="vertical-align: top; text-align : left; background-color: #F7F7F7; border: 0px #F0F0F0 solid; padding:0px 4px 0px 4px" class="hierarchy"><a style="opacity: 0.4" href="http://hl7.org/fhir/R4/datatypes.html#code">code</a></td><td style="vertical-align: top; text-align : left; background-color: #F7F7F7; border: 0px #F0F0F0 solid; padding:0px 4px 0px 4px" class="hierarchy">typeCode<br/><span style="font-weight:bold">Required Pattern: </span><span style="color: darkgreen">COMP</span></td></tr>
<tr style="border: 0px #F0F0F0 solid; padding:0px; vertical-align: top; background-color: white;"><td style="vertical-align: top; text-align : left; background-color: white; border: 0px #F0F0F0 solid; padding:0px 4px 0px 4px; white-space: nowrap; background-image: url(tbl_bck0245.png)" class="hierarchy"><img src="tbl_spacer.png" alt="." style="background-color: inherit" class="hierarchy"/><img src="tbl_blank.png" alt="." style="background-color: inherit" class="hierarchy"/><img src="tbl_blank.png" alt="." style="background-color: inherit" class="hierarchy"/><img src="tbl_vjoin_end_slice.png" alt="." style="background-color: inherit" class="hierarchy"/><img src="icon_slice_item.png" alt="." style="background-color: white; background-color: inherit" title="Slice Item" class="hierarchy"/> <a href="{{[type]}}-{{[id]}}-definitions.html#Act.entryRelationship:entryRelationship1.act:entryRelationship1" title="Slice entryRelationship1: SHALL contain exactly one [1..1] act (CONF:1098-31969).">act:entryRelationship1</a><a name="Act.entryRelationship.act"> </a></td><td style="vertical-align: top; text-align : left; background-color: white; border: 0px #F0F0F0 solid; padding:0px 4px 0px 4px" class="hierarchy"/><td style="vertical-align: top; text-align : left; background-color: white; border: 0px #F0F0F0 solid; padding:0px 4px 0px 4px" class="hierarchy">1..1</td><td style="vertical-align: top; text-align : left; background-color: white; border: 0px #F0F0F0 solid; padding:0px 4px 0px 4px" class="hierarchy"><a style="opacity: 0.4" href="file://C:\Users\sean.mcilvenna\Code\cda-core-2.0\output/{{[type]}}-Act.html">http://hl7.org/fhir/cda/StructureDefinition/Act</a></td><td style="vertical-align: top; text-align : left; background-color: white; border: 0px #F0F0F0 solid; padding:0px 4px 0px 4px" class="hierarchy">act</td></tr>
<tr style="border: 0px #F0F0F0 solid; padding:0px; vertical-align: top; background-color: #F7F7F7;"><td style="vertical-align: top; text-align : left; background-color: #F7F7F7; border: 0px #F0F0F0 solid; padding:0px 4px 0px 4px; white-space: nowrap; background-image: url(tbl_bck02454.png)" class="hierarchy"><img src="tbl_spacer.png" alt="." style="background-color: inherit" class="hierarchy"/><img src="tbl_blank.png" alt="." style="background-color: inherit" class="hierarchy"/><img src="tbl_blank.png" alt="." style="background-color: inherit" class="hierarchy"/><img src="tbl_blank.png" alt="." style="background-color: inherit" class="hierarchy"/><img src="tbl_vjoin_slice.png" alt="." style="background-color: inherit" class="hierarchy"/><img src="icon_slice_item.png" alt="." style="background-color: #F7F7F7; background-color: inherit" title="Slice Item" class="hierarchy"/> <a href="{{[type]}}-{{[id]}}-definitions.html#Act.entryRelationship:entryRelationship1.act:entryRelationship1.classCode:entryRelationship1" title="Slice entryRelationship1: This act SHALL contain exactly one [1..1] @classCode=&quot;ACT&quot; ACT (CodeSystem: HL7ActClass urn:oid:2.16.840.1.113883.5.6) (CONF:1098-31970).">classCode:entryRelationship1</a><a name="Act.entryRelationship.act.classCode"> </a></td><td style="vertical-align: top; text-align : left; background-color: #F7F7F7; border: 0px #F0F0F0 solid; padding:0px 4px 0px 4px" class="hierarchy"/><td style="vertical-align: top; text-align : left; background-color: #F7F7F7; border: 0px #F0F0F0 solid; padding:0px 4px 0px 4px" class="hierarchy">1..1</td><td style="vertical-align: top; text-align : left; background-color: #F7F7F7; border: 0px #F0F0F0 solid; padding:0px 4px 0px 4px" class="hierarchy"/><td style="vertical-align: top; text-align : left; background-color: #F7F7F7; border: 0px #F0F0F0 solid; padding:0px 4px 0px 4px" class="hierarchy">classCode<br/><span style="font-weight:bold">Required Pattern: </span><span style="color: darkgreen">ACT</span></td></tr>
<tr style="border: 0px #F0F0F0 solid; padding:0px; vertical-align: top; background-color: white;"><td style="vertical-align: top; text-align : left; background-color: white; border: 0px #F0F0F0 solid; padding:0px 4px 0px 4px; white-space: nowrap; background-image: url(tbl_bck02454.png)" class="hierarchy"><img src="tbl_spacer.png" alt="." style="background-color: inherit" class="hierarchy"/><img src="tbl_blank.png" alt="." style="background-color: inherit" class="hierarchy"/><img src="tbl_blank.png" alt="." style="background-color: inherit" class="hierarchy"/><img src="tbl_blank.png" alt="." style="background-color: inherit" class="hierarchy"/><img src="tbl_vjoin_slice.png" alt="." style="background-color: inherit" class="hierarchy"/><img src="icon_slice_item.png" alt="." style="background-color: white; background-color: inherit" title="Slice Item" class="hierarchy"/> <a href="{{[type]}}-{{[id]}}-definitions.html#Act.entryRelationship:entryRelationship1.act:entryRelationship1.moodCode:entryRelationship1" title="Slice entryRelationship1: This act SHALL contain exactly one [1..1] @moodCode=&quot;INT&quot; intent (CodeSystem: HL7ActMood urn:oid:2.16.840.1.113883.5.1001) (CONF:1098-31971).">moodCode:entryRelationship1</a><a name="Act.entryRelationship.act.moodCode"> </a></td><td style="vertical-align: top; text-align : left; background-color: white; border: 0px #F0F0F0 solid; padding:0px 4px 0px 4px" class="hierarchy"/><td style="vertical-align: top; text-align : left; background-color: white; border: 0px #F0F0F0 solid; padding:0px 4px 0px 4px" class="hierarchy">1..1</td><td style="vertical-align: top; text-align : left; background-color: white; border: 0px #F0F0F0 solid; padding:0px 4px 0px 4px" class="hierarchy"/><td style="vertical-align: top; text-align : left; background-color: white; border: 0px #F0F0F0 solid; padding:0px 4px 0px 4px" class="hierarchy">moodCode<br/><span style="font-weight:bold">Required Pattern: </span><span style="color: darkgreen">INT</span></td></tr>
<tr style="border: 0px #F0F0F0 solid; padding:0px; vertical-align: top; background-color: #F7F7F7;"><td style="vertical-align: top; text-align : left; background-color: #F7F7F7; border: 0px #F0F0F0 solid; padding:0px 4px 0px 4px; white-space: nowrap; background-image: url(tbl_bck02454.png)" class="hierarchy"><img src="tbl_spacer.png" alt="." style="background-color: inherit" class="hierarchy"/><img src="tbl_blank.png" alt="." style="background-color: inherit" class="hierarchy"/><img src="tbl_blank.png" alt="." style="background-color: inherit" class="hierarchy"/><img src="tbl_blank.png" alt="." style="background-color: inherit" class="hierarchy"/><img src="tbl_vjoin_slice.png" alt="." style="background-color: inherit" class="hierarchy"/><img src="icon_slice_item.png" alt="." style="background-color: #F7F7F7; background-color: inherit" title="Slice Item" class="hierarchy"/> <a href="{{[type]}}-{{[id]}}-definitions.html#Act.entryRelationship:entryRelationship1.act:entryRelationship1.id:entryRelationship1" title="Slice entryRelationship1: This act SHALL contain at least one [1..*] id (CONF:1098-31972).">id:entryRelationship1</a><a name="Act.entryRelationship.act.id"> </a></td><td style="vertical-align: top; text-align : left; background-color: #F7F7F7; border: 0px #F0F0F0 solid; padding:0px 4px 0px 4px" class="hierarchy"/><td style="vertical-align: top; text-align : left; background-color: #F7F7F7; border: 0px #F0F0F0 solid; padding:0px 4px 0px 4px" class="hierarchy">1..*</td><td style="vertical-align: top; text-align : left; background-color: #F7F7F7; border: 0px #F0F0F0 solid; padding:0px 4px 0px 4px" class="hierarchy"/><td style="vertical-align: top; text-align : left; background-color: #F7F7F7; border: 0px #F0F0F0 solid; padding:0px 4px 0px 4px" class="hierarchy">id<br/></td></tr>
<tr style="border: 0px #F0F0F0 solid; padding:0px; vertical-align: top; background-color: white;"><td style="vertical-align: top; text-align : left; background-color: white; border: 0px #F0F0F0 solid; padding:0px 4px 0px 4px; white-space: nowrap; background-image: url(tbl_bck02454.png)" class="hierarchy"><img src="tbl_spacer.png" alt="." style="background-color: inherit" class="hierarchy"/><img src="tbl_blank.png" alt="." style="background-color: inherit" class="hierarchy"/><img src="tbl_blank.png" alt="." style="background-color: inherit" class="hierarchy"/><img src="tbl_blank.png" alt="." style="background-color: inherit" class="hierarchy"/><img src="tbl_vjoin_slice.png" alt="." style="background-color: inherit" class="hierarchy"/><img src="icon_slice_item.png" alt="." style="background-color: white; background-color: inherit" title="Slice Item" class="hierarchy"/> <a href="{{[type]}}-{{[id]}}-definitions.html#Act.entryRelationship:entryRelationship1.act:entryRelationship1.code:entryRelationship1" title="Slice entryRelationship1: This act SHALL contain exactly one [1..1] code, which SHALL be selected from ValueSet Payer urn:oid:2.16.840.1.114222.4.11.3591 DYNAMIC (CONF:1098-31973).">code:entryRelationship1</a><a name="Act.entryRelationship.act.code"> </a></td><td style="vertical-align: top; text-align : left; background-color: white; border: 0px #F0F0F0 solid; padding:0px 4px 0px 4px" class="hierarchy"/><td style="vertical-align: top; text-align : left; background-color: white; border: 0px #F0F0F0 solid; padding:0px 4px 0px 4px" class="hierarchy">1..1</td><td style="vertical-align: top; text-align : left; background-color: white; border: 0px #F0F0F0 solid; padding:0px 4px 0px 4px" class="hierarchy"/><td style="vertical-align: top; text-align : left; background-color: white; border: 0px #F0F0F0 solid; padding:0px 4px 0px 4px" class="hierarchy">code<br/><span style="font-weight:bold">Binding: </span><a href="https://cts.nlm.nih.gov/fhir/ValueSet/2.16.840.1.114222.4.11.3591">https://cts.nlm.nih.gov/fhir/ValueSet/2.16.840.1.114222.4.11.3591</a> (<a href="http://hl7.org/fhir/R4/terminologies.html#required" title="To be conformant, the concept in this element SHALL be from the specified value set.">required</a>)</td></tr>
<tr style="border: 0px #F0F0F0 solid; padding:0px; vertical-align: top; background-color: #F7F7F7;"><td style="vertical-align: top; text-align : left; background-color: #F7F7F7; border: 0px #F0F0F0 solid; padding:0px 4px 0px 4px; white-space: nowrap; background-image: url(tbl_bck02445.png)" class="hierarchy"><img src="tbl_spacer.png" alt="." style="background-color: inherit" class="hierarchy"/><img src="tbl_blank.png" alt="." style="background-color: inherit" class="hierarchy"/><img src="tbl_blank.png" alt="." style="background-color: inherit" class="hierarchy"/><img src="tbl_blank.png" alt="." style="background-color: inherit" class="hierarchy"/><img src="tbl_vjoin_end_slice.png" alt="." style="background-color: inherit" class="hierarchy"/><img src="icon_slice_item.png" alt="." style="background-color: #F7F7F7; background-color: inherit" title="Slice Item" class="hierarchy"/> <a href="{{[type]}}-{{[id]}}-definitions.html#Act.entryRelationship:entryRelationship1.act:entryRelationship1.statusCode:entryRelationship1" title="Slice entryRelationship1: This act SHALL contain exactly one [1..1] statusCode (CONF:1098-31974).">statusCode:entryRelationship1</a><a name="Act.entryRelationship.act.statusCode"> </a></td><td style="vertical-align: top; text-align : left; background-color: #F7F7F7; border: 0px #F0F0F0 solid; padding:0px 4px 0px 4px" class="hierarchy"/><td style="vertical-align: top; text-align : left; background-color: #F7F7F7; border: 0px #F0F0F0 solid; padding:0px 4px 0px 4px" class="hierarchy">1..1</td><td style="vertical-align: top; text-align : left; background-color: #F7F7F7; border: 0px #F0F0F0 solid; padding:0px 4px 0px 4px" class="hierarchy"/><td style="vertical-align: top; text-align : left; background-color: #F7F7F7; border: 0px #F0F0F0 solid; padding:0px 4px 0px 4px" class="hierarchy">statusCode</td></tr>
<tr style="border: 0px #F0F0F0 solid; padding:0px; vertical-align: top; background-color: white;"><td style="vertical-align: top; text-align : left; background-color: white; border: 0px #F0F0F0 solid; padding:0px 4px 0px 4px; white-space: nowrap; background-image: url(tbl_bck024444.png)" class="hierarchy"><img src="tbl_spacer.png" alt="." style="background-color: inherit" class="hierarchy"/><img src="tbl_blank.png" alt="." style="background-color: inherit" class="hierarchy"/><img src="tbl_blank.png" alt="." style="background-color: inherit" class="hierarchy"/><img src="tbl_blank.png" alt="." style="background-color: inherit" class="hierarchy"/><img src="tbl_blank.png" alt="." style="background-color: inherit" class="hierarchy"/><img src="tbl_vjoin_end_slice.png" alt="." style="background-color: inherit" class="hierarchy"/><img src="icon_slice_item.png" alt="." style="background-color: white; background-color: inherit" title="Slice Item" class="hierarchy"/> <a href="{{[type]}}-{{[id]}}-definitions.html#Act.entryRelationship:entryRelationship1.act:entryRelationship1.statusCode:entryRelationship1.code:entryRelationship1" title="Slice entryRelationship1: This statusCode SHALL contain exactly one [1..1] @code=&quot;active&quot; Active (CodeSystem: HL7ActStatus urn:oid:2.16.840.1.113883.5.14) (CONF:1098-31975).">code:entryRelationship1</a><a name="Act.entryRelationship.act.statusCode.code"> </a></td><td style="vertical-align: top; text-align : left; background-color: white; border: 0px #F0F0F0 solid; padding:0px 4px 0px 4px" class="hierarchy"/><td style="vertical-align: top; text-align : left; background-color: white; border: 0px #F0F0F0 solid; padding:0px 4px 0px 4px" class="hierarchy">1..1</td><td style="vertical-align: top; text-align : left; background-color: white; border: 0px #F0F0F0 solid; padding:0px 4px 0px 4px" class="hierarchy"/><td style="vertical-align: top; text-align : left; background-color: white; border: 0px #F0F0F0 solid; padding:0px 4px 0px 4px" class="hierarchy">code<br/><span style="font-weight:bold">Required Pattern: </span><span style="color: darkgreen">active</span></td></tr>
<tr><td colspan="5" class="hierarchy"><br/><a href="http://hl7.org/fhir/R4/formats.html#table" title="Legend for this format"><img src="http://hl7.org/fhir/R4/help16.png" alt="doco" style="background-color: inherit"/> Documentation for this format</a></td></tr></table></div></text><url value="http://hl7.org/fhir/cda/ccda/StructureDefinition/2.16.840.1.113883.10.20.22.4.129"/><identifier><value value="urn:oid:2.16.840.1.113883.10.20.22.4.129"/></identifier><version value="2.1.0"/><name value="PlannedCoverage"/><title value="Planned Coverage"/><status value="active"/><date value="2020-01-09T08:23:11-08:00"/><publisher value="Health Level 7"/><description value="This template represents the insurance coverage intended to cover an act or procedure."/><fhirVersion value="4.0.1"/><kind value="resource"/><abstract value="false"/><type value="Act"/><baseDefinition value="http://hl7.org/fhir/cda/StructureDefinition/Act"/><derivation value="constraint"/><snapshot><element id="Act"><path value="Act"/><min value="1"/><max value="1"/><base><path value="Base"/><min value="0"/><max value="*"/></base><isModifier value="false"/></element><element id="Act.classCode"><path value="Act.classCode"/><representation value="xmlAttr"/><short value="classCode"/><definition value="SHALL contain exactly one [1..1] @classCode=&quot;ACT&quot; act (CodeSystem: HL7ActCode urn:oid:2.16.840.1.113883.5.4) (CONF:1098-31945)."/><min value="1"/><max value="1"/><base><path value="Act.classCode"/><min value="1"/><max value="1"/></base><type><code value="code"/></type><patternString value="ACT"/></element><element id="Act.moodCode"><path value="Act.moodCode"/><representation value="xmlAttr"/><short value="moodCode"/><definition value="SHALL contain exactly one [1..1] @moodCode=&quot;INT&quot; Intent (CodeSystem: HL7ActMood urn:oid:2.16.840.1.113883.5.1001) (CONF:1098-31946)."/><min value="1"/><max value="1"/><base><path value="Act.moodCode"/><min value="1"/><max value="1"/></base><type><code value="code"/></type><patternString value="INT"/></element><element id="Act.templateId"><path value="Act.templateId"/><slicing><discriminator><type value="value"/><path value="root"/></discriminator><rules value="open"/></slicing><definition value="SHALL contain exactly one [1..1] templateId (CONF:1098-31947) such that it"/><min value="0"/><max value="*"/><base><path value="Act.templateId"/><min value="0"/><max value="*"/></base><type><code value="http://hl7.org/fhir/cda/StructureDefinition/II"/></type></element><element id="Act.templateId:templateId1"><path value="Act.templateId"/><sliceName value="templateId1"/><short value="templateId"/><definition value="SHALL contain exactly one [1..1] templateId (CONF:1098-31947) such that it"/><min value="1"/><max value="1"/><base><path value="Act.templateId"/><min value="0"/><max value="*"/></base><type><code value="http://hl7.org/fhir/cda/StructureDefinition/II"/></type></element><element id="Act.id"><path value="Act.id"/><short value="id"/><definition value="SHALL contain at least one [1..*] id (CONF:1098-31950)."/><min value="1"/><max value="*"/><base><path value="Act.id"/><min value="0"/><max value="*"/></base><type><code value="http://hl7.org/fhir/cda/StructureDefinition/II"/></type></element><element id="Act.code"><path value="Act.code"/><short value="code"/><definition value="SHALL contain exactly one [1..1] code (CONF:1098-31951)."/><min value="1"/><max value="1"/><base><path value="Act.code"/><min value="1"/><max value="1"/></base><type><code value="http://hl7.org/fhir/cda/StructureDefinition/CD"/></type></element><element id="Act.negationInd"><path value="Act.negationInd"/><representation value="xmlAttr"/><min value="0"/><max value="1"/><base><path value="Act.negationInd"/><min value="0"/><max value="1"/></base><type><code value="boolean"/></type></element><element id="Act.text"><path value="Act.text"/><min value="0"/><max value="1"/><base><path value="Act.text"/><min value="0"/><max value="1"/></base><type><code value="http://hl7.org/fhir/cda/StructureDefinition/ED"/></type></element><element id="Act.statusCode"><path value="Act.statusCode"/><short value="statusCode"/><definition value="SHALL contain exactly one [1..1] statusCode (CONF:1098-31954)."/><min value="1"/><max value="1"/><base><path value="Act.statusCode"/><min value="0"/><max value="1"/></base><type><code value="http://hl7.org/fhir/cda/StructureDefinition/CS"/></type></element><element id="Act.effectiveTime"><path value="Act.effectiveTime"/><min value="0"/><max value="1"/><base><path value="Act.effectiveTime"/><min value="0"/><max value="1"/></base><type><code value="http://hl7.org/fhir/cda/StructureDefinition/IVL-TS"/></type></element><element id="Act.priorityCode"><path value="Act.priorityCode"/><min value="0"/><max value="1"/><base><path value="Act.priorityCode"/><min value="0"/><max value="1"/></base><type><code value="http://hl7.org/fhir/cda/StructureDefinition/CE"/></type><binding><strength value="extensible"/><valueSet value="http://terminology.hl7.org/ValueSet/v3-ActPriority"/></binding></element><element id="Act.languageCode"><path value="Act.languageCode"/><min value="0"/><max value="1"/><base><path value="Act.languageCode"/><min value="0"/><max value="1"/></base><type><code value="http://hl7.org/fhir/cda/StructureDefinition/CS"/></type><binding><strength value="required"/><valueSet value="http://terminology.hl7.org/ValueSet/v3-HumanLanguage"/></binding></element><element id="Act.subject"><path value="Act.subject"/><min value="0"/><max value="1"/><base><path value="Act.subject"/><min value="0"/><max value="1"/></base><type><code value="Element"/></type></element><element id="Act.subject.typeCode"><path value="Act.subject.typeCode"/><representation value="xmlAttr"/><min value="1"/><max value="1"/><base><path value="Act.subject.typeCode"/><min value="1"/><max value="1"/></base><type><code value="code"/></type><defaultValueCode value="SBJ"/><fixedCode value="SBJ"/><binding><strength value="required"/><valueSet value="http://terminology.hl7.org/ValueSet/v3-ParticipationTargetSubject"/></binding></element><element id="Act.subject.contextControlCode"><path value="Act.subject.contextControlCode"/><representation value="xmlAttr"/><min value="1"/><max value="1"/><base><path value="Act.subject.contextControlCode"/><min value="1"/><max value="1"/></base><type><code value="code"/></type><defaultValueCode value="OP"/><fixedCode value="OP"/><binding><strength value="required"/><valueSet value="http://terminology.hl7.org/ValueSet/v3-ContextControl"/></binding></element><element id="Act.subject.awarenessCode"><path value="Act.subject.awarenessCode"/><min value="0"/><max value="1"/><base><path value="Act.subject.awarenessCode"/><min value="0"/><max value="1"/></base><type><code value="http://hl7.org/fhir/cda/StructureDefinition/CE"/></type><binding><strength value="extensible"/><valueSet value="http://terminology.hl7.org/ValueSet/v3-TargetAwareness"/></binding></element><element id="Act.subject.relatedSubject"><path value="Act.subject.relatedSubject"/><min value="1"/><max value="1"/><base><path value="Act.subject.relatedSubject"/><min value="1"/><max value="1"/></base><type><code value="http://hl7.org/fhir/cda/StructureDefinition/RelatedSubject"/></type></element><element id="Act.specimen"><path value="Act.specimen"/><min value="0"/><max value="*"/><base><path value="Act.specimen"/><min value="0"/><max value="*"/></base><type><code value="Element"/></type></element><element id="Act.specimen.typeCode"><path value="Act.specimen.typeCode"/><representation value="xmlAttr"/><min value="1"/><max value="1"/><base><path value="Act.specimen.typeCode"/><min value="1"/><max value="1"/></base><type><code value="code"/></type><defaultValueCode value="SPC"/><fixedCode value="SPC"/><binding><strength value="required"/><valueSet value="http://terminology.hl7.org/ValueSet/v3-ParticipationTargetDirect"/></binding></element><element id="Act.specimen.specimenRole"><path value="Act.specimen.specimenRole"/><min value="1"/><max value="1"/><base><path value="Act.specimen.specimenRole"/><min value="1"/><max value="1"/></base><type><code value="http://hl7.org/fhir/cda/StructureDefinition/SpecimenRole"/></type></element><element id="Act.performer"><path value="Act.performer"/><min value="0"/><max value="*"/><base><path value="Act.performer"/><min value="0"/><max value="*"/></base><type><code value="Element"/></type></element><element id="Act.performer.typeCode"><path value="Act.performer.typeCode"/><representation value="xmlAttr"/><min value="1"/><max value="1"/><base><path value="Act.performer.typeCode"/><min value="1"/><max value="1"/></base><type><code value="code"/></type><defaultValueCode value="PRF"/><fixedCode value="PRF"/><binding><strength value="required"/><valueSet value="http://terminology.hl7.org/ValueSet/v3-ParticipationPhysicalPerformer"/></binding></element><element id="Act.performer.time"><path value="Act.performer.time"/><min value="0"/><max value="1"/><base><path value="Act.performer.time"/><min value="0"/><max value="1"/></base><type><code value="http://hl7.org/fhir/cda/StructureDefinition/IVL-TS"/></type></element><element id="Act.performer.modeCode"><path value="Act.performer.modeCode"/><min value="0"/><max value="1"/><base><path value="Act.performer.modeCode"/><min value="0"/><max value="1"/></base><type><code value="http://hl7.org/fhir/cda/StructureDefinition/CE"/></type><binding><strength value="extensible"/><valueSet value="http://terminology.hl7.org/ValueSet/v3-ParticipationMode"/></binding></element><element id="Act.performer.assignedEntity"><path value="Act.performer.assignedEntity"/><min value="1"/><max value="1"/><base><path value="Act.performer.assignedEntity"/><min value="1"/><max value="1"/></base><type><code value="http://hl7.org/fhir/cda/StructureDefinition/AssignedEntity"/></type></element><element id="Act.author"><path value="Act.author"/><short value="author"/><definition value="MAY contain zero or more [0..*] Author Participation (identifier: urn:oid:2.16.840.1.113883.10.20.22.4.119) (CONF:1098-32178)."/><min value="0"/><max value="*"/><base><path value="Act.author"/><min value="0"/><max value="*"/></base><type><code value="http://hl7.org/fhir/cda/StructureDefinition/Author"/><profile value="http://hl7.org/fhir/cda/ccda/StructureDefinition/2.16.840.1.113883.10.20.22.4.119"/></type><isModifier value="false"/></element><element id="Act.informant"><path value="Act.informant"/><min value="0"/><max value="*"/><base><path value="Act.informant"/><min value="0"/><max value="*"/></base><type><code value="Element"/></type></element><element id="Act.informant.typeCode"><path value="Act.informant.typeCode"/><representation value="xmlAttr"/><min value="1"/><max value="1"/><base><path value="Act.informant.typeCode"/><min value="1"/><max value="1"/></base><type><code value="code"/></type><defaultValueCode value="INF"/><fixedCode value="INF"/><binding><strength value="required"/><valueSet value="http://terminology.hl7.org/ValueSet/v3-ParticipationInformationGenerator"/></binding></element><element id="Act.informant.contextControlCode"><path value="Act.informant.contextControlCode"/><representation value="xmlAttr"/><min value="1"/><max value="1"/><base><path value="Act.informant.contextControlCode"/><min value="1"/><max value="1"/></base><type><code value="code"/></type><defaultValueCode value="OP"/><fixedCode value="OP"/><binding><strength value="required"/><valueSet value="http://terminology.hl7.org/ValueSet/v3-ContextControl"/></binding></element><element id="Act.informant.assignedEntity"><path value="Act.informant.assignedEntity"/><min value="0"/><max value="1"/><base><path value="Act.informant.assignedEntity"/><min value="0"/><max value="1"/></base><type><code value="http://hl7.org/fhir/cda/StructureDefinition/AssignedEntity"/></type></element><element id="Act.informant.relatedEntity"><path value="Act.informant.relatedEntity"/><min value="0"/><max value="1"/><base><path value="Act.informant.relatedEntity"/><min value="0"/><max value="1"/></base><type><code value="http://hl7.org/fhir/cda/StructureDefinition/RelatedEntity"/></type></element><element id="Act.participant"><path value="Act.participant"/><min value="0"/><max value="*"/><base><path value="Act.participant"/><min value="0"/><max value="*"/></base><type><code value="Element"/></type></element><element id="Act.participant.typeCode"><path value="Act.participant.typeCode"/><representation value="xmlAttr"/><min value="1"/><max value="1"/><base><path value="Act.participant.typeCode"/><min value="1"/><max value="1"/></base><type><code value="code"/></type><binding><strength value="required"/><valueSet value="http://terminology.hl7.org/ValueSet/v3-ParticipationType"/></binding></element><element id="Act.participant.contextControlCode"><path value="Act.participant.contextControlCode"/><representation value="xmlAttr"/><min value="1"/><max value="1"/><base><path value="Act.participant.contextControlCode"/><min value="1"/><max value="1"/></base><type><code value="code"/></type><defaultValueCode value="OP"/><fixedCode value="OP"/><binding><strength value="required"/><valueSet value="http://terminology.hl7.org/ValueSet/v3-ContextControl"/></binding></element><element id="Act.participant.time"><path value="Act.participant.time"/><min value="0"/><max value="1"/><base><path value="Act.participant.time"/><min value="0"/><max value="1"/></base><type><code value="http://hl7.org/fhir/cda/StructureDefinition/IVL-TS"/></type></element><element id="Act.participant.awarenessCode"><path value="Act.participant.awarenessCode"/><min value="0"/><max value="1"/><base><path value="Act.participant.awarenessCode"/><min value="0"/><max value="1"/></base><type><code value="http://hl7.org/fhir/cda/StructureDefinition/CE"/></type><binding><strength value="extensible"/><valueSet value="http://terminology.hl7.org/ValueSet/v3-TargetAwareness"/></binding></element><element id="Act.participant.participantRole"><path value="Act.participant.participantRole"/><min value="1"/><max value="1"/><base><path value="Act.participant.participantRole"/><min value="1"/><max value="1"/></base><type><code value="http://hl7.org/fhir/cda/StructureDefinition/ParticipantRole"/></type></element><element id="Act.entryRelationship"><path value="Act.entryRelationship"/><slicing><discriminator><type value="value"/><path value="typeCode"/></discriminator><rules value="open"/></slicing><definition value="SHALL contain exactly one [1..1] entryRelationship (CONF:1098-31967) such that it"/><min value="0"/><max value="*"/><base><path value="Act.entryRelationship"/><min value="0"/><max value="*"/></base><type><code value="Element"/></type></element><element id="Act.entryRelationship.typeCode"><path value="Act.entryRelationship.typeCode"/><representation value="xmlAttr"/><min value="1"/><max value="1"/><base><path value="Act.entryRelationship.typeCode"/><min value="1"/><max value="1"/></base><type><code value="code"/></type></element><element id="Act.entryRelationship.inversionInd"><path value="Act.entryRelationship.inversionInd"/><representation value="xmlAttr"/><min value="0"/><max value="1"/><base><path value="Act.entryRelationship.inversionInd"/><min value="0"/><max value="1"/></base><type><code value="boolean"/></type></element><element id="Act.entryRelationship.contextConductionInd"><path value="Act.entryRelationship.contextConductionInd"/><representation value="xmlAttr"/><min value="1"/><max value="1"/><base><path value="Act.entryRelationship.contextConductionInd"/><min value="1"/><max value="1"/></base><type><code value="boolean"/></type><defaultValueBoolean value="true"/></element><element id="Act.entryRelationship.sequenceNumber"><path value="Act.entryRelationship.sequenceNumber"/><min value="0"/><max value="1"/><base><path value="Act.entryRelationship.sequenceNumber"/><min value="0"/><max value="1"/></base><type><code value="http://hl7.org/fhir/cda/StructureDefinition/INT"/></type></element><element id="Act.entryRelationship.negationInd"><path value="Act.entryRelationship.negationInd"/><representation value="xmlAttr"/><min value="0"/><max value="1"/><base><path value="Act.entryRelationship.negationInd"/><min value="0"/><max value="1"/></base><type><code value="boolean"/></type></element><element id="Act.entryRelationship.seperatableInd"><path value="Act.entryRelationship.seperatableInd"/><min value="0"/><max value="1"/><base><path value="Act.entryRelationship.seperatableInd"/><min value="0"/><max value="1"/></base><type><code value="http://hl7.org/fhir/cda/StructureDefinition/BL"/></type></element><element id="Act.entryRelationship.observation"><path value="Act.entryRelationship.observation"/><min value="0"/><max value="1"/><base><path value="Act.entryRelationship.observation"/><min value="0"/><max value="1"/></base><type><code value="http://hl7.org/fhir/cda/StructureDefinition/Observation"/></type></element><element id="Act.entryRelationship.regionOfInterest"><path value="Act.entryRelationship.regionOfInterest"/><min value="0"/><max value="1"/><base><path value="Act.entryRelationship.regionOfInterest"/><min value="0"/><max value="1"/></base><type><code value="http://hl7.org/fhir/cda/StructureDefinition/RegionOfInterest"/></type></element><element id="Act.entryRelationship.observationMedia"><path value="Act.entryRelationship.observationMedia"/><min value="0"/><max value="1"/><base><path value="Act.entryRelationship.observationMedia"/><min value="0"/><max value="1"/></base><type><code value="http://hl7.org/fhir/cda/StructureDefinition/ObservationMedia"/></type></element><element id="Act.entryRelationship.substanceAdministration"><path value="Act.entryRelationship.substanceAdministration"/><min value="0"/><max value="1"/><base><path value="Act.entryRelationship.substanceAdministration"/><min value="0"/><max value="1"/></base><type><code value="http://hl7.org/fhir/cda/StructureDefinition/SubstanceAdministration"/></type></element><element id="Act.entryRelationship.supply"><path value="Act.entryRelationship.supply"/><min value="0"/><max value="1"/><base><path value="Act.entryRelationship.supply"/><min value="0"/><max value="1"/></base><type><code value="http://hl7.org/fhir/cda/StructureDefinition/Supply"/></type></element><element id="Act.entryRelationship.procedure"><path value="Act.entryRelationship.procedure"/><min value="0"/><max value="1"/><base><path value="Act.entryRelationship.procedure"/><min value="0"/><max value="1"/></base><type><code value="http://hl7.org/fhir/cda/StructureDefinition/Procedure"/></type></element><element id="Act.entryRelationship.encounter"><path value="Act.entryRelationship.encounter"/><min value="0"/><max value="1"/><base><path value="Act.entryRelationship.encounter"/><min value="0"/><max value="1"/></base><type><code value="http://hl7.org/fhir/cda/StructureDefinition/Encounter"/></type></element><element id="Act.entryRelationship.organizer"><path value="Act.entryRelationship.organizer"/><min value="0"/><max value="1"/><base><path value="Act.entryRelationship.organizer"/><min value="0"/><max value="1"/></base><type><code value="http://hl7.org/fhir/cda/StructureDefinition/Organizer"/></type></element><element id="Act.entryRelationship.act"><path value="Act.entryRelationship.act"/><min value="0"/><max value="1"/><base><path value="Act.entryRelationship.act"/><min value="0"/><max value="1"/></base><type><code value="http://hl7.org/fhir/cda/StructureDefinition/Act"/></type></element><element id="Act.entryRelationship:entryRelationship1"><path value="Act.entryRelationship"/><sliceName value="entryRelationship1"/><short value="entryRelationship"/><definition value="SHALL contain exactly one [1..1] entryRelationship (CONF:1098-31967) such that it"/><min value="1"/><max value="1"/><base><path value="Act.entryRelationship"/><min value="0"/><max value="*"/></base><type><code value="Element"/></type></element><element id="Act.entryRelationship:entryRelationship1.typeCode:entryRelationship1"><path value="Act.entryRelationship.typeCode"/><representation value="xmlAttr"/><sliceName value="entryRelationship1"/><short value="typeCode"/><definition value="SHALL contain exactly one [1..1] @typeCode=&quot;COMP&quot; has component (CodeSystem: HL7ActRelationshipType urn:oid:2.16.840.1.113883.5.1002) (CONF:1098-31968)."/><min value="1"/><max value="1"/><base><path value="Act.entryRelationship.typeCode"/><min value="1"/><max value="1"/></base><type><code value="code"/></type><patternString value="COMP"/></element><element id="Act.entryRelationship:entryRelationship1.inversionInd"><path value="Act.entryRelationship.inversionInd"/><representation value="xmlAttr"/><min value="0"/><max value="1"/><base><path value="Act.entryRelationship.inversionInd"/><min value="0"/><max value="1"/></base><type><code value="boolean"/></type></element><element id="Act.entryRelationship:entryRelationship1.contextConductionInd"><path value="Act.entryRelationship.contextConductionInd"/><representation value="xmlAttr"/><min value="1"/><max value="1"/><base><path value="Act.entryRelationship.contextConductionInd"/><min value="1"/><max value="1"/></base><type><code value="boolean"/></type><defaultValueBoolean value="true"/></element><element id="Act.entryRelationship:entryRelationship1.sequenceNumber"><path value="Act.entryRelationship.sequenceNumber"/><min value="0"/><max value="1"/><base><path value="Act.entryRelationship.sequenceNumber"/><min value="0"/><max value="1"/></base><type><code value="http://hl7.org/fhir/cda/StructureDefinition/INT"/></type></element><element id="Act.entryRelationship:entryRelationship1.negationInd"><path value="Act.entryRelationship.negationInd"/><representation value="xmlAttr"/><min value="0"/><max value="1"/><base><path value="Act.entryRelationship.negationInd"/><min value="0"/><max value="1"/></base><type><code value="boolean"/></type></element><element id="Act.entryRelationship:entryRelationship1.seperatableInd"><path value="Act.entryRelationship.seperatableInd"/><min value="0"/><max value="1"/><base><path value="Act.entryRelationship.seperatableInd"/><min value="0"/><max value="1"/></base><type><code value="http://hl7.org/fhir/cda/StructureDefinition/BL"/></type></element><element id="Act.entryRelationship:entryRelationship1.observation"><path value="Act.entryRelationship.observation"/><min value="0"/><max value="1"/><base><path value="Act.entryRelationship.observation"/><min value="0"/><max value="1"/></base><type><code value="http://hl7.org/fhir/cda/StructureDefinition/Observation"/></type></element><element id="Act.entryRelationship:entryRelationship1.regionOfInterest"><path value="Act.entryRelationship.regionOfInterest"/><min value="0"/><max value="1"/><base><path value="Act.entryRelationship.regionOfInterest"/><min value="0"/><max value="1"/></base><type><code value="http://hl7.org/fhir/cda/StructureDefinition/RegionOfInterest"/></type></element><element id="Act.entryRelationship:entryRelationship1.observationMedia"><path value="Act.entryRelationship.observationMedia"/><min value="0"/><max value="1"/><base><path value="Act.entryRelationship.observationMedia"/><min value="0"/><max value="1"/></base><type><code value="http://hl7.org/fhir/cda/StructureDefinition/ObservationMedia"/></type></element><element id="Act.entryRelationship:entryRelationship1.substanceAdministration"><path value="Act.entryRelationship.substanceAdministration"/><min value="0"/><max value="1"/><base><path value="Act.entryRelationship.substanceAdministration"/><min value="0"/><max value="1"/></base><type><code value="http://hl7.org/fhir/cda/StructureDefinition/SubstanceAdministration"/></type></element><element id="Act.entryRelationship:entryRelationship1.supply"><path value="Act.entryRelationship.supply"/><min value="0"/><max value="1"/><base><path value="Act.entryRelationship.supply"/><min value="0"/><max value="1"/></base><type><code value="http://hl7.org/fhir/cda/StructureDefinition/Supply"/></type></element><element id="Act.entryRelationship:entryRelationship1.procedure"><path value="Act.entryRelationship.procedure"/><min value="0"/><max value="1"/><base><path value="Act.entryRelationship.procedure"/><min value="0"/><max value="1"/></base><type><code value="http://hl7.org/fhir/cda/StructureDefinition/Procedure"/></type></element><element id="Act.entryRelationship:entryRelationship1.encounter"><path value="Act.entryRelationship.encounter"/><min value="0"/><max value="1"/><base><path value="Act.entryRelationship.encounter"/><min value="0"/><max value="1"/></base><type><code value="http://hl7.org/fhir/cda/StructureDefinition/Encounter"/></type></element><element id="Act.entryRelationship:entryRelationship1.organizer"><path value="Act.entryRelationship.organizer"/><min value="0"/><max value="1"/><base><path value="Act.entryRelationship.organizer"/><min value="0"/><max value="1"/></base><type><code value="http://hl7.org/fhir/cda/StructureDefinition/Organizer"/></type></element><element id="Act.entryRelationship:entryRelationship1.act:entryRelationship1"><path value="Act.entryRelationship.act"/><sliceName value="entryRelationship1"/><short value="act"/><definition value="SHALL contain exactly one [1..1] act (CONF:1098-31969)."/><min value="1"/><max value="1"/><base><path value="Act.entryRelationship.act"/><min value="0"/><max value="1"/></base><type><code value="http://hl7.org/fhir/cda/StructureDefinition/Act"/></type></element><element id="Act.reference"><path value="Act.reference"/><min value="0"/><max value="*"/><base><path value="Act.reference"/><min value="0"/><max value="*"/></base><type><code value="Element"/></type></element><element id="Act.reference.typeCode"><path value="Act.reference.typeCode"/><representation value="xmlAttr"/><min value="1"/><max value="1"/><base><path value="Act.reference.typeCode"/><min value="1"/><max value="1"/></base><type><code value="code"/></type></element><element id="Act.reference.seperatableInd"><path value="Act.reference.seperatableInd"/><min value="0"/><max value="1"/><base><path value="Act.reference.seperatableInd"/><min value="0"/><max value="1"/></base><type><code value="http://hl7.org/fhir/cda/StructureDefinition/BL"/></type></element><element id="Act.reference.externalAct"><path value="Act.reference.externalAct"/><min value="0"/><max value="1"/><base><path value="Act.reference.externalAct"/><min value="0"/><max value="1"/></base><type><code value="http://hl7.org/fhir/cda/StructureDefinition/ExternalAct"/></type></element><element id="Act.reference.externalObservation"><path value="Act.reference.externalObservation"/><min value="0"/><max value="1"/><base><path value="Act.reference.externalObservation"/><min value="0"/><max value="1"/></base><type><code value="http://hl7.org/fhir/cda/StructureDefinition/ExternalObservation"/></type></element><element id="Act.reference.externalProcedure"><path value="Act.reference.externalProcedure"/><min value="0"/><max value="1"/><base><path value="Act.reference.externalProcedure"/><min value="0"/><max value="1"/></base><type><code value="http://hl7.org/fhir/cda/StructureDefinition/ExternalProcedure"/></type></element><element id="Act.reference.externalDocument"><path value="Act.reference.externalDocument"/><min value="0"/><max value="1"/><base><path value="Act.reference.externalDocument"/><min value="0"/><max value="1"/></base><type><code value="http://hl7.org/fhir/cda/StructureDefinition/ExternalDocument"/></type></element><element id="Act.precondition"><path value="Act.precondition"/><min value="0"/><max value="*"/><base><path value="Act.precondition"/><min value="0"/><max value="*"/></base><type><code value="Element"/></type></element><element id="Act.precondition.typeCode"><path value="Act.precondition.typeCode"/><representation value="xmlAttr"/><min value="1"/><max value="1"/><base><path value="Act.precondition.typeCode"/><min value="1"/><max value="1"/></base><type><code value="code"/></type><defaultValueCode value="PRCN"/><fixedCode value="PRCN"/><binding><strength value="required"/><valueSet value="http://terminology.hl7.org/ValueSet/v3-ActRelationshipConditional"/></binding></element><element id="Act.precondition.criterion"><path value="Act.precondition.criterion"/><min value="1"/><max value="1"/><base><path value="Act.precondition.criterion"/><min value="1"/><max value="1"/></base><type><code value="http://hl7.org/fhir/cda/StructureDefinition/Criterion"/></type></element></snapshot><differential><element id="Act"><path value="Act"/></element><element id="Act.classCode"><path value="Act.classCode"/><short value="classCode"/><definition value="SHALL contain exactly one [1..1] @classCode=&quot;ACT&quot; act (CodeSystem: HL7ActCode urn:oid:2.16.840.1.113883.5.4) (CONF:1098-31945)."/><min value="1"/><max value="1"/><patternString value="ACT"/></element><element id="Act.moodCode"><path value="Act.moodCode"/><short value="moodCode"/><definition value="SHALL contain exactly one [1..1] @moodCode=&quot;INT&quot; Intent (CodeSystem: HL7ActMood urn:oid:2.16.840.1.113883.5.1001) (CONF:1098-31946)."/><min value="1"/><max value="1"/><patternString value="INT"/></element><element id="Act.templateId"><path value="Act.templateId"/><slicing><discriminator><type value="value"/><path value="root"/></discriminator><rules value="open"/></slicing><definition value="SHALL contain exactly one [1..1] templateId (CONF:1098-31947) such that it"/></element><element id="Act.templateId:templateId1"><path value="Act.templateId"/><sliceName value="templateId1"/><short value="templateId"/><definition value="SHALL contain exactly one [1..1] templateId (CONF:1098-31947) such that it"/><min value="1"/><max value="1"/></element><element id="Act.templateId:templateId1.root:templateId1"><path value="Act.templateId.root"/><sliceName value="templateId1"/><short value="root"/><definition value="SHALL contain exactly one [1..1] @root=&quot;2.16.840.1.113883.10.20.22.4.129&quot; (CONF:1098-31948)."/><min value="1"/><max value="1"/><patternString value="2.16.840.1.113883.10.20.22.4.129"/></element><element id="Act.id"><path value="Act.id"/><short value="id"/><definition value="SHALL contain at least one [1..*] id (CONF:1098-31950)."/><min value="1"/><max value="*"/></element><element id="Act.code"><path value="Act.code"/><short value="code"/><definition value="SHALL contain exactly one [1..1] code (CONF:1098-31951)."/><min value="1"/><max value="1"/></element><element id="Act.code.code"><path value="Act.code.code"/><short value="code"/><definition value="This code SHALL contain exactly one [1..1] @code=&quot;48768-6&quot; Payment Sources (CONF:1098-31952)."/><min value="1"/><max value="1"/><patternString value="48768-6"/></element><element id="Act.code.codeSystem"><path value="Act.code.codeSystem"/><short value="codeSystem"/><definition value="This code SHALL contain exactly one [1..1] @codeSystem=&quot;2.16.840.1.113883.6.1&quot; (CodeSystem: LOINC urn:oid:2.16.840.1.113883.6.1) (CONF:1098-31953)."/><min value="1"/><max value="1"/><patternString value="2.16.840.1.113883.6.1"/></element><element id="Act.statusCode"><path value="Act.statusCode"/><short value="statusCode"/><definition value="SHALL contain exactly one [1..1] statusCode (CONF:1098-31954)."/><min value="1"/><max value="1"/></element><element id="Act.statusCode.code"><path value="Act.statusCode.code"/><short value="code"/><definition value="This statusCode SHALL contain exactly one [1..1] @code=&quot;active&quot; Active (CodeSystem: HL7ActCode urn:oid:2.16.840.1.113883.5.4) (CONF:1098-31955)."/><min value="1"/><max value="1"/><patternString value="active"/></element><element id="Act.author"><path value="Act.author"/><short value="author"/><definition value="MAY contain zero or more [0..*] Author Participation (identifier: urn:oid:2.16.840.1.113883.10.20.22.4.119) (CONF:1098-32178)."/><min value="0"/><max value="*"/><type><code value="http://hl7.org/fhir/cda/StructureDefinition/Author"/><profile value="http://hl7.org/fhir/cda/ccda/StructureDefinition/2.16.840.1.113883.10.20.22.4.119"/></type></element><element id="Act.entryRelationship"><path value="Act.entryRelationship"/><slicing><discriminator><type value="value"/><path value="typeCode"/></discriminator><rules value="open"/></slicing><definition value="SHALL contain exactly one [1..1] entryRelationship (CONF:1098-31967) such that it"/></element><element id="Act.entryRelationship:entryRelationship1"><path value="Act.entryRelationship"/><sliceName value="entryRelationship1"/><short value="entryRelationship"/><definition value="SHALL contain exactly one [1..1] entryRelationship (CONF:1098-31967) such that it"/><min value="1"/><max value="1"/></element><element id="Act.entryRelationship:entryRelationship1.typeCode:entryRelationship1"><path value="Act.entryRelationship.typeCode"/><sliceName value="entryRelationship1"/><short value="typeCode"/><definition value="SHALL contain exactly one [1..1] @typeCode=&quot;COMP&quot; has component (CodeSystem: HL7ActRelationshipType urn:oid:2.16.840.1.113883.5.1002) (CONF:1098-31968)."/><min value="1"/><max value="1"/><patternString value="COMP"/></element><element id="Act.entryRelationship:entryRelationship1.act:entryRelationship1"><path value="Act.entryRelationship.act"/><sliceName value="entryRelationship1"/><short value="act"/><definition value="SHALL contain exactly one [1..1] act (CONF:1098-31969)."/><min value="1"/><max value="1"/></element><element id="Act.entryRelationship:entryRelationship1.act:entryRelationship1.classCode:entryRelationship1"><path value="Act.entryRelationship.act.classCode"/><sliceName value="entryRelationship1"/><short value="classCode"/><definition value="This act SHALL contain exactly one [1..1] @classCode=&quot;ACT&quot; ACT (CodeSystem: HL7ActClass urn:oid:2.16.840.1.113883.5.6) (CONF:1098-31970)."/><min value="1"/><max value="1"/><patternString value="ACT"/></element><element id="Act.entryRelationship:entryRelationship1.act:entryRelationship1.moodCode:entryRelationship1"><path value="Act.entryRelationship.act.moodCode"/><sliceName value="entryRelationship1"/><short value="moodCode"/><definition value="This act SHALL contain exactly one [1..1] @moodCode=&quot;INT&quot; intent (CodeSystem: HL7ActMood urn:oid:2.16.840.1.113883.5.1001) (CONF:1098-31971)."/><min value="1"/><max value="1"/><patternString value="INT"/></element><element id="Act.entryRelationship:entryRelationship1.act:entryRelationship1.id:entryRelationship1"><path value="Act.entryRelationship.act.id"/><sliceName value="entryRelationship1"/><short value="id"/><definition value="This act SHALL contain at least one [1..*] id (CONF:1098-31972)."/><min value="1"/><max value="*"/></element><element id="Act.entryRelationship:entryRelationship1.act:entryRelationship1.code:entryRelationship1"><path value="Act.entryRelationship.act.code"/><sliceName value="entryRelationship1"/><short value="code"/><definition value="This act SHALL contain exactly one [1..1] code, which SHALL be selected from ValueSet Payer urn:oid:2.16.840.1.114222.4.11.3591 DYNAMIC (CONF:1098-31973)."/><min value="1"/><max value="1"/><binding><strength value="required"/><valueSet value="https://cts.nlm.nih.gov/fhir/ValueSet/2.16.840.1.114222.4.11.3591"/></binding></element><element id="Act.entryRelationship:entryRelationship1.act:entryRelationship1.statusCode:entryRelationship1"><path value="Act.entryRelationship.act.statusCode"/><sliceName value="entryRelationship1"/><short value="statusCode"/><definition value="This act SHALL contain exactly one [1..1] statusCode (CONF:1098-31974)."/><min value="1"/><max value="1"/></element><element id="Act.entryRelationship:entryRelationship1.act:entryRelationship1.statusCode:entryRelationship1.code:entryRelationship1"><path value="Act.entryRelationship.act.statusCode.code"/><sliceName value="entryRelationship1"/><short value="code"/><definition value="This statusCode SHALL contain exactly one [1..1] @code=&quot;active&quot; Active (CodeSystem: HL7ActStatus urn:oid:2.16.840.1.113883.5.14) (CONF:1098-31975)."/><min value="1"/><max value="1"/><patternString value="active"/></element></differential></StructureDefinition>