<?xml version="1.0" encoding="UTF-8"?><StructureDefinition xmlns="http://hl7.org/fhir"><id value="1.3.6.1.4.1.19376.1.5.3.1.3.1"/><text><status value="generated"/><div xmlns="http://www.w3.org/1999/xhtml"><table border="0" cellpadding="0" cellspacing="0" style="border: 0px #F0F0F0 solid; font-size: 11px; font-family: verdana; vertical-align: top;"><tr style="border: 1px #F0F0F0 solid; font-size: 11px; font-family: verdana; vertical-align: top;"><th style="vertical-align: top; text-align : left; background-color: white; border: 0px #F0F0F0 solid; padding:0px 4px 0px 4px" class="hierarchy"><a href="http://build.fhir.org/formats.html#table" title="The logical name of the element">Name</a></th><th style="vertical-align: top; text-align : left; background-color: white; border: 0px #F0F0F0 solid; padding:0px 4px 0px 4px" class="hierarchy"><a href="http://build.fhir.org/formats.html#table" title="Information about the use of the element">Flags</a></th><th style="vertical-align: top; text-align : left; background-color: white; border: 0px #F0F0F0 solid; padding:0px 4px 0px 4px" class="hierarchy"><a href="http://build.fhir.org/formats.html#table" title="Minimum and Maximum # of times the the element can appear in the instance">Card.</a></th><th style="width: 100px" class="hierarchy"><a href="http://build.fhir.org/formats.html#table" title="Reference to the type of the element">Type</a></th><th style="vertical-align: top; text-align : left; background-color: white; border: 0px #F0F0F0 solid; padding:0px 4px 0px 4px" class="hierarchy"><a href="http://build.fhir.org/formats.html#table" title="Additional information about the element">Description &amp; Constraints</a><span style="float: right"><a href="http://build.fhir.org/formats.html#table" title="Legend for this format"><img src="http://build.fhir.org/help16.png" alt="doco" style="background-color: inherit"/></a></span></th></tr><tr style="border: 0px #F0F0F0 solid; padding:0px; vertical-align: top; background-color: white;"><td style="vertical-align: top; text-align : left; background-color: white; border: 0px #F0F0F0 solid; padding:0px 4px 0px 4px; white-space: nowrap; background-image: url(tbl_bck1.png)" class="hierarchy"><img src="tbl_spacer.png" alt="." style="background-color: inherit" class="hierarchy"/><img src="icon_element.gif" alt="." style="background-color: white; background-color: inherit" title="Element" class="hierarchy"/> <span title="null">Section</span><a name="Section"> </a></td><td style="vertical-align: top; text-align : left; background-color: white; border: 0px #F0F0F0 solid; padding:0px 4px 0px 4px" class="hierarchy"/><td style="vertical-align: top; text-align : left; background-color: white; border: 0px #F0F0F0 solid; padding:0px 4px 0px 4px" class="hierarchy"/><td style="vertical-align: top; text-align : left; background-color: white; border: 0px #F0F0F0 solid; padding:0px 4px 0px 4px" class="hierarchy"/><td style="vertical-align: top; text-align : left; background-color: white; border: 0px #F0F0F0 solid; padding:0px 4px 0px 4px" class="hierarchy"/></tr>
<tr style="border: 0px #F0F0F0 solid; padding:0px; vertical-align: top; background-color: white;"><td style="vertical-align: top; text-align : left; background-color: white; border: 0px #F0F0F0 solid; padding:0px 4px 0px 4px; white-space: nowrap; background-image: url(tbl_bck12.png)" class="hierarchy"><img src="tbl_spacer.png" alt="." style="background-color: inherit" class="hierarchy"/><img src="tbl_vjoin.png" alt="." style="background-color: inherit" class="hierarchy"/><img src="icon_slice.png" alt="." style="background-color: white; background-color: inherit" title="Slice Definition" class="hierarchy"/> <span style="font-style: italic" title="SHALL contain exactly one [1..1] templateId (CONF:1098-7844) such that it">templateId</span><a name="Section.templateId"> </a></td><td style="vertical-align: top; text-align : left; background-color: white; border: 0px #F0F0F0 solid; padding:0px 4px 0px 4px" class="hierarchy"/><td style="vertical-align: top; text-align : left; background-color: white; border: 0px #F0F0F0 solid; padding:0px 4px 0px 4px" class="hierarchy"/><td style="vertical-align: top; text-align : left; background-color: white; border: 0px #F0F0F0 solid; padding:0px 4px 0px 4px" class="hierarchy"/><td style="vertical-align: top; text-align : left; background-color: white; border: 0px #F0F0F0 solid; padding:0px 4px 0px 4px" class="hierarchy"><span style="font-weight:bold; font-style: italic">Slice: </span><span style="font-style: italic">Unordered, Open by value:root, value:extension</span></td></tr>
<tr style="border: 0px #F0F0F0 solid; padding:0px; vertical-align: top; background-color: white;"><td style="vertical-align: top; text-align : left; background-color: white; border: 0px #F0F0F0 solid; padding:0px 4px 0px 4px; white-space: nowrap; background-image: url(tbl_bck15.png)" class="hierarchy"><img src="tbl_spacer.png" alt="." style="background-color: inherit" class="hierarchy"/><img src="tbl_vjoin.png" alt="." style="background-color: inherit" class="hierarchy"/><img src="icon_element.gif" alt="." style="background-color: white; background-color: inherit" title="Element" class="hierarchy"/> <span title="Slice templateId1: SHALL contain exactly one [1..1] templateId (CONF:1098-7844) such that it">templateId</span><a name="Section.templateId"> </a></td><td style="vertical-align: top; text-align : left; background-color: white; border: 0px #F0F0F0 solid; padding:0px 4px 0px 4px" class="hierarchy"/><td style="vertical-align: top; text-align : left; background-color: white; border: 0px #F0F0F0 solid; padding:0px 4px 0px 4px" class="hierarchy">1..1</td><td style="vertical-align: top; text-align : left; background-color: white; border: 0px #F0F0F0 solid; padding:0px 4px 0px 4px" class="hierarchy"/><td style="vertical-align: top; text-align : left; background-color: white; border: 0px #F0F0F0 solid; padding:0px 4px 0px 4px" class="hierarchy">templateId</td></tr>
<tr style="border: 0px #F0F0F0 solid; padding:0px; vertical-align: top; background-color: white;"><td style="vertical-align: top; text-align : left; background-color: white; border: 0px #F0F0F0 solid; padding:0px 4px 0px 4px; white-space: nowrap; background-image: url(tbl_bck154.png)" class="hierarchy"><img src="tbl_spacer.png" alt="." style="background-color: inherit" class="hierarchy"/><img src="tbl_vline.png" alt="." style="background-color: inherit" class="hierarchy"/><img src="tbl_vjoin_slice.png" alt="." style="background-color: inherit" class="hierarchy"/><img src="icon_element.gif" alt="." style="background-color: white; background-color: inherit" title="Element" class="hierarchy"/> <span title="Slice templateId1: SHALL contain exactly one [1..1] @root=&quot;1.3.6.1.4.1.19376.1.5.3.1.3.1&quot; (CONF:1098-10468).">root</span><a name="Section.templateId.root"> </a></td><td style="vertical-align: top; text-align : left; background-color: white; border: 0px #F0F0F0 solid; padding:0px 4px 0px 4px" class="hierarchy"/><td style="vertical-align: top; text-align : left; background-color: white; border: 0px #F0F0F0 solid; padding:0px 4px 0px 4px" class="hierarchy">1..1</td><td style="vertical-align: top; text-align : left; background-color: white; border: 0px #F0F0F0 solid; padding:0px 4px 0px 4px" class="hierarchy"/><td style="vertical-align: top; text-align : left; background-color: white; border: 0px #F0F0F0 solid; padding:0px 4px 0px 4px" class="hierarchy">root<br/><span style="font-weight:bold">Required Pattern: </span><span style="color: darkgreen">1.3.6.1.4.1.19376.1.5.3.1.3.1</span></td></tr>
<tr style="border: 0px #F0F0F0 solid; padding:0px; vertical-align: top; background-color: white;"><td style="vertical-align: top; text-align : left; background-color: white; border: 0px #F0F0F0 solid; padding:0px 4px 0px 4px; white-space: nowrap; background-image: url(tbl_bck144.png)" class="hierarchy"><img src="tbl_spacer.png" alt="." style="background-color: inherit" class="hierarchy"/><img src="tbl_vline.png" alt="." style="background-color: inherit" class="hierarchy"/><img src="tbl_vjoin_end_slice.png" alt="." style="background-color: inherit" class="hierarchy"/><img src="icon_extension_simple.png" alt="." style="background-color: white; background-color: inherit" title="Simple Extension" class="hierarchy"/> <span title="Slice templateId1: SHALL contain exactly one [1..1] @extension=&quot;2014-06-09&quot; (CONF:1098-32571).">extension</span><a name="Section.templateId.extension"> </a></td><td style="vertical-align: top; text-align : left; background-color: white; border: 0px #F0F0F0 solid; padding:0px 4px 0px 4px" class="hierarchy"/><td style="vertical-align: top; text-align : left; background-color: white; border: 0px #F0F0F0 solid; padding:0px 4px 0px 4px" class="hierarchy">1..1</td><td style="vertical-align: top; text-align : left; background-color: white; border: 0px #F0F0F0 solid; padding:0px 4px 0px 4px" class="hierarchy"/><td style="vertical-align: top; text-align : left; background-color: white; border: 0px #F0F0F0 solid; padding:0px 4px 0px 4px" class="hierarchy">extension<br/><span style="font-weight:bold">Required Pattern: </span><span style="color: darkgreen">2014-06-09</span></td></tr>
<tr style="border: 0px #F0F0F0 solid; padding:0px; vertical-align: top; background-color: white;"><td style="vertical-align: top; text-align : left; background-color: white; border: 0px #F0F0F0 solid; padding:0px 4px 0px 4px; white-space: nowrap; background-image: url(tbl_bck11.png)" class="hierarchy"><img src="tbl_spacer.png" alt="." style="background-color: inherit" class="hierarchy"/><img src="tbl_vjoin.png" alt="." style="background-color: inherit" class="hierarchy"/><img src="icon_element.gif" alt="." style="background-color: white; background-color: inherit" title="Element" class="hierarchy"/> <span title="SHALL contain exactly one [1..1] code (CONF:1098-15427).">code</span><a name="Section.code"> </a></td><td style="vertical-align: top; text-align : left; background-color: white; border: 0px #F0F0F0 solid; padding:0px 4px 0px 4px" class="hierarchy"/><td style="vertical-align: top; text-align : left; background-color: white; border: 0px #F0F0F0 solid; padding:0px 4px 0px 4px" class="hierarchy">1..1</td><td style="vertical-align: top; text-align : left; background-color: white; border: 0px #F0F0F0 solid; padding:0px 4px 0px 4px" class="hierarchy"/><td style="vertical-align: top; text-align : left; background-color: white; border: 0px #F0F0F0 solid; padding:0px 4px 0px 4px" class="hierarchy">code</td></tr>
<tr style="border: 0px #F0F0F0 solid; padding:0px; vertical-align: top; background-color: white;"><td style="vertical-align: top; text-align : left; background-color: white; border: 0px #F0F0F0 solid; padding:0px 4px 0px 4px; white-space: nowrap; background-image: url(tbl_bck110.png)" class="hierarchy"><img src="tbl_spacer.png" alt="." style="background-color: inherit" class="hierarchy"/><img src="tbl_vline.png" alt="." style="background-color: inherit" class="hierarchy"/><img src="tbl_vjoin.png" alt="." style="background-color: inherit" class="hierarchy"/><img src="icon_element.gif" alt="." style="background-color: white; background-color: inherit" title="Element" class="hierarchy"/> <span title="This code SHALL contain exactly one [1..1] @code=&quot;42349-1&quot; Reason for Referral (CONF:1098-15428).">code</span><a name="Section.code.code"> </a></td><td style="vertical-align: top; text-align : left; background-color: white; border: 0px #F0F0F0 solid; padding:0px 4px 0px 4px" class="hierarchy"/><td style="vertical-align: top; text-align : left; background-color: white; border: 0px #F0F0F0 solid; padding:0px 4px 0px 4px" class="hierarchy">1..1</td><td style="vertical-align: top; text-align : left; background-color: white; border: 0px #F0F0F0 solid; padding:0px 4px 0px 4px" class="hierarchy"/><td style="vertical-align: top; text-align : left; background-color: white; border: 0px #F0F0F0 solid; padding:0px 4px 0px 4px" class="hierarchy">code<br/><span style="font-weight:bold">Required Pattern: </span><span style="color: darkgreen">42349-1</span></td></tr>
<tr style="border: 0px #F0F0F0 solid; padding:0px; vertical-align: top; background-color: white;"><td style="vertical-align: top; text-align : left; background-color: white; border: 0px #F0F0F0 solid; padding:0px 4px 0px 4px; white-space: nowrap; background-image: url(tbl_bck100.png)" class="hierarchy"><img src="tbl_spacer.png" alt="." style="background-color: inherit" class="hierarchy"/><img src="tbl_vline.png" alt="." style="background-color: inherit" class="hierarchy"/><img src="tbl_vjoin_end.png" alt="." style="background-color: inherit" class="hierarchy"/><img src="icon_element.gif" alt="." style="background-color: white; background-color: inherit" title="Element" class="hierarchy"/> <span title="This code SHALL contain exactly one [1..1] @codeSystem=&quot;2.16.840.1.113883.6.1&quot; (CodeSystem: LOINC urn:oid:2.16.840.1.113883.6.1) (CONF:1098-30867).">codeSystem</span><a name="Section.code.codeSystem"> </a></td><td style="vertical-align: top; text-align : left; background-color: white; border: 0px #F0F0F0 solid; padding:0px 4px 0px 4px" class="hierarchy"/><td style="vertical-align: top; text-align : left; background-color: white; border: 0px #F0F0F0 solid; padding:0px 4px 0px 4px" class="hierarchy">1..1</td><td style="vertical-align: top; text-align : left; background-color: white; border: 0px #F0F0F0 solid; padding:0px 4px 0px 4px" class="hierarchy"/><td style="vertical-align: top; text-align : left; background-color: white; border: 0px #F0F0F0 solid; padding:0px 4px 0px 4px" class="hierarchy">codeSystem<br/><span style="font-weight:bold">Required Pattern: </span><span style="color: darkgreen">2.16.840.1.113883.6.1</span></td></tr>
<tr style="border: 0px #F0F0F0 solid; padding:0px; vertical-align: top; background-color: white;"><td style="vertical-align: top; text-align : left; background-color: white; border: 0px #F0F0F0 solid; padding:0px 4px 0px 4px; white-space: nowrap; background-image: url(tbl_bck10.png)" class="hierarchy"><img src="tbl_spacer.png" alt="." style="background-color: inherit" class="hierarchy"/><img src="tbl_vjoin.png" alt="." style="background-color: inherit" class="hierarchy"/><img src="icon_element.gif" alt="." style="background-color: white; background-color: inherit" title="Element" class="hierarchy"/> <span title="SHALL contain exactly one [1..1] title (CONF:1098-7846).">title</span><a name="Section.title"> </a></td><td style="vertical-align: top; text-align : left; background-color: white; border: 0px #F0F0F0 solid; padding:0px 4px 0px 4px" class="hierarchy"/><td style="vertical-align: top; text-align : left; background-color: white; border: 0px #F0F0F0 solid; padding:0px 4px 0px 4px" class="hierarchy">1..1</td><td style="vertical-align: top; text-align : left; background-color: white; border: 0px #F0F0F0 solid; padding:0px 4px 0px 4px" class="hierarchy"/><td style="vertical-align: top; text-align : left; background-color: white; border: 0px #F0F0F0 solid; padding:0px 4px 0px 4px" class="hierarchy">title</td></tr>
<tr style="border: 0px #F0F0F0 solid; padding:0px; vertical-align: top; background-color: white;"><td style="vertical-align: top; text-align : left; background-color: white; border: 0px #F0F0F0 solid; padding:0px 4px 0px 4px; white-space: nowrap; background-image: url(tbl_bck10.png)" class="hierarchy"><img src="tbl_spacer.png" alt="." style="background-color: inherit" class="hierarchy"/><img src="tbl_vjoin.png" alt="." style="background-color: inherit" class="hierarchy"/><img src="icon_element.gif" alt="." style="background-color: white; background-color: inherit" title="Element" class="hierarchy"/> <span title="SHALL contain exactly one [1..1] text (CONF:1098-7847).">text</span><a name="Section.text"> </a></td><td style="vertical-align: top; text-align : left; background-color: white; border: 0px #F0F0F0 solid; padding:0px 4px 0px 4px" class="hierarchy"/><td style="vertical-align: top; text-align : left; background-color: white; border: 0px #F0F0F0 solid; padding:0px 4px 0px 4px" class="hierarchy">1..1</td><td style="vertical-align: top; text-align : left; background-color: white; border: 0px #F0F0F0 solid; padding:0px 4px 0px 4px" class="hierarchy"/><td style="vertical-align: top; text-align : left; background-color: white; border: 0px #F0F0F0 solid; padding:0px 4px 0px 4px" class="hierarchy">text</td></tr>
<tr style="border: 0px #F0F0F0 solid; padding:0px; vertical-align: top; background-color: white;"><td style="vertical-align: top; text-align : left; background-color: white; border: 0px #F0F0F0 solid; padding:0px 4px 0px 4px; white-space: nowrap; background-image: url(tbl_bck12.png)" class="hierarchy"><img src="tbl_spacer.png" alt="." style="background-color: inherit" class="hierarchy"/><img src="tbl_vjoin.png" alt="." style="background-color: inherit" class="hierarchy"/><img src="icon_slice.png" alt="." style="background-color: white; background-color: inherit" title="Slice Definition" class="hierarchy"/> <span style="font-style: italic" title="MAY contain zero or more [0..*] entry (CONF:1098-30808) such that it">entry</span><a name="Section.entry"> </a></td><td style="vertical-align: top; text-align : left; background-color: white; border: 0px #F0F0F0 solid; padding:0px 4px 0px 4px" class="hierarchy"/><td style="vertical-align: top; text-align : left; background-color: white; border: 0px #F0F0F0 solid; padding:0px 4px 0px 4px" class="hierarchy"/><td style="vertical-align: top; text-align : left; background-color: white; border: 0px #F0F0F0 solid; padding:0px 4px 0px 4px" class="hierarchy"/><td style="vertical-align: top; text-align : left; background-color: white; border: 0px #F0F0F0 solid; padding:0px 4px 0px 4px" class="hierarchy"><span style="font-weight:bold; font-style: italic">Slice: </span><span style="font-style: italic">Unordered, Open by value:act</span></td></tr>
<tr style="border: 0px #F0F0F0 solid; padding:0px; vertical-align: top; background-color: white;"><td style="vertical-align: top; text-align : left; background-color: white; border: 0px #F0F0F0 solid; padding:0px 4px 0px 4px; white-space: nowrap; background-image: url(tbl_bck05.png)" class="hierarchy"><img src="tbl_spacer.png" alt="." style="background-color: inherit" class="hierarchy"/><img src="tbl_vjoin_end.png" alt="." style="background-color: inherit" class="hierarchy"/><img src="icon_element.gif" alt="." style="background-color: white; background-color: inherit" title="Element" class="hierarchy"/> <span title="Slice entry1: MAY contain zero or more [0..*] entry (CONF:1098-30808) such that it">entry</span><a name="Section.entry"> </a></td><td style="vertical-align: top; text-align : left; background-color: white; border: 0px #F0F0F0 solid; padding:0px 4px 0px 4px" class="hierarchy"/><td style="vertical-align: top; text-align : left; background-color: white; border: 0px #F0F0F0 solid; padding:0px 4px 0px 4px" class="hierarchy">0..*</td><td style="vertical-align: top; text-align : left; background-color: white; border: 0px #F0F0F0 solid; padding:0px 4px 0px 4px" class="hierarchy"/><td style="vertical-align: top; text-align : left; background-color: white; border: 0px #F0F0F0 solid; padding:0px 4px 0px 4px" class="hierarchy">entry<br/></td></tr>
<tr style="border: 0px #F0F0F0 solid; padding:0px; vertical-align: top; background-color: white;"><td style="vertical-align: top; text-align : left; background-color: white; border: 0px #F0F0F0 solid; padding:0px 4px 0px 4px; white-space: nowrap; background-image: url(tbl_bck044.png)" class="hierarchy"><img src="tbl_spacer.png" alt="." style="background-color: inherit" class="hierarchy"/><img src="tbl_blank.png" alt="." style="background-color: inherit" class="hierarchy"/><img src="tbl_vjoin_end_slice.png" alt="." style="background-color: inherit" class="hierarchy"/><img src="icon_resource.png" alt="." style="background-color: white; background-color: inherit" title="Resource" class="hierarchy"/> <span title="Slice entry1: SHALL contain exactly one [1..1] Patient Referral Act (identifier: urn:oid:2.16.840.1.113883.10.20.22.4.140) (CONF:1098-30897).">act</span><a name="Section.entry.act"> </a></td><td style="vertical-align: top; text-align : left; background-color: white; border: 0px #F0F0F0 solid; padding:0px 4px 0px 4px" class="hierarchy"/><td style="vertical-align: top; text-align : left; background-color: white; border: 0px #F0F0F0 solid; padding:0px 4px 0px 4px" class="hierarchy">1..1</td><td style="vertical-align: top; text-align : left; background-color: white; border: 0px #F0F0F0 solid; padding:0px 4px 0px 4px" class="hierarchy"><a href="https://build.fhir.org/ig/HL7/fhir-cda//StructureDefinition-Act.html">http://hl7.org/fhir/cda/StructureDefinition/Act</a></td><td style="vertical-align: top; text-align : left; background-color: white; border: 0px #F0F0F0 solid; padding:0px 4px 0px 4px" class="hierarchy">act</td></tr>
<tr><td colspan="5" class="hierarchy"><br/><a href="http://build.fhir.org/formats.html#table" title="Legend for this format"><img src="http://build.fhir.org/help16.png" alt="doco" style="background-color: inherit"/> Documentation for this format</a></td></tr></table></div></text><url value="http://hl7.org/cda/us/ccda/StructureDefinition/1.3.6.1.4.1.19376.1.5.3.1.3.1"/><identifier><value value="urn:hl7ii:1.3.6.1.4.1.19376.1.5.3.1.3.1:2014-06-09"/></identifier><version value="0.0.1"/><name value="Reason for Referral Section (V2)"/><status value="active"/><date value="2019-05-23T14:53:48-07:00"/><contact><name value="Gaye Dolin"/><telecom><system value="phone"/><value value="714-744-4152"/><use value="work"/></telecom><telecom><system value="email"/><value value="gaye.dolin@lantanagroup.com"/><use value="work"/></telecom></contact><description value="This section describes the clinical reason why a provider is sending a patient to another provider for care. The reason for referral may become the reason for visit documented by the receiving provider."/><fhirVersion value="4.0.0"/><kind value="resource"/><abstract value="false"/><type value="Section"/><baseDefinition value="http://hl7.org/fhir/cda/StructureDefinition/Section"/><derivation value="constraint"/><snapshot><element id="Section"><path value="Section"/><min value="1"/><max value="1"/><base><path value="Section"/><min value="1"/><max value="1"/></base></element><element id="Section.nullFlavor"><path value="Section.nullFlavor"/><representation value="xmlAttr"/><label value="Exceptional Value Detail"/><definition value="If a value is an exceptional value (NULL-value), this specifies in what way and why proper information is missing."/><min value="0"/><max value="1"/><base><path value="Section.nullFlavor"/><min value="0"/><max value="1"/></base><type><code value="code"/></type><binding><strength value="required"/><valueSet value="http://hl7.org/fhir/ValueSet/v3-NullFlavor"/></binding></element><element id="Section.realmCode"><path value="Section.realmCode"/><definition value="When valued in an instance, this attribute signals the imposition of realm-specific constraints. The value of this attribute identifies the realm in question"/><min value="0"/><max value="*"/><base><path value="Section.realmCode"/><min value="0"/><max value="*"/></base><type><code value="http://hl7.org/fhir/cda/StructureDefinition/CS"/></type></element><element id="Section.typeId"><path value="Section.typeId"/><definition value="When valued in an instance, this attribute signals the imposition of constraints defined in an HL7-specified message type. This might be a common type (also known as CMET in the messaging communication environment), or content included within a wrapper. The value of this attribute provides a unique identifier for the type in question."/><min value="0"/><max value="1"/><base><path value="Section.typeId"/><min value="0"/><max value="1"/></base><type><code value="http://hl7.org/fhir/cda/StructureDefinition/II"/></type></element><element id="Section.templateId"><path value="Section.templateId"/><slicing><discriminator><type value="value"/><path value="root"/></discriminator><discriminator><type value="value"/><path value="extension"/></discriminator><rules value="open"/></slicing><definition value="SHALL contain exactly one [1..1] templateId (CONF:1098-7844) such that it"/><min value="0"/><max value="*"/><base><path value="Section.templateId"/><min value="0"/><max value="*"/></base><type><code value="http://hl7.org/fhir/cda/StructureDefinition/II"/></type></element><element id="Section.templateId:templateId1"><path value="Section.templateId"/><sliceName value="templateId1"/><short value="templateId"/><definition value="SHALL contain exactly one [1..1] templateId (CONF:1098-7844) such that it"/><min value="1"/><max value="1"/><base><path value="Section.templateId"/><min value="0"/><max value="*"/></base><type><code value="http://hl7.org/fhir/cda/StructureDefinition/II"/></type></element><element id="Section.classCode"><path value="Section.classCode"/><representation value="xmlAttr"/><min value="1"/><max value="1"/><base><path value="Section.classCode"/><min value="1"/><max value="1"/></base><type><code value="code"/></type><defaultValueCode value="DOCSECT"/><fixedCode value="DOCSECT"/><mustSupport value="true"/><binding><strength value="required"/><valueSet value="http://hl7.org/fhir/ValueSet/v3-ActClassOrganizer"/></binding></element><element id="Section.moodCode"><path value="Section.moodCode"/><representation value="xmlAttr"/><min value="1"/><max value="1"/><base><path value="Section.moodCode"/><min value="1"/><max value="1"/></base><type><code value="code"/></type><defaultValueCode value="EVN"/><fixedCode value="EVN"/><mustSupport value="true"/><binding><strength value="required"/><valueSet value="http://hl7.org/fhir/ValueSet/v3-ActMood"/></binding></element><element id="Section.id"><path value="Section.id"/><min value="0"/><max value="1"/><base><path value="Section.id"/><min value="0"/><max value="1"/></base><type><code value="http://hl7.org/fhir/cda/StructureDefinition/II"/></type></element><element id="Section.code"><path value="Section.code"/><short value="code"/><definition value="SHALL contain exactly one [1..1] code (CONF:1098-15427)."/><min value="1"/><max value="1"/><base><path value="Section.code"/><min value="0"/><max value="1"/></base><type><code value="http://hl7.org/fhir/cda/StructureDefinition/CE"/></type></element><element id="Section.title"><path value="Section.title"/><short value="title"/><definition value="SHALL contain exactly one [1..1] title (CONF:1098-7846)."/><min value="1"/><max value="1"/><base><path value="Section.title"/><min value="0"/><max value="1"/></base><type><code value="http://hl7.org/fhir/cda/StructureDefinition/ST"/></type></element><element id="Section.text"><path value="Section.text"/><representation value="cdaText"/><short value="text"/><definition value="SHALL contain exactly one [1..1] text (CONF:1098-7847)."/><min value="1"/><max value="1"/><base><path value="Section.text"/><min value="0"/><max value="1"/></base><type><code value="xhtml"/></type><mustSupport value="true"/></element><element id="Section.confidentialityCode"><path value="Section.confidentialityCode"/><min value="0"/><max value="1"/><base><path value="Section.confidentialityCode"/><min value="0"/><max value="1"/></base><type><code value="http://hl7.org/fhir/cda/StructureDefinition/CE"/></type></element><element id="Section.languageCode"><path value="Section.languageCode"/><min value="0"/><max value="1"/><base><path value="Section.languageCode"/><min value="0"/><max value="1"/></base><type><code value="http://hl7.org/fhir/cda/StructureDefinition/CS"/></type><binding><strength value="required"/><valueSet value="http://hl7.org/fhir/ValueSet/v3-HumanLanguage"/></binding></element><element id="Section.subject"><path value="Section.subject"/><min value="0"/><max value="1"/><base><path value="Section.subject"/><min value="0"/><max value="1"/></base><type><code value="Element"/></type></element><element id="Section.subject.nullFlavor"><path value="Section.subject.nullFlavor"/><representation value="xmlAttr"/><label value="Exceptional Value Detail"/><definition value="If a value is an exceptional value (NULL-value), this specifies in what way and why proper information is missing."/><min value="0"/><max value="1"/><base><path value="Section.subject.nullFlavor"/><min value="0"/><max value="1"/></base><type><code value="code"/></type><binding><strength value="required"/><valueSet value="http://hl7.org/fhir/ValueSet/v3-NullFlavor"/></binding></element><element id="Section.subject.realmCode"><path value="Section.subject.realmCode"/><definition value="When valued in an instance, this attribute signals the imposition of realm-specific constraints. The value of this attribute identifies the realm in question"/><min value="0"/><max value="*"/><base><path value="Section.subject.realmCode"/><min value="0"/><max value="*"/></base><type><code value="http://hl7.org/fhir/cda/StructureDefinition/CS"/></type></element><element id="Section.subject.typeId"><path value="Section.subject.typeId"/><definition value="When valued in an instance, this attribute signals the imposition of constraints defined in an HL7-specified message type. This might be a common type (also known as CMET in the messaging communication environment), or content included within a wrapper. The value of this attribute provides a unique identifier for the type in question."/><min value="0"/><max value="1"/><base><path value="Section.subject.typeId"/><min value="0"/><max value="1"/></base><type><code value="http://hl7.org/fhir/cda/StructureDefinition/II"/></type></element><element id="Section.subject.templateId"><path value="Section.subject.templateId"/><definition value="When valued in an instance, this attribute signals the imposition of a set of template-defined constraints. The value of this attribute provides a unique identifier for the templates in question"/><min value="0"/><max value="*"/><base><path value="Section.subject.templateId"/><min value="0"/><max value="*"/></base><type><code value="http://hl7.org/fhir/cda/StructureDefinition/II"/></type></element><element id="Section.subject.typeCode"><path value="Section.subject.typeCode"/><representation value="xmlAttr"/><min value="1"/><max value="1"/><base><path value="Section.subject.typeCode"/><min value="1"/><max value="1"/></base><type><code value="code"/></type><defaultValueCode value="SBJ"/><fixedCode value="SBJ"/><mustSupport value="true"/><binding><strength value="required"/><valueSet value="http://hl7.org/fhir/ValueSet/v3-ParticipationTargetSubject"/></binding></element><element id="Section.subject.contextControlCode"><path value="Section.subject.contextControlCode"/><representation value="xmlAttr"/><min value="1"/><max value="1"/><base><path value="Section.subject.contextControlCode"/><min value="1"/><max value="1"/></base><type><code value="code"/></type><defaultValueCode value="OP"/><fixedCode value="OP"/><mustSupport value="true"/><binding><strength value="required"/><valueSet value="http://hl7.org/fhir/ValueSet/v3-ContextControl"/></binding></element><element id="Section.subject.awarenessCode"><path value="Section.subject.awarenessCode"/><min value="0"/><max value="1"/><base><path value="Section.subject.awarenessCode"/><min value="0"/><max value="1"/></base><type><code value="http://hl7.org/fhir/cda/StructureDefinition/CE"/></type><binding><strength value="extensible"/><valueSet value="http://hl7.org/fhir/ValueSet/v3-TargetAwareness"/></binding></element><element id="Section.subject.relatedSubject"><path value="Section.subject.relatedSubject"/><min value="1"/><max value="1"/><base><path value="Section.subject.relatedSubject"/><min value="1"/><max value="1"/></base><type><code value="http://hl7.org/fhir/cda/StructureDefinition/RelatedSubject"/></type></element><element id="Section.author"><path value="Section.author"/><min value="0"/><max value="*"/><base><path value="Section.author"/><min value="0"/><max value="*"/></base><type><code value="Element"/></type></element><element id="Section.author.nullFlavor"><path value="Section.author.nullFlavor"/><representation value="xmlAttr"/><label value="Exceptional Value Detail"/><definition value="If a value is an exceptional value (NULL-value), this specifies in what way and why proper information is missing."/><min value="0"/><max value="1"/><base><path value="Section.author.nullFlavor"/><min value="0"/><max value="1"/></base><type><code value="code"/></type><binding><strength value="required"/><valueSet value="http://hl7.org/fhir/ValueSet/v3-NullFlavor"/></binding></element><element id="Section.author.realmCode"><path value="Section.author.realmCode"/><definition value="When valued in an instance, this attribute signals the imposition of realm-specific constraints. The value of this attribute identifies the realm in question"/><min value="0"/><max value="*"/><base><path value="Section.author.realmCode"/><min value="0"/><max value="*"/></base><type><code value="http://hl7.org/fhir/cda/StructureDefinition/CS"/></type></element><element id="Section.author.typeId"><path value="Section.author.typeId"/><definition value="When valued in an instance, this attribute signals the imposition of constraints defined in an HL7-specified message type. This might be a common type (also known as CMET in the messaging communication environment), or content included within a wrapper. The value of this attribute provides a unique identifier for the type in question."/><min value="0"/><max value="1"/><base><path value="Section.author.typeId"/><min value="0"/><max value="1"/></base><type><code value="http://hl7.org/fhir/cda/StructureDefinition/II"/></type></element><element id="Section.author.templateId"><path value="Section.author.templateId"/><definition value="When valued in an instance, this attribute signals the imposition of a set of template-defined constraints. The value of this attribute provides a unique identifier for the templates in question"/><min value="0"/><max value="*"/><base><path value="Section.author.templateId"/><min value="0"/><max value="*"/></base><type><code value="http://hl7.org/fhir/cda/StructureDefinition/II"/></type></element><element id="Section.author.typeCode"><path value="Section.author.typeCode"/><representation value="xmlAttr"/><min value="1"/><max value="1"/><base><path value="Section.author.typeCode"/><min value="1"/><max value="1"/></base><type><code value="code"/></type><defaultValueCode value="AUT"/><fixedCode value="AUT"/><mustSupport value="true"/><binding><strength value="required"/><valueSet value="http://hl7.org/fhir/ValueSet/v3-ParticipationInformationTranscriber"/></binding></element><element id="Section.author.functionCode"><path value="Section.author.functionCode"/><min value="0"/><max value="1"/><base><path value="Section.author.functionCode"/><min value="0"/><max value="1"/></base><type><code value="http://hl7.org/fhir/cda/StructureDefinition/CE"/></type><binding><strength value="extensible"/><valueSet value="http://hl7.org/fhir/ValueSet/v3-ParticipationFunction"/></binding></element><element id="Section.author.contextControlCode"><path value="Section.author.contextControlCode"/><representation value="xmlAttr"/><min value="1"/><max value="1"/><base><path value="Section.author.contextControlCode"/><min value="1"/><max value="1"/></base><type><code value="code"/></type><defaultValueCode value="OP"/><fixedCode value="OP"/><mustSupport value="true"/><binding><strength value="required"/><valueSet value="http://hl7.org/fhir/ValueSet/v3-ContextControl"/></binding></element><element id="Section.author.time"><path value="Section.author.time"/><min value="1"/><max value="1"/><base><path value="Section.author.time"/><min value="1"/><max value="1"/></base><type><code value="http://hl7.org/fhir/cda/StructureDefinition/TS"/></type><mustSupport value="true"/></element><element id="Section.author.assignedAuthor"><path value="Section.author.assignedAuthor"/><min value="1"/><max value="1"/><base><path value="Section.author.assignedAuthor"/><min value="1"/><max value="1"/></base><type><code value="http://hl7.org/fhir/cda/StructureDefinition/AssignedAuthor"/></type></element><element id="Section.informant"><path value="Section.informant"/><min value="0"/><max value="*"/><base><path value="Section.informant"/><min value="0"/><max value="*"/></base><type><code value="Element"/></type></element><element id="Section.informant.nullFlavor"><path value="Section.informant.nullFlavor"/><representation value="xmlAttr"/><label value="Exceptional Value Detail"/><definition value="If a value is an exceptional value (NULL-value), this specifies in what way and why proper information is missing."/><min value="0"/><max value="1"/><base><path value="Section.informant.nullFlavor"/><min value="0"/><max value="1"/></base><type><code value="code"/></type><binding><strength value="required"/><valueSet value="http://hl7.org/fhir/ValueSet/v3-NullFlavor"/></binding></element><element id="Section.informant.realmCode"><path value="Section.informant.realmCode"/><definition value="When valued in an instance, this attribute signals the imposition of realm-specific constraints. The value of this attribute identifies the realm in question"/><min value="0"/><max value="*"/><base><path value="Section.informant.realmCode"/><min value="0"/><max value="*"/></base><type><code value="http://hl7.org/fhir/cda/StructureDefinition/CS"/></type></element><element id="Section.informant.typeId"><path value="Section.informant.typeId"/><definition value="When valued in an instance, this attribute signals the imposition of constraints defined in an HL7-specified message type. This might be a common type (also known as CMET in the messaging communication environment), or content included within a wrapper. The value of this attribute provides a unique identifier for the type in question."/><min value="0"/><max value="1"/><base><path value="Section.informant.typeId"/><min value="0"/><max value="1"/></base><type><code value="http://hl7.org/fhir/cda/StructureDefinition/II"/></type></element><element id="Section.informant.templateId"><path value="Section.informant.templateId"/><definition value="When valued in an instance, this attribute signals the imposition of a set of template-defined constraints. The value of this attribute provides a unique identifier for the templates in question"/><min value="0"/><max value="*"/><base><path value="Section.informant.templateId"/><min value="0"/><max value="*"/></base><type><code value="http://hl7.org/fhir/cda/StructureDefinition/II"/></type></element><element id="Section.informant.typeCode"><path value="Section.informant.typeCode"/><representation value="xmlAttr"/><min value="1"/><max value="1"/><base><path value="Section.informant.typeCode"/><min value="1"/><max value="1"/></base><type><code value="code"/></type><defaultValueCode value="INF"/><fixedCode value="INF"/><mustSupport value="true"/><binding><strength value="required"/><valueSet value="http://hl7.org/fhir/ValueSet/v3-ParticipationInformationGenerator"/></binding></element><element id="Section.informant.contextControlCode"><path value="Section.informant.contextControlCode"/><representation value="xmlAttr"/><min value="1"/><max value="1"/><base><path value="Section.informant.contextControlCode"/><min value="1"/><max value="1"/></base><type><code value="code"/></type><defaultValueCode value="OP"/><fixedCode value="OP"/><mustSupport value="true"/><binding><strength value="required"/><valueSet value="http://hl7.org/fhir/ValueSet/v3-ContextControl"/></binding></element><element id="Section.informant.assignedEntity"><path value="Section.informant.assignedEntity"/><min value="0"/><max value="1"/><base><path value="Section.informant.assignedEntity"/><min value="0"/><max value="1"/></base><type><code value="http://hl7.org/fhir/cda/StructureDefinition/AssignedEntity"/></type></element><element id="Section.informant.relatedEntity"><path value="Section.informant.relatedEntity"/><min value="0"/><max value="1"/><base><path value="Section.informant.relatedEntity"/><min value="0"/><max value="1"/></base><type><code value="http://hl7.org/fhir/cda/StructureDefinition/RelatedEntity"/></type></element><element id="Section.entry"><path value="Section.entry"/><slicing><discriminator><type value="value"/><path value="act"/></discriminator><rules value="open"/></slicing><definition value="MAY contain zero or more [0..*] entry (CONF:1098-30808) such that it"/><min value="0"/><max value="*"/><base><path value="Section.entry"/><min value="0"/><max value="*"/></base><type><code value="Element"/></type></element><element id="Section.entry.nullFlavor"><path value="Section.entry.nullFlavor"/><representation value="xmlAttr"/><label value="Exceptional Value Detail"/><definition value="If a value is an exceptional value (NULL-value), this specifies in what way and why proper information is missing."/><min value="0"/><max value="1"/><base><path value="Section.entry.nullFlavor"/><min value="0"/><max value="1"/></base><type><code value="code"/></type><binding><strength value="required"/><valueSet value="http://hl7.org/fhir/ValueSet/v3-NullFlavor"/></binding></element><element id="Section.entry.realmCode"><path value="Section.entry.realmCode"/><definition value="When valued in an instance, this attribute signals the imposition of realm-specific constraints. The value of this attribute identifies the realm in question"/><min value="0"/><max value="*"/><base><path value="Section.entry.realmCode"/><min value="0"/><max value="*"/></base><type><code value="http://hl7.org/fhir/cda/StructureDefinition/CS"/></type></element><element id="Section.entry.typeId"><path value="Section.entry.typeId"/><definition value="When valued in an instance, this attribute signals the imposition of constraints defined in an HL7-specified message type. This might be a common type (also known as CMET in the messaging communication environment), or content included within a wrapper. The value of this attribute provides a unique identifier for the type in question."/><min value="0"/><max value="1"/><base><path value="Section.entry.typeId"/><min value="0"/><max value="1"/></base><type><code value="http://hl7.org/fhir/cda/StructureDefinition/II"/></type></element><element id="Section.entry.templateId"><path value="Section.entry.templateId"/><definition value="When valued in an instance, this attribute signals the imposition of a set of template-defined constraints. The value of this attribute provides a unique identifier for the templates in question"/><min value="0"/><max value="*"/><base><path value="Section.entry.templateId"/><min value="0"/><max value="*"/></base><type><code value="http://hl7.org/fhir/cda/StructureDefinition/II"/></type></element><element id="Section.entry.typeCode"><path value="Section.entry.typeCode"/><representation value="xmlAttr"/><min value="1"/><max value="1"/><base><path value="Section.entry.typeCode"/><min value="1"/><max value="1"/></base><type><code value="code"/></type><defaultValueCode value="COMP"/><mustSupport value="true"/></element><element id="Section.entry.contextConductionInd"><path value="Section.entry.contextConductionInd"/><representation value="xmlAttr"/><min value="1"/><max value="1"/><base><path value="Section.entry.contextConductionInd"/><min value="1"/><max value="1"/></base><type><code value="boolean"/></type><defaultValueBoolean value="true"/><mustSupport value="true"/></element><element id="Section.entry.observation"><path value="Section.entry.observation"/><min value="0"/><max value="1"/><base><path value="Section.entry.observation"/><min value="0"/><max value="1"/></base><type><code value="http://hl7.org/fhir/cda/StructureDefinition/Observation"/></type></element><element id="Section.entry.regionOfInterest"><path value="Section.entry.regionOfInterest"/><min value="0"/><max value="1"/><base><path value="Section.entry.regionOfInterest"/><min value="0"/><max value="1"/></base><type><code value="http://hl7.org/fhir/cda/StructureDefinition/RegionOfInterest"/></type></element><element id="Section.entry.observationMedia"><path value="Section.entry.observationMedia"/><min value="0"/><max value="1"/><base><path value="Section.entry.observationMedia"/><min value="0"/><max value="1"/></base><type><code value="http://hl7.org/fhir/cda/StructureDefinition/ObservationMedia"/></type></element><element id="Section.entry.substanceAdministration"><path value="Section.entry.substanceAdministration"/><min value="0"/><max value="1"/><base><path value="Section.entry.substanceAdministration"/><min value="0"/><max value="1"/></base><type><code value="http://hl7.org/fhir/cda/StructureDefinition/SubstanceAdministration"/></type></element><element id="Section.entry.supply"><path value="Section.entry.supply"/><min value="0"/><max value="1"/><base><path value="Section.entry.supply"/><min value="0"/><max value="1"/></base><type><code value="http://hl7.org/fhir/cda/StructureDefinition/Supply"/></type></element><element id="Section.entry.procedure"><path value="Section.entry.procedure"/><min value="0"/><max value="1"/><base><path value="Section.entry.procedure"/><min value="0"/><max value="1"/></base><type><code value="http://hl7.org/fhir/cda/StructureDefinition/Procedure"/></type></element><element id="Section.entry.encounter"><path value="Section.entry.encounter"/><min value="0"/><max value="1"/><base><path value="Section.entry.encounter"/><min value="0"/><max value="1"/></base><type><code value="http://hl7.org/fhir/cda/StructureDefinition/Encounter"/></type></element><element id="Section.entry.organizer"><path value="Section.entry.organizer"/><min value="0"/><max value="1"/><base><path value="Section.entry.organizer"/><min value="0"/><max value="1"/></base><type><code value="http://hl7.org/fhir/cda/StructureDefinition/Organizer"/></type></element><element id="Section.entry.act"><path value="Section.entry.act"/><min value="0"/><max value="1"/><base><path value="Section.entry.act"/><min value="0"/><max value="1"/></base><type><code value="http://hl7.org/fhir/cda/StructureDefinition/Act"/></type></element><element id="Section.entry:entry1"><path value="Section.entry"/><sliceName value="entry1"/><short value="entry"/><definition value="MAY contain zero or more [0..*] entry (CONF:1098-30808) such that it"/><min value="0"/><max value="*"/><base><path value="Section.entry"/><min value="0"/><max value="*"/></base><type><code value="Element"/></type></element><element id="Section.entry:entry1.nullFlavor"><path value="Section.entry.nullFlavor"/><representation value="xmlAttr"/><label value="Exceptional Value Detail"/><definition value="If a value is an exceptional value (NULL-value), this specifies in what way and why proper information is missing."/><min value="0"/><max value="1"/><base><path value="Section.entry.nullFlavor"/><min value="0"/><max value="1"/></base><type><code value="code"/></type><binding><strength value="required"/><valueSet value="http://hl7.org/fhir/ValueSet/v3-NullFlavor"/></binding></element><element id="Section.entry:entry1.realmCode"><path value="Section.entry.realmCode"/><definition value="When valued in an instance, this attribute signals the imposition of realm-specific constraints. The value of this attribute identifies the realm in question"/><min value="0"/><max value="*"/><base><path value="Section.entry.realmCode"/><min value="0"/><max value="*"/></base><type><code value="http://hl7.org/fhir/cda/StructureDefinition/CS"/></type></element><element id="Section.entry:entry1.typeId"><path value="Section.entry.typeId"/><definition value="When valued in an instance, this attribute signals the imposition of constraints defined in an HL7-specified message type. This might be a common type (also known as CMET in the messaging communication environment), or content included within a wrapper. The value of this attribute provides a unique identifier for the type in question."/><min value="0"/><max value="1"/><base><path value="Section.entry.typeId"/><min value="0"/><max value="1"/></base><type><code value="http://hl7.org/fhir/cda/StructureDefinition/II"/></type></element><element id="Section.entry:entry1.templateId"><path value="Section.entry.templateId"/><definition value="When valued in an instance, this attribute signals the imposition of a set of template-defined constraints. The value of this attribute provides a unique identifier for the templates in question"/><min value="0"/><max value="*"/><base><path value="Section.entry.templateId"/><min value="0"/><max value="*"/></base><type><code value="http://hl7.org/fhir/cda/StructureDefinition/II"/></type></element><element id="Section.entry:entry1.typeCode"><path value="Section.entry.typeCode"/><representation value="xmlAttr"/><min value="1"/><max value="1"/><base><path value="Section.entry.typeCode"/><min value="1"/><max value="1"/></base><type><code value="code"/></type><defaultValueCode value="COMP"/><mustSupport value="true"/></element><element id="Section.entry:entry1.contextConductionInd"><path value="Section.entry.contextConductionInd"/><representation value="xmlAttr"/><min value="1"/><max value="1"/><base><path value="Section.entry.contextConductionInd"/><min value="1"/><max value="1"/></base><type><code value="boolean"/></type><defaultValueBoolean value="true"/><mustSupport value="true"/></element><element id="Section.entry:entry1.observation"><path value="Section.entry.observation"/><min value="0"/><max value="1"/><base><path value="Section.entry.observation"/><min value="0"/><max value="1"/></base><type><code value="http://hl7.org/fhir/cda/StructureDefinition/Observation"/></type></element><element id="Section.entry:entry1.regionOfInterest"><path value="Section.entry.regionOfInterest"/><min value="0"/><max value="1"/><base><path value="Section.entry.regionOfInterest"/><min value="0"/><max value="1"/></base><type><code value="http://hl7.org/fhir/cda/StructureDefinition/RegionOfInterest"/></type></element><element id="Section.entry:entry1.observationMedia"><path value="Section.entry.observationMedia"/><min value="0"/><max value="1"/><base><path value="Section.entry.observationMedia"/><min value="0"/><max value="1"/></base><type><code value="http://hl7.org/fhir/cda/StructureDefinition/ObservationMedia"/></type></element><element id="Section.entry:entry1.substanceAdministration"><path value="Section.entry.substanceAdministration"/><min value="0"/><max value="1"/><base><path value="Section.entry.substanceAdministration"/><min value="0"/><max value="1"/></base><type><code value="http://hl7.org/fhir/cda/StructureDefinition/SubstanceAdministration"/></type></element><element id="Section.entry:entry1.supply"><path value="Section.entry.supply"/><min value="0"/><max value="1"/><base><path value="Section.entry.supply"/><min value="0"/><max value="1"/></base><type><code value="http://hl7.org/fhir/cda/StructureDefinition/Supply"/></type></element><element id="Section.entry:entry1.procedure"><path value="Section.entry.procedure"/><min value="0"/><max value="1"/><base><path value="Section.entry.procedure"/><min value="0"/><max value="1"/></base><type><code value="http://hl7.org/fhir/cda/StructureDefinition/Procedure"/></type></element><element id="Section.entry:entry1.encounter"><path value="Section.entry.encounter"/><min value="0"/><max value="1"/><base><path value="Section.entry.encounter"/><min value="0"/><max value="1"/></base><type><code value="http://hl7.org/fhir/cda/StructureDefinition/Encounter"/></type></element><element id="Section.entry:entry1.organizer"><path value="Section.entry.organizer"/><min value="0"/><max value="1"/><base><path value="Section.entry.organizer"/><min value="0"/><max value="1"/></base><type><code value="http://hl7.org/fhir/cda/StructureDefinition/Organizer"/></type></element><element id="Section.entry:entry1.act:entry1"><path value="Section.entry.act"/><sliceName value="entry1"/><short value="act"/><definition value="SHALL contain exactly one [1..1] Patient Referral Act (identifier: urn:oid:2.16.840.1.113883.10.20.22.4.140) (CONF:1098-30897)."/><min value="1"/><max value="1"/><base><path value="Section.entry.act"/><min value="0"/><max value="1"/></base><type><code value="http://hl7.org/fhir/cda/StructureDefinition/Act"/><targetProfile value="http://hl7.org/cda/us/ccda/StructureDefinition/2.16.840.1.113883.10.20.22.4.140"/></type></element><element id="Section.component"><path value="Section.component"/><min value="0"/><max value="*"/><base><path value="Section.component"/><min value="0"/><max value="*"/></base><type><code value="Element"/></type></element><element id="Section.component.nullFlavor"><path value="Section.component.nullFlavor"/><representation value="xmlAttr"/><label value="Exceptional Value Detail"/><definition value="If a value is an exceptional value (NULL-value), this specifies in what way and why proper information is missing."/><min value="0"/><max value="1"/><base><path value="Section.component.nullFlavor"/><min value="0"/><max value="1"/></base><type><code value="code"/></type><binding><strength value="required"/><valueSet value="http://hl7.org/fhir/ValueSet/v3-NullFlavor"/></binding></element><element id="Section.component.realmCode"><path value="Section.component.realmCode"/><definition value="When valued in an instance, this attribute signals the imposition of realm-specific constraints. The value of this attribute identifies the realm in question"/><min value="0"/><max value="*"/><base><path value="Section.component.realmCode"/><min value="0"/><max value="*"/></base><type><code value="http://hl7.org/fhir/cda/StructureDefinition/CS"/></type></element><element id="Section.component.typeId"><path value="Section.component.typeId"/><definition value="When valued in an instance, this attribute signals the imposition of constraints defined in an HL7-specified message type. This might be a common type (also known as CMET in the messaging communication environment), or content included within a wrapper. The value of this attribute provides a unique identifier for the type in question."/><min value="0"/><max value="1"/><base><path value="Section.component.typeId"/><min value="0"/><max value="1"/></base><type><code value="http://hl7.org/fhir/cda/StructureDefinition/II"/></type></element><element id="Section.component.templateId"><path value="Section.component.templateId"/><definition value="When valued in an instance, this attribute signals the imposition of a set of template-defined constraints. The value of this attribute provides a unique identifier for the templates in question"/><min value="0"/><max value="*"/><base><path value="Section.component.templateId"/><min value="0"/><max value="*"/></base><type><code value="http://hl7.org/fhir/cda/StructureDefinition/II"/></type></element><element id="Section.component.typeCode"><path value="Section.component.typeCode"/><representation value="xmlAttr"/><definition value="Drawn from concept domain DocumentSectionType"/><min value="1"/><max value="1"/><base><path value="Section.component.typeCode"/><min value="1"/><max value="1"/></base><type><code value="code"/></type><defaultValueCode value="COMP"/><fixedCode value="COMP"/><mustSupport value="true"/></element><element id="Section.component.contextConductionInd"><path value="Section.component.contextConductionInd"/><representation value="xmlAttr"/><min value="1"/><max value="1"/><base><path value="Section.component.contextConductionInd"/><min value="1"/><max value="1"/></base><type><code value="boolean"/></type><defaultValueBoolean value="true"/><mustSupport value="true"/></element><element id="Section.component.section"><path value="Section.component.section"/><min value="1"/><max value="1"/><base><path value="Section.component.section"/><min value="1"/><max value="1"/></base><type><code value="http://hl7.org/fhir/cda/StructureDefinition/Section"/></type></element></snapshot><differential><element id="Section"><path value="Section"/></element><element id="Section.templateId"><path value="Section.templateId"/><slicing><discriminator><type value="value"/><path value="root"/></discriminator><discriminator><type value="value"/><path value="extension"/></discriminator><rules value="open"/></slicing><definition value="SHALL contain exactly one [1..1] templateId (CONF:1098-7844) such that it"/></element><element id="Section.templateId:templateId1"><path value="Section.templateId"/><sliceName value="templateId1"/><short value="templateId"/><definition value="SHALL contain exactly one [1..1] templateId (CONF:1098-7844) such that it"/><min value="1"/><max value="1"/></element><element id="Section.templateId:templateId1.root:templateId1"><path value="Section.templateId.root"/><sliceName value="templateId1"/><short value="root"/><definition value="SHALL contain exactly one [1..1] @root=&quot;1.3.6.1.4.1.19376.1.5.3.1.3.1&quot; (CONF:1098-10468)."/><min value="1"/><max value="1"/><patternString value="1.3.6.1.4.1.19376.1.5.3.1.3.1"/></element><element id="Section.templateId:templateId1.extension:templateId1"><path value="Section.templateId.extension"/><sliceName value="templateId1"/><short value="extension"/><definition value="SHALL contain exactly one [1..1] @extension=&quot;2014-06-09&quot; (CONF:1098-32571)."/><min value="1"/><max value="1"/><patternString value="2014-06-09"/></element><element id="Section.code"><path value="Section.code"/><short value="code"/><definition value="SHALL contain exactly one [1..1] code (CONF:1098-15427)."/><min value="1"/><max value="1"/></element><element id="Section.code.code"><path value="Section.code.code"/><short value="code"/><definition value="This code SHALL contain exactly one [1..1] @code=&quot;42349-1&quot; Reason for Referral (CONF:1098-15428)."/><min value="1"/><max value="1"/><patternString value="42349-1"/></element><element id="Section.code.codeSystem"><path value="Section.code.codeSystem"/><short value="codeSystem"/><definition value="This code SHALL contain exactly one [1..1] @codeSystem=&quot;2.16.840.1.113883.6.1&quot; (CodeSystem: LOINC urn:oid:2.16.840.1.113883.6.1) (CONF:1098-30867)."/><min value="1"/><max value="1"/><patternString value="2.16.840.1.113883.6.1"/></element><element id="Section.title"><path value="Section.title"/><short value="title"/><definition value="SHALL contain exactly one [1..1] title (CONF:1098-7846)."/><min value="1"/><max value="1"/></element><element id="Section.text"><path value="Section.text"/><short value="text"/><definition value="SHALL contain exactly one [1..1] text (CONF:1098-7847)."/><min value="1"/><max value="1"/></element><element id="Section.entry"><path value="Section.entry"/><slicing><discriminator><type value="value"/><path value="act"/></discriminator><rules value="open"/></slicing><definition value="MAY contain zero or more [0..*] entry (CONF:1098-30808) such that it"/></element><element id="Section.entry:entry1"><path value="Section.entry"/><sliceName value="entry1"/><short value="entry"/><definition value="MAY contain zero or more [0..*] entry (CONF:1098-30808) such that it"/><min value="0"/><max value="*"/></element><element id="Section.entry:entry1.act:entry1"><path value="Section.entry.act"/><sliceName value="entry1"/><short value="act"/><definition value="SHALL contain exactly one [1..1] Patient Referral Act (identifier: urn:oid:2.16.840.1.113883.10.20.22.4.140) (CONF:1098-30897)."/><min value="1"/><max value="1"/><type><code value="http://hl7.org/fhir/cda/StructureDefinition/Act"/><targetProfile value="http://hl7.org/cda/us/ccda/StructureDefinition/2.16.840.1.113883.10.20.22.4.140"/></type></element></differential></StructureDefinition>