<?xml version="1.0" encoding="UTF-8"?><StructureDefinition xmlns="http://hl7.org/fhir"><id value="2.16.840.1.113883.10.20.22.2.10"/><text><status value="generated"/><div xmlns="http://www.w3.org/1999/xhtml"><table border="0" cellpadding="0" cellspacing="0" style="border: 0px #F0F0F0 solid; font-size: 11px; font-family: verdana; vertical-align: top;"><tr style="border: 1px #F0F0F0 solid; font-size: 11px; font-family: verdana; vertical-align: top;"><th style="vertical-align: top; text-align : left; background-color: white; border: 0px #F0F0F0 solid; padding:0px 4px 0px 4px" class="hierarchy"><a href="http://hl7.org/fhir/R4/formats.html#table" title="The logical name of the element">Name</a></th><th style="vertical-align: top; text-align : left; background-color: white; border: 0px #F0F0F0 solid; padding:0px 4px 0px 4px" class="hierarchy"><a href="http://hl7.org/fhir/R4/formats.html#table" title="Information about the use of the element">Flags</a></th><th style="vertical-align: top; text-align : left; background-color: white; border: 0px #F0F0F0 solid; padding:0px 4px 0px 4px" class="hierarchy"><a href="http://hl7.org/fhir/R4/formats.html#table" title="Minimum and Maximum # of times the the element can appear in the instance">Card.</a></th><th style="width: 100px" class="hierarchy"><a href="http://hl7.org/fhir/R4/formats.html#table" title="Reference to the type of the element">Type</a></th><th style="vertical-align: top; text-align : left; background-color: white; border: 0px #F0F0F0 solid; padding:0px 4px 0px 4px" class="hierarchy"><a href="http://hl7.org/fhir/R4/formats.html#table" title="Additional information about the element">Description &amp; Constraints</a><span style="float: right"><a href="http://hl7.org/fhir/R4/formats.html#table" title="Legend for this format"><img src="http://hl7.org/fhir/R4/help16.png" alt="doco" style="background-color: inherit"/></a></span></th></tr><tr style="border: 0px #F0F0F0 solid; padding:0px; vertical-align: top; background-color: white;"><td style="vertical-align: top; text-align : left; background-color: white; border: 0px #F0F0F0 solid; padding:0px 4px 0px 4px; white-space: nowrap; background-image: url(tbl_bck1.png)" class="hierarchy"><img src="tbl_spacer.png" alt="." style="background-color: inherit" class="hierarchy"/><img src="icon_element.gif" alt="." style="background-color: white; background-color: inherit" title="Element" class="hierarchy"/> <a href="{{[type]}}-{{[id]}}-definitions.html#Section" title="null">Section</a><a name="Section"> </a></td><td style="vertical-align: top; text-align : left; background-color: white; border: 0px #F0F0F0 solid; padding:0px 4px 0px 4px" class="hierarchy"/><td style="vertical-align: top; text-align : left; background-color: white; border: 0px #F0F0F0 solid; padding:0px 4px 0px 4px" class="hierarchy"><span style="opacity: 0.4">1</span><span style="opacity: 0.5">..</span><span style="opacity: 0.4">1</span></td><td style="vertical-align: top; text-align : left; background-color: white; border: 0px #F0F0F0 solid; padding:0px 4px 0px 4px" class="hierarchy"><a href="file://C:\Users\sean.mcilvenna\Code\cda-core-2.0\output/{{[type]}}-Section.html">CDAR2.Section</a></td><td style="vertical-align: top; text-align : left; background-color: white; border: 0px #F0F0F0 solid; padding:0px 4px 0px 4px" class="hierarchy"/></tr>
<tr style="border: 0px #F0F0F0 solid; padding:0px; vertical-align: top; background-color: #F7F7F7;"><td style="vertical-align: top; text-align : left; background-color: #F7F7F7; border: 0px #F0F0F0 solid; padding:0px 4px 0px 4px; white-space: nowrap; background-image: url(tbl_bck13.png)" class="hierarchy"><img src="tbl_spacer.png" alt="." style="background-color: inherit" class="hierarchy"/><img src="tbl_vjoin.png" alt="." style="background-color: inherit" class="hierarchy"/><img src="icon_slice.png" alt="." style="background-color: #F7F7F7; background-color: inherit" title="Slice Definition" class="hierarchy"/> <a style="font-style: italic" href="{{[type]}}-{{[id]}}-definitions.html#Section.templateId" title="SHALL contain exactly one [1..1] templateId (CONF:1098-7723) such that it">templateId</a><a name="Section.templateId"> </a></td><td style="vertical-align: top; text-align : left; background-color: #F7F7F7; border: 0px #F0F0F0 solid; padding:0px 4px 0px 4px" class="hierarchy"/><td style="vertical-align: top; text-align : left; background-color: #F7F7F7; border: 0px #F0F0F0 solid; padding:0px 4px 0px 4px" class="hierarchy"><span style="font-style: italic"/><span style="opacity: 0.4; font-style: italic">0</span><span style="opacity: 0.5; font-style: italic">..</span><span style="opacity: 0.4; font-style: italic">*</span></td><td style="vertical-align: top; text-align : left; background-color: #F7F7F7; border: 0px #F0F0F0 solid; padding:0px 4px 0px 4px" class="hierarchy"><a style="font-style: italic" href="http://hl7.org/fhir/R4/profiling.html#slicing">(Slice Definition)</a></td><td style="vertical-align: top; text-align : left; background-color: #F7F7F7; border: 0px #F0F0F0 solid; padding:0px 4px 0px 4px" class="hierarchy"><span style="font-weight:bold; font-style: italic">Slice: </span><span style="font-style: italic">Unordered, Open by value:root, value:extension</span></td></tr>
<tr style="border: 0px #F0F0F0 solid; padding:0px; vertical-align: top; background-color: white;"><td style="vertical-align: top; text-align : left; background-color: white; border: 0px #F0F0F0 solid; padding:0px 4px 0px 4px; white-space: nowrap; background-image: url(tbl_bck125.png)" class="hierarchy"><img src="tbl_spacer.png" alt="." style="background-color: inherit" class="hierarchy"/><img src="tbl_vline.png" alt="." style="background-color: inherit" class="hierarchy"/><img src="tbl_vjoin_end_slicer.png" alt="." style="background-color: inherit" class="hierarchy"/><img src="icon_slice_item.png" alt="." style="background-color: white; background-color: inherit" title="Slice Item" class="hierarchy"/> <a href="{{[type]}}-{{[id]}}-definitions.html#Section.templateId:templateId1" title="Slice templateId1: SHALL contain exactly one [1..1] templateId (CONF:1098-7723) such that it">templateId:templateId1</a><a name="Section.templateId"> </a></td><td style="vertical-align: top; text-align : left; background-color: white; border: 0px #F0F0F0 solid; padding:0px 4px 0px 4px" class="hierarchy"/><td style="vertical-align: top; text-align : left; background-color: white; border: 0px #F0F0F0 solid; padding:0px 4px 0px 4px" class="hierarchy">1..1</td><td style="vertical-align: top; text-align : left; background-color: white; border: 0px #F0F0F0 solid; padding:0px 4px 0px 4px" class="hierarchy"><a style="opacity: 0.4" href="file://C:\Users\sean.mcilvenna\Code\cda-core-2.0\output/{{[type]}}-II.html">II</a></td><td style="vertical-align: top; text-align : left; background-color: white; border: 0px #F0F0F0 solid; padding:0px 4px 0px 4px" class="hierarchy">templateId</td></tr>
<tr style="border: 0px #F0F0F0 solid; padding:0px; vertical-align: top; background-color: #F7F7F7;"><td style="vertical-align: top; text-align : left; background-color: #F7F7F7; border: 0px #F0F0F0 solid; padding:0px 4px 0px 4px; white-space: nowrap; background-image: url(tbl_bck1254.png)" class="hierarchy"><img src="tbl_spacer.png" alt="." style="background-color: inherit" class="hierarchy"/><img src="tbl_vline.png" alt="." style="background-color: inherit" class="hierarchy"/><img src="tbl_blank.png" alt="." style="background-color: inherit" class="hierarchy"/><img src="tbl_vjoin_slice.png" alt="." style="background-color: inherit" class="hierarchy"/><img src="icon_slice_item.png" alt="." style="background-color: #F7F7F7; background-color: inherit" title="Slice Item" class="hierarchy"/> <a href="{{[type]}}-{{[id]}}-definitions.html#Section.templateId:templateId1.root:templateId1" title="Slice templateId1: SHALL contain exactly one [1..1] @root=&quot;2.16.840.1.113883.10.20.22.2.10&quot; (CONF:1098-10435).">root:templateId1</a><a name="Section.templateId.root"> </a></td><td style="vertical-align: top; text-align : left; background-color: #F7F7F7; border: 0px #F0F0F0 solid; padding:0px 4px 0px 4px" class="hierarchy"/><td style="vertical-align: top; text-align : left; background-color: #F7F7F7; border: 0px #F0F0F0 solid; padding:0px 4px 0px 4px" class="hierarchy">1..1</td><td style="vertical-align: top; text-align : left; background-color: #F7F7F7; border: 0px #F0F0F0 solid; padding:0px 4px 0px 4px" class="hierarchy"/><td style="vertical-align: top; text-align : left; background-color: #F7F7F7; border: 0px #F0F0F0 solid; padding:0px 4px 0px 4px" class="hierarchy">root<br/><span style="font-weight:bold">Required Pattern: </span><span style="color: darkgreen">2.16.840.1.113883.10.20.22.2.10</span></td></tr>
<tr style="border: 0px #F0F0F0 solid; padding:0px; vertical-align: top; background-color: white;"><td style="vertical-align: top; text-align : left; background-color: white; border: 0px #F0F0F0 solid; padding:0px 4px 0px 4px; white-space: nowrap; background-image: url(tbl_bck1244.png)" class="hierarchy"><img src="tbl_spacer.png" alt="." style="background-color: inherit" class="hierarchy"/><img src="tbl_vline.png" alt="." style="background-color: inherit" class="hierarchy"/><img src="tbl_blank.png" alt="." style="background-color: inherit" class="hierarchy"/><img src="tbl_vjoin_end_slice.png" alt="." style="background-color: inherit" class="hierarchy"/><img src="icon_slice_item.png" alt="." style="background-color: white; background-color: inherit" title="Slice Item" class="hierarchy"/> <a href="{{[type]}}-{{[id]}}-definitions.html#Section.templateId:templateId1.extension:templateId1" title="Slice templateId1: SHALL contain exactly one [1..1] @extension=&quot;2014-06-09&quot; (CONF:1098-32501).">extension:templateId1</a><a name="Section.templateId.extension"> </a></td><td style="vertical-align: top; text-align : left; background-color: white; border: 0px #F0F0F0 solid; padding:0px 4px 0px 4px" class="hierarchy"/><td style="vertical-align: top; text-align : left; background-color: white; border: 0px #F0F0F0 solid; padding:0px 4px 0px 4px" class="hierarchy">1..1</td><td style="vertical-align: top; text-align : left; background-color: white; border: 0px #F0F0F0 solid; padding:0px 4px 0px 4px" class="hierarchy"/><td style="vertical-align: top; text-align : left; background-color: white; border: 0px #F0F0F0 solid; padding:0px 4px 0px 4px" class="hierarchy">extension<br/><span style="font-weight:bold">Required Pattern: </span><span style="color: darkgreen">2014-06-09</span></td></tr>
<tr style="border: 0px #F0F0F0 solid; padding:0px; vertical-align: top; background-color: #F7F7F7;"><td style="vertical-align: top; text-align : left; background-color: #F7F7F7; border: 0px #F0F0F0 solid; padding:0px 4px 0px 4px; white-space: nowrap; background-image: url(tbl_bck11.png)" class="hierarchy"><img src="tbl_spacer.png" alt="." style="background-color: inherit" class="hierarchy"/><img src="tbl_vjoin.png" alt="." style="background-color: inherit" class="hierarchy"/><img src="icon_element.gif" alt="." style="background-color: #F7F7F7; background-color: inherit" title="Element" class="hierarchy"/> <a href="{{[type]}}-{{[id]}}-definitions.html#Section.code" title="SHALL contain exactly one [1..1] code (CONF:1098-14749).">code</a><a name="Section.code"> </a></td><td style="vertical-align: top; text-align : left; background-color: #F7F7F7; border: 0px #F0F0F0 solid; padding:0px 4px 0px 4px" class="hierarchy"/><td style="vertical-align: top; text-align : left; background-color: #F7F7F7; border: 0px #F0F0F0 solid; padding:0px 4px 0px 4px" class="hierarchy">1..1</td><td style="vertical-align: top; text-align : left; background-color: #F7F7F7; border: 0px #F0F0F0 solid; padding:0px 4px 0px 4px" class="hierarchy"><a style="opacity: 0.4" href="file://C:\Users\sean.mcilvenna\Code\cda-core-2.0\output/{{[type]}}-CE.html">CE</a></td><td style="vertical-align: top; text-align : left; background-color: #F7F7F7; border: 0px #F0F0F0 solid; padding:0px 4px 0px 4px" class="hierarchy">code</td></tr>
<tr style="border: 0px #F0F0F0 solid; padding:0px; vertical-align: top; background-color: white;"><td style="vertical-align: top; text-align : left; background-color: white; border: 0px #F0F0F0 solid; padding:0px 4px 0px 4px; white-space: nowrap; background-image: url(tbl_bck110.png)" class="hierarchy"><img src="tbl_spacer.png" alt="." style="background-color: inherit" class="hierarchy"/><img src="tbl_vline.png" alt="." style="background-color: inherit" class="hierarchy"/><img src="tbl_vjoin.png" alt="." style="background-color: inherit" class="hierarchy"/><img src="icon_element.gif" alt="." style="background-color: white; background-color: inherit" title="Element" class="hierarchy"/> <a href="{{[type]}}-{{[id]}}-definitions.html#Section.code.code" title="This code SHALL contain exactly one [1..1] @code=&quot;18776-5&quot; Plan of Treatment (CONF:1098-14750).">code</a><a name="Section.code.code"> </a></td><td style="vertical-align: top; text-align : left; background-color: white; border: 0px #F0F0F0 solid; padding:0px 4px 0px 4px" class="hierarchy"/><td style="vertical-align: top; text-align : left; background-color: white; border: 0px #F0F0F0 solid; padding:0px 4px 0px 4px" class="hierarchy">1..1</td><td style="vertical-align: top; text-align : left; background-color: white; border: 0px #F0F0F0 solid; padding:0px 4px 0px 4px" class="hierarchy"/><td style="vertical-align: top; text-align : left; background-color: white; border: 0px #F0F0F0 solid; padding:0px 4px 0px 4px" class="hierarchy">code<br/><span style="font-weight:bold">Required Pattern: </span><span style="color: darkgreen">18776-5</span></td></tr>
<tr style="border: 0px #F0F0F0 solid; padding:0px; vertical-align: top; background-color: #F7F7F7;"><td style="vertical-align: top; text-align : left; background-color: #F7F7F7; border: 0px #F0F0F0 solid; padding:0px 4px 0px 4px; white-space: nowrap; background-image: url(tbl_bck100.png)" class="hierarchy"><img src="tbl_spacer.png" alt="." style="background-color: inherit" class="hierarchy"/><img src="tbl_vline.png" alt="." style="background-color: inherit" class="hierarchy"/><img src="tbl_vjoin_end.png" alt="." style="background-color: inherit" class="hierarchy"/><img src="icon_element.gif" alt="." style="background-color: #F7F7F7; background-color: inherit" title="Element" class="hierarchy"/> <a href="{{[type]}}-{{[id]}}-definitions.html#Section.code.codeSystem" title="This code SHALL contain exactly one [1..1] @codeSystem=&quot;2.16.840.1.113883.6.1&quot; (CodeSystem: LOINC urn:oid:2.16.840.1.113883.6.1) (CONF:1098-30813).">codeSystem</a><a name="Section.code.codeSystem"> </a></td><td style="vertical-align: top; text-align : left; background-color: #F7F7F7; border: 0px #F0F0F0 solid; padding:0px 4px 0px 4px" class="hierarchy"/><td style="vertical-align: top; text-align : left; background-color: #F7F7F7; border: 0px #F0F0F0 solid; padding:0px 4px 0px 4px" class="hierarchy">1..1</td><td style="vertical-align: top; text-align : left; background-color: #F7F7F7; border: 0px #F0F0F0 solid; padding:0px 4px 0px 4px" class="hierarchy"/><td style="vertical-align: top; text-align : left; background-color: #F7F7F7; border: 0px #F0F0F0 solid; padding:0px 4px 0px 4px" class="hierarchy">codeSystem<br/><span style="font-weight:bold">Required Pattern: </span><span style="color: darkgreen">2.16.840.1.113883.6.1</span></td></tr>
<tr style="border: 0px #F0F0F0 solid; padding:0px; vertical-align: top; background-color: white;"><td style="vertical-align: top; text-align : left; background-color: white; border: 0px #F0F0F0 solid; padding:0px 4px 0px 4px; white-space: nowrap; background-image: url(tbl_bck10.png)" class="hierarchy"><img src="tbl_spacer.png" alt="." style="background-color: inherit" class="hierarchy"/><img src="tbl_vjoin.png" alt="." style="background-color: inherit" class="hierarchy"/><img src="icon_element.gif" alt="." style="background-color: white; background-color: inherit" title="Element" class="hierarchy"/> <a href="{{[type]}}-{{[id]}}-definitions.html#Section.title" title="SHALL contain exactly one [1..1] title (CONF:1098-16986).">title</a><a name="Section.title"> </a></td><td style="vertical-align: top; text-align : left; background-color: white; border: 0px #F0F0F0 solid; padding:0px 4px 0px 4px" class="hierarchy"/><td style="vertical-align: top; text-align : left; background-color: white; border: 0px #F0F0F0 solid; padding:0px 4px 0px 4px" class="hierarchy">1..1</td><td style="vertical-align: top; text-align : left; background-color: white; border: 0px #F0F0F0 solid; padding:0px 4px 0px 4px" class="hierarchy"><a style="opacity: 0.4" href="file://C:\Users\sean.mcilvenna\Code\cda-core-2.0\output/{{[type]}}-ST.html">ST</a></td><td style="vertical-align: top; text-align : left; background-color: white; border: 0px #F0F0F0 solid; padding:0px 4px 0px 4px" class="hierarchy">title</td></tr>
<tr style="border: 0px #F0F0F0 solid; padding:0px; vertical-align: top; background-color: #F7F7F7;"><td style="vertical-align: top; text-align : left; background-color: #F7F7F7; border: 0px #F0F0F0 solid; padding:0px 4px 0px 4px; white-space: nowrap; background-image: url(tbl_bck10.png)" class="hierarchy"><img src="tbl_spacer.png" alt="." style="background-color: inherit" class="hierarchy"/><img src="tbl_vjoin.png" alt="." style="background-color: inherit" class="hierarchy"/><img src="icon_element.gif" alt="." style="background-color: #F7F7F7; background-color: inherit" title="Element" class="hierarchy"/> <a href="{{[type]}}-{{[id]}}-definitions.html#Section.text" title="SHALL contain exactly one [1..1] text (CONF:1098-7725).">text</a><a name="Section.text"> </a></td><td style="vertical-align: top; text-align : left; background-color: #F7F7F7; border: 0px #F0F0F0 solid; padding:0px 4px 0px 4px" class="hierarchy"/><td style="vertical-align: top; text-align : left; background-color: #F7F7F7; border: 0px #F0F0F0 solid; padding:0px 4px 0px 4px" class="hierarchy">1..1</td><td style="vertical-align: top; text-align : left; background-color: #F7F7F7; border: 0px #F0F0F0 solid; padding:0px 4px 0px 4px" class="hierarchy"><a style="opacity: 0.4" href="http://hl7.org/fhir/R4/narrative.html#xhtml">xhtml</a></td><td style="vertical-align: top; text-align : left; background-color: #F7F7F7; border: 0px #F0F0F0 solid; padding:0px 4px 0px 4px" class="hierarchy">text</td></tr>
<tr style="border: 0px #F0F0F0 solid; padding:0px; vertical-align: top; background-color: white;"><td style="vertical-align: top; text-align : left; background-color: white; border: 0px #F0F0F0 solid; padding:0px 4px 0px 4px; white-space: nowrap; background-image: url(tbl_bck01.png)" class="hierarchy"><img src="tbl_spacer.png" alt="." style="background-color: inherit" class="hierarchy"/><img src="tbl_vjoin_end.png" alt="." style="background-color: inherit" class="hierarchy"/><img src="icon_element.gif" alt="." style="background-color: white; background-color: inherit" title="Element" class="hierarchy"/> <a href="{{[type]}}-{{[id]}}-definitions.html#Section.entry" title="MAY contain zero or more [0..*] entry (CONF:1098-7726).">entry</a><a name="Section.entry"> </a></td><td style="vertical-align: top; text-align : left; background-color: white; border: 0px #F0F0F0 solid; padding:0px 4px 0px 4px" class="hierarchy"/><td style="vertical-align: top; text-align : left; background-color: white; border: 0px #F0F0F0 solid; padding:0px 4px 0px 4px" class="hierarchy">0..*</td><td style="vertical-align: top; text-align : left; background-color: white; border: 0px #F0F0F0 solid; padding:0px 4px 0px 4px" class="hierarchy"><span style="opacity: 0.4">Element</span></td><td style="vertical-align: top; text-align : left; background-color: white; border: 0px #F0F0F0 solid; padding:0px 4px 0px 4px" class="hierarchy">entry<br/></td></tr>
<tr style="border: 0px #F0F0F0 solid; padding:0px; vertical-align: top; background-color: #F7F7F7;"><td style="vertical-align: top; text-align : left; background-color: #F7F7F7; border: 0px #F0F0F0 solid; padding:0px 4px 0px 4px; white-space: nowrap; background-image: url(tbl_bck001.png)" class="hierarchy"><img src="tbl_spacer.png" alt="." style="background-color: inherit" class="hierarchy"/><img src="tbl_blank.png" alt="." style="background-color: inherit" class="hierarchy"/><img src="tbl_vjoin_end.png" alt="." style="background-color: inherit" class="hierarchy"/><img src="icon_choice.gif" alt="." style="background-color: #F7F7F7; background-color: inherit" title="Choice of Types" class="hierarchy"/> <a href="{{[type]}}-{{[id]}}-definitions.html#Section.entry.observation" title="The entry, if present, SHALL contain exactly one [1..1] Planned Observation (V2) (identifier: urn:hl7ii:2.16.840.1.113883.10.20.22.4.44:2014-06-09) (CONF:1098-14751).">observation</a><a name="Section.entry.observation"> </a></td><td style="vertical-align: top; text-align : left; background-color: #F7F7F7; border: 0px #F0F0F0 solid; padding:0px 4px 0px 4px" class="hierarchy"/><td style="vertical-align: top; text-align : left; background-color: #F7F7F7; border: 0px #F0F0F0 solid; padding:0px 4px 0px 4px" class="hierarchy">1..1</td><td style="vertical-align: top; text-align : left; background-color: #F7F7F7; border: 0px #F0F0F0 solid; padding:0px 4px 0px 4px" class="hierarchy"/><td style="vertical-align: top; text-align : left; background-color: #F7F7F7; border: 0px #F0F0F0 solid; padding:0px 4px 0px 4px" class="hierarchy">observation</td></tr>
<tr style="border: 0px #F0F0F0 solid; padding:0px; vertical-align: top; background-color: white;"><td style="vertical-align: top; text-align : left; background-color: white; border: 0px #F0F0F0 solid; padding:0px 4px 0px 4px; white-space: nowrap; background-image: url(tbl_bck0010.png)" class="hierarchy"><img src="tbl_spacer.png" alt="." style="background-color: inherit" class="hierarchy"/><img src="tbl_blank.png" alt="." style="background-color: inherit" class="hierarchy"/><img src="tbl_blank.png" alt="." style="background-color: inherit" class="hierarchy"/><img src="tbl_vjoin.png" alt="." style="background-color: inherit" class="hierarchy"/><img src="icon_datatype.gif" alt="." style="background-color: white; background-color: inherit" title="Data Type" class="hierarchy"/> <span title="A derivative of the RIM Observation class, used for representing coded and other observations.&#xA;Observation.negationInd, when set to &quot;true&quot;, is a positive assertion that the Observation as a whole is negated. Some properties such as Observation.id, Observation.moodCode, and the participations are not negated. These properties always have the same meaning: i.e., the author remains the author of the negative Observation. An observation statement with negationInd is still a statement about the specific fact described by the Observation. For instance, a negated &quot;finding of wheezing on July 1&quot; means that the author positively denies that there was wheezing on July 1, and that he takes the same responsibility for such statement and the same requirement to have evidence for such statement than if he had not used negation.">observation</span></td><td style="vertical-align: top; text-align : left; background-color: white; border: 0px #F0F0F0 solid; padding:0px 4px 0px 4px" class="hierarchy"/><td style="vertical-align: top; text-align : left; background-color: white; border: 0px #F0F0F0 solid; padding:0px 4px 0px 4px" class="hierarchy"></td><td style="vertical-align: top; text-align : left; background-color: white; border: 0px #F0F0F0 solid; padding:0px 4px 0px 4px" class="hierarchy"><a href="file://C:\Users\sean.mcilvenna\Code\cda-core-2.0\output/{{[type]}}-Observation.html">http://hl7.org/fhir/cda/StructureDefinition/Observation</a>(<a href="StructureDefinition-2.16.840.1.113883.10.20.22.4.44.html" title="Planned Observation (V2)">PlannedObservation</a>)</td><td style="vertical-align: top; text-align : left; background-color: white; border: 0px #F0F0F0 solid; padding:0px 4px 0px 4px" class="hierarchy"/></tr>
<tr style="border: 0px #F0F0F0 solid; padding:0px; vertical-align: top; background-color: #F7F7F7;"><td style="vertical-align: top; text-align : left; background-color: #F7F7F7; border: 0px #F0F0F0 solid; padding:0px 4px 0px 4px; white-space: nowrap; background-image: url(tbl_bck0000.png)" class="hierarchy"><img src="tbl_spacer.png" alt="." style="background-color: inherit" class="hierarchy"/><img src="tbl_blank.png" alt="." style="background-color: inherit" class="hierarchy"/><img src="tbl_blank.png" alt="." style="background-color: inherit" class="hierarchy"/><img src="tbl_vjoin_end.png" alt="." style="background-color: inherit" class="hierarchy"/><img src="icon_datatype.gif" alt="." style="background-color: #F7F7F7; background-color: inherit" title="Data Type" class="hierarchy"/> <span title="A derivative of the RIM Observation class, used for representing coded and other observations.&#xA;Observation.negationInd, when set to &quot;true&quot;, is a positive assertion that the Observation as a whole is negated. Some properties such as Observation.id, Observation.moodCode, and the participations are not negated. These properties always have the same meaning: i.e., the author remains the author of the negative Observation. An observation statement with negationInd is still a statement about the specific fact described by the Observation. For instance, a negated &quot;finding of wheezing on July 1&quot; means that the author positively denies that there was wheezing on July 1, and that he takes the same responsibility for such statement and the same requirement to have evidence for such statement than if he had not used negation.">observation</span></td><td style="vertical-align: top; text-align : left; background-color: #F7F7F7; border: 0px #F0F0F0 solid; padding:0px 4px 0px 4px" class="hierarchy"/><td style="vertical-align: top; text-align : left; background-color: #F7F7F7; border: 0px #F0F0F0 solid; padding:0px 4px 0px 4px" class="hierarchy"></td><td style="vertical-align: top; text-align : left; background-color: #F7F7F7; border: 0px #F0F0F0 solid; padding:0px 4px 0px 4px" class="hierarchy"><a href="file://C:\Users\sean.mcilvenna\Code\cda-core-2.0\output/{{[type]}}-Observation.html">http://hl7.org/fhir/cda/StructureDefinition/Observation</a>(<a href="StructureDefinition-2.16.840.1.113883.10.20.22.4.121.html" title="Goal Observation">GoalObservation</a>)</td><td style="vertical-align: top; text-align : left; background-color: #F7F7F7; border: 0px #F0F0F0 solid; padding:0px 4px 0px 4px" class="hierarchy"/></tr>
<tr><td colspan="5" class="hierarchy"><br/><a href="http://hl7.org/fhir/R4/formats.html#table" title="Legend for this format"><img src="http://hl7.org/fhir/R4/help16.png" alt="doco" style="background-color: inherit"/> Documentation for this format</a></td></tr></table></div></text><url value="http://hl7.org/fhir/cda/ccda/StructureDefinition/2.16.840.1.113883.10.20.22.2.10"/><identifier><value value="urn:hl7ii:2.16.840.1.113883.10.20.22.2.10:2014-06-09"/></identifier><version value="2.1.0"/><name value="PlanofTreatmentSection"/><title value="Plan of Treatment Section (V2)"/><status value="active"/><date value="2020-01-15T08:47:11-08:00"/><publisher value="Health Level 7"/><description value="This section, formerly known as &quot;Plan of Care&quot;, contains data that define pending orders, interventions, encounters, services, and procedures for the patient. It is limited to prospective, unfulfilled, or incomplete orders and requests only. These are indicated by the @moodCode of the entries within this section. All active, incomplete, or pending orders, appointments, referrals, procedures, services, or any other pending event of clinical significance to the current care of the patient should be listed.&#xA;Clinical reminders are placed here to provide prompts for disease prevention and management, patient safety, and healthcare quality improvements, including widely accepted performance measures. &#xA;The plan may also indicate that patient education will be provided.&#xA;When used in a document that includes a Goals Section, all the goals (whether narrative only, or structured Goal Observation entries) should be recorded in the Goals Section, rather than in the Plan of Treatment Section, to avoid confusion as to which/whose goals should be in which section? &#xA;When used in a document that does not include a Goals Section, the Plan of Treatment section may also contain information about care team members goals, including the patients values, beliefs, preferences, care expectations, and overarching care goals. Values may include the importance of quality of life over longevity. These values are taken into account when prioritizing all problems and their treatments. Beliefs may include comfort with dying or the refusal of blood transfusions because of the patients religious convictions. Preferences may include liquid medicines over tablets, or treatment via secure email instead of in person. Care expectations may range from being treated only by female clinicians, to expecting all calls to be returned within 24 hours. Overarching goals described in this section are not tied to a specific condition, problem, health concern, or intervention. Examples of overarching goals could be to minimize pain or dependence on others, or to walk a daughter down the aisle for her marriage."/><fhirVersion value="4.0.1"/><kind value="resource"/><abstract value="false"/><type value="Section"/><baseDefinition value="http://hl7.org/fhir/cda/StructureDefinition/Section"/><derivation value="constraint"/><snapshot><element id="Section"><path value="Section"/><min value="1"/><max value="1"/><base><path value="Base"/><min value="0"/><max value="*"/></base><isModifier value="false"/></element><element id="Section.classCode"><path value="Section.classCode"/><representation value="xmlAttr"/><min value="1"/><max value="1"/><base><path value="Section.classCode"/><min value="1"/><max value="1"/></base><type><code value="code"/></type><defaultValueCode value="DOCSECT"/><fixedCode value="DOCSECT"/><binding><strength value="required"/><valueSet value="http://terminology.hl7.org/ValueSet/v3-ActClassOrganizer"/></binding></element><element id="Section.moodCode"><path value="Section.moodCode"/><representation value="xmlAttr"/><min value="1"/><max value="1"/><base><path value="Section.moodCode"/><min value="1"/><max value="1"/></base><type><code value="code"/></type><defaultValueCode value="EVN"/><fixedCode value="EVN"/><binding><strength value="required"/><valueSet value="http://terminology.hl7.org/ValueSet/v3-ActMood"/></binding></element><element id="Section.ID"><path value="Section.ID"/><representation value="xmlAttr"/><min value="0"/><max value="1"/><base><path value="Section.ID"/><min value="0"/><max value="1"/></base><type><code value="string"/></type></element><element id="Section.templateId"><path value="Section.templateId"/><slicing><discriminator><type value="value"/><path value="root"/></discriminator><discriminator><type value="value"/><path value="extension"/></discriminator><rules value="open"/></slicing><definition value="SHALL contain exactly one [1..1] templateId (CONF:1098-7723) such that it"/><min value="0"/><max value="*"/><base><path value="Section.templateId"/><min value="0"/><max value="*"/></base><type><code value="http://hl7.org/fhir/cda/StructureDefinition/II"/></type></element><element id="Section.templateId:templateId1"><path value="Section.templateId"/><sliceName value="templateId1"/><short value="templateId"/><definition value="SHALL contain exactly one [1..1] templateId (CONF:1098-7723) such that it"/><min value="1"/><max value="1"/><base><path value="Section.templateId"/><min value="0"/><max value="*"/></base><type><code value="http://hl7.org/fhir/cda/StructureDefinition/II"/></type></element><element id="Section.id"><path value="Section.id"/><min value="0"/><max value="1"/><base><path value="Section.id"/><min value="0"/><max value="1"/></base><type><code value="http://hl7.org/fhir/cda/StructureDefinition/II"/></type></element><element id="Section.code"><path value="Section.code"/><short value="code"/><definition value="SHALL contain exactly one [1..1] code (CONF:1098-14749)."/><min value="1"/><max value="1"/><base><path value="Section.code"/><min value="0"/><max value="1"/></base><type><code value="http://hl7.org/fhir/cda/StructureDefinition/CE"/></type></element><element id="Section.title"><path value="Section.title"/><short value="title"/><definition value="SHALL contain exactly one [1..1] title (CONF:1098-16986)."/><min value="1"/><max value="1"/><base><path value="Section.title"/><min value="0"/><max value="1"/></base><type><code value="http://hl7.org/fhir/cda/StructureDefinition/ST"/></type></element><element id="Section.text"><path value="Section.text"/><representation value="cdaText"/><short value="text"/><definition value="SHALL contain exactly one [1..1] text (CONF:1098-7725)."/><min value="1"/><max value="1"/><base><path value="Section.text"/><min value="0"/><max value="1"/></base><type><code value="xhtml"/></type><mustSupport value="true"/></element><element id="Section.confidentialityCode"><path value="Section.confidentialityCode"/><min value="0"/><max value="1"/><base><path value="Section.confidentialityCode"/><min value="0"/><max value="1"/></base><type><code value="http://hl7.org/fhir/cda/StructureDefinition/CE"/></type></element><element id="Section.languageCode"><path value="Section.languageCode"/><min value="0"/><max value="1"/><base><path value="Section.languageCode"/><min value="0"/><max value="1"/></base><type><code value="http://hl7.org/fhir/cda/StructureDefinition/CS"/></type><binding><strength value="required"/><valueSet value="http://terminology.hl7.org/ValueSet/v3-HumanLanguage"/></binding></element><element id="Section.subject"><path value="Section.subject"/><min value="0"/><max value="1"/><base><path value="Section.subject"/><min value="0"/><max value="1"/></base><type><code value="Element"/></type></element><element id="Section.subject.typeCode"><path value="Section.subject.typeCode"/><representation value="xmlAttr"/><min value="1"/><max value="1"/><base><path value="Section.subject.typeCode"/><min value="1"/><max value="1"/></base><type><code value="code"/></type><defaultValueCode value="SBJ"/><fixedCode value="SBJ"/><binding><strength value="required"/><valueSet value="http://terminology.hl7.org/ValueSet/v3-ParticipationTargetSubject"/></binding></element><element id="Section.subject.contextControlCode"><path value="Section.subject.contextControlCode"/><representation value="xmlAttr"/><min value="1"/><max value="1"/><base><path value="Section.subject.contextControlCode"/><min value="1"/><max value="1"/></base><type><code value="code"/></type><defaultValueCode value="OP"/><fixedCode value="OP"/><binding><strength value="required"/><valueSet value="http://terminology.hl7.org/ValueSet/v3-ContextControl"/></binding></element><element id="Section.subject.awarenessCode"><path value="Section.subject.awarenessCode"/><min value="0"/><max value="1"/><base><path value="Section.subject.awarenessCode"/><min value="0"/><max value="1"/></base><type><code value="http://hl7.org/fhir/cda/StructureDefinition/CE"/></type><binding><strength value="extensible"/><valueSet value="http://terminology.hl7.org/ValueSet/v3-TargetAwareness"/></binding></element><element id="Section.subject.relatedSubject"><path value="Section.subject.relatedSubject"/><min value="1"/><max value="1"/><base><path value="Section.subject.relatedSubject"/><min value="1"/><max value="1"/></base><type><code value="http://hl7.org/fhir/cda/StructureDefinition/RelatedSubject"/></type></element><element id="Section.author"><path value="Section.author"/><min value="0"/><max value="*"/><base><path value="Section.author"/><min value="0"/><max value="*"/></base><type><code value="http://hl7.org/fhir/cda/StructureDefinition/Author"/></type></element><element id="Section.informant"><path value="Section.informant"/><min value="0"/><max value="*"/><base><path value="Section.informant"/><min value="0"/><max value="*"/></base><type><code value="Element"/></type></element><element id="Section.informant.typeCode"><path value="Section.informant.typeCode"/><representation value="xmlAttr"/><min value="1"/><max value="1"/><base><path value="Section.informant.typeCode"/><min value="1"/><max value="1"/></base><type><code value="code"/></type><defaultValueCode value="INF"/><fixedCode value="INF"/><binding><strength value="required"/><valueSet value="http://terminology.hl7.org/ValueSet/v3-ParticipationInformationGenerator"/></binding></element><element id="Section.informant.contextControlCode"><path value="Section.informant.contextControlCode"/><representation value="xmlAttr"/><min value="1"/><max value="1"/><base><path value="Section.informant.contextControlCode"/><min value="1"/><max value="1"/></base><type><code value="code"/></type><defaultValueCode value="OP"/><fixedCode value="OP"/><binding><strength value="required"/><valueSet value="http://terminology.hl7.org/ValueSet/v3-ContextControl"/></binding></element><element id="Section.informant.assignedEntity"><path value="Section.informant.assignedEntity"/><min value="0"/><max value="1"/><base><path value="Section.informant.assignedEntity"/><min value="0"/><max value="1"/></base><type><code value="http://hl7.org/fhir/cda/StructureDefinition/AssignedEntity"/></type></element><element id="Section.informant.relatedEntity"><path value="Section.informant.relatedEntity"/><min value="0"/><max value="1"/><base><path value="Section.informant.relatedEntity"/><min value="0"/><max value="1"/></base><type><code value="http://hl7.org/fhir/cda/StructureDefinition/RelatedEntity"/></type></element><element id="Section.entry"><path value="Section.entry"/><short value="entry"/><definition value="MAY contain zero or more [0..*] entry (CONF:1098-7726)."/><min value="0"/><max value="*"/><base><path value="Section.entry"/><min value="0"/><max value="*"/></base><type><code value="Element"/></type><constraint><key value="clinical-statement-unique"/><human value="SHALL have no more than one of observation, regionOfInterest, observationMedia, substanceAdministration, supply, procedure, encounter, organizer or act."/><expression value="(observation | regionOfInterest | observationMedia | substanceAdministration | supply | procedure | encounter | organizer | act).count() = 1"/><source value="http://hl7.org/fhir/cda/StructureDefinition/Section"/></constraint></element><element id="Section.entry.typeCode"><path value="Section.entry.typeCode"/><representation value="xmlAttr"/><min value="1"/><max value="1"/><base><path value="Section.entry.typeCode"/><min value="1"/><max value="1"/></base><type><code value="code"/></type><defaultValueCode value="COMP"/></element><element id="Section.entry.contextConductionInd"><path value="Section.entry.contextConductionInd"/><representation value="xmlAttr"/><min value="1"/><max value="1"/><base><path value="Section.entry.contextConductionInd"/><min value="1"/><max value="1"/></base><type><code value="boolean"/></type><defaultValueBoolean value="true"/></element><element id="Section.entry.observation"><path value="Section.entry.observation"/><short value="observation"/><definition value="The entry, if present, SHALL contain exactly one [1..1] Planned Observation (V2) (identifier: urn:hl7ii:2.16.840.1.113883.10.20.22.4.44:2014-06-09) (CONF:1098-14751)."/><min value="1"/><max value="1"/><base><path value="Section.entry.observation"/><min value="0"/><max value="1"/></base><type><code value="http://hl7.org/fhir/cda/StructureDefinition/Observation"/><profile value="http://hl7.org/fhir/cda/ccda/StructureDefinition/2.16.840.1.113883.10.20.22.4.44"/></type><type><code value="http://hl7.org/fhir/cda/StructureDefinition/Observation"/><profile value="http://hl7.org/fhir/cda/ccda/StructureDefinition/2.16.840.1.113883.10.20.22.4.121"/></type></element><element id="Section.entry.regionOfInterest"><path value="Section.entry.regionOfInterest"/><min value="0"/><max value="1"/><base><path value="Section.entry.regionOfInterest"/><min value="0"/><max value="1"/></base><type><code value="http://hl7.org/fhir/cda/StructureDefinition/RegionOfInterest"/></type></element><element id="Section.entry.observationMedia"><path value="Section.entry.observationMedia"/><min value="0"/><max value="1"/><base><path value="Section.entry.observationMedia"/><min value="0"/><max value="1"/></base><type><code value="http://hl7.org/fhir/cda/StructureDefinition/ObservationMedia"/></type></element><element id="Section.entry.substanceAdministration"><path value="Section.entry.substanceAdministration"/><min value="0"/><max value="1"/><base><path value="Section.entry.substanceAdministration"/><min value="0"/><max value="1"/></base><type><code value="http://hl7.org/fhir/cda/StructureDefinition/SubstanceAdministration"/></type></element><element id="Section.entry.supply"><path value="Section.entry.supply"/><min value="0"/><max value="1"/><base><path value="Section.entry.supply"/><min value="0"/><max value="1"/></base><type><code value="http://hl7.org/fhir/cda/StructureDefinition/Supply"/></type></element><element id="Section.entry.procedure"><path value="Section.entry.procedure"/><min value="0"/><max value="1"/><base><path value="Section.entry.procedure"/><min value="0"/><max value="1"/></base><type><code value="http://hl7.org/fhir/cda/StructureDefinition/Procedure"/></type></element><element id="Section.entry.encounter"><path value="Section.entry.encounter"/><min value="0"/><max value="1"/><base><path value="Section.entry.encounter"/><min value="0"/><max value="1"/></base><type><code value="http://hl7.org/fhir/cda/StructureDefinition/Encounter"/></type></element><element id="Section.entry.organizer"><path value="Section.entry.organizer"/><min value="0"/><max value="1"/><base><path value="Section.entry.organizer"/><min value="0"/><max value="1"/></base><type><code value="http://hl7.org/fhir/cda/StructureDefinition/Organizer"/></type></element><element id="Section.entry.act"><path value="Section.entry.act"/><min value="0"/><max value="1"/><base><path value="Section.entry.act"/><min value="0"/><max value="1"/></base><type><code value="http://hl7.org/fhir/cda/StructureDefinition/Act"/></type></element><element id="Section.component"><path value="Section.component"/><min value="0"/><max value="*"/><base><path value="Section.component"/><min value="0"/><max value="*"/></base><type><code value="Element"/></type></element><element id="Section.component.typeCode"><path value="Section.component.typeCode"/><representation value="xmlAttr"/><definition value="Drawn from concept domain DocumentSectionType"/><min value="1"/><max value="1"/><base><path value="Section.component.typeCode"/><min value="1"/><max value="1"/></base><type><code value="code"/></type><defaultValueCode value="COMP"/><fixedCode value="COMP"/></element><element id="Section.component.contextConductionInd"><path value="Section.component.contextConductionInd"/><representation value="xmlAttr"/><min value="1"/><max value="1"/><base><path value="Section.component.contextConductionInd"/><min value="1"/><max value="1"/></base><type><code value="boolean"/></type><defaultValueBoolean value="true"/></element><element id="Section.component.section"><path value="Section.component.section"/><min value="1"/><max value="1"/><base><path value="Section.component.section"/><min value="1"/><max value="1"/></base><type><code value="http://hl7.org/fhir/cda/StructureDefinition/Section"/></type></element></snapshot><differential><element id="Section"><path value="Section"/></element><element id="Section.templateId"><path value="Section.templateId"/><slicing><discriminator><type value="value"/><path value="root"/></discriminator><discriminator><type value="value"/><path value="extension"/></discriminator><rules value="open"/></slicing><definition value="SHALL contain exactly one [1..1] templateId (CONF:1098-7723) such that it"/></element><element id="Section.templateId:templateId1"><path value="Section.templateId"/><sliceName value="templateId1"/><short value="templateId"/><definition value="SHALL contain exactly one [1..1] templateId (CONF:1098-7723) such that it"/><min value="1"/><max value="1"/></element><element id="Section.templateId:templateId1.root:templateId1"><path value="Section.templateId.root"/><sliceName value="templateId1"/><short value="root"/><definition value="SHALL contain exactly one [1..1] @root=&quot;2.16.840.1.113883.10.20.22.2.10&quot; (CONF:1098-10435)."/><min value="1"/><max value="1"/><patternString value="2.16.840.1.113883.10.20.22.2.10"/></element><element id="Section.templateId:templateId1.extension:templateId1"><path value="Section.templateId.extension"/><sliceName value="templateId1"/><short value="extension"/><definition value="SHALL contain exactly one [1..1] @extension=&quot;2014-06-09&quot; (CONF:1098-32501)."/><min value="1"/><max value="1"/><patternString value="2014-06-09"/></element><element id="Section.code"><path value="Section.code"/><short value="code"/><definition value="SHALL contain exactly one [1..1] code (CONF:1098-14749)."/><min value="1"/><max value="1"/></element><element id="Section.code.code"><path value="Section.code.code"/><short value="code"/><definition value="This code SHALL contain exactly one [1..1] @code=&quot;18776-5&quot; Plan of Treatment (CONF:1098-14750)."/><min value="1"/><max value="1"/><patternString value="18776-5"/></element><element id="Section.code.codeSystem"><path value="Section.code.codeSystem"/><short value="codeSystem"/><definition value="This code SHALL contain exactly one [1..1] @codeSystem=&quot;2.16.840.1.113883.6.1&quot; (CodeSystem: LOINC urn:oid:2.16.840.1.113883.6.1) (CONF:1098-30813)."/><min value="1"/><max value="1"/><patternString value="2.16.840.1.113883.6.1"/></element><element id="Section.title"><path value="Section.title"/><short value="title"/><definition value="SHALL contain exactly one [1..1] title (CONF:1098-16986)."/><min value="1"/><max value="1"/></element><element id="Section.text"><path value="Section.text"/><short value="text"/><definition value="SHALL contain exactly one [1..1] text (CONF:1098-7725)."/><min value="1"/><max value="1"/></element><element id="Section.entry"><path value="Section.entry"/><short value="entry"/><definition value="MAY contain zero or more [0..*] entry (CONF:1098-7726)."/><min value="0"/><max value="*"/></element><element id="Section.entry.observation"><path value="Section.entry.observation"/><short value="observation"/><definition value="The entry, if present, SHALL contain exactly one [1..1] Planned Observation (V2) (identifier: urn:hl7ii:2.16.840.1.113883.10.20.22.4.44:2014-06-09) (CONF:1098-14751)."/><min value="1"/><max value="1"/><type><code value="http://hl7.org/fhir/cda/StructureDefinition/Observation"/><profile value="http://hl7.org/fhir/cda/ccda/StructureDefinition/2.16.840.1.113883.10.20.22.4.44"/></type><type><code value="http://hl7.org/fhir/cda/StructureDefinition/Observation"/><profile value="http://hl7.org/fhir/cda/ccda/StructureDefinition/2.16.840.1.113883.10.20.22.4.121"/></type></element></differential></StructureDefinition>