<?xml version="1.0" encoding="UTF-8"?><ValueSet xmlns="http://hl7.org/fhir"><id value="2.16.840.1.113762.1.4.1099.12"/><meta><versionId value="4"/><lastUpdated value="2017-09-13T22:00:04.000-07:00"/></meta><text><status value="generated"/><div xmlns="http://www.w3.org/1999/xhtml">
            <h2>Medication Route</h2>
            <p>This value set includes codes from the following code systems:</p>
            <ul>
                <li>Include these codes as defined in 
                    <a href="http://www.snomed.org/">
                        <code>http://snomed.info/sct</code>
                    </a>
                    <table class="none">
                        <tr>
                            <td>
                                <b>Code</b>
                            </td>
                            <td>
                                <b>Display</b>
                            </td>
                        </tr>
                        <tr>
                            <td>
                                <a href="http://browser.ihtsdotools.org/?perspective=full&amp;conceptId1=10547007">10547007</a>
                            </td>
                            <td>Otic route (qualifier value)</td>
                            <td/>
                        </tr>
                        <tr>
                            <td>
                                <a href="http://browser.ihtsdotools.org/?perspective=full&amp;conceptId1=12130007">12130007</a>
                            </td>
                            <td>Intra-articular route (qualifier value)</td>
                            <td/>
                        </tr>
                        <tr>
                            <td>
                                <a href="http://browser.ihtsdotools.org/?perspective=full&amp;conceptId1=127490009">127490009</a>
                            </td>
                            <td>Gastrostomy route (qualifier value)</td>
                            <td/>
                        </tr>
                        <tr>
                            <td>
                                <a href="http://browser.ihtsdotools.org/?perspective=full&amp;conceptId1=127491008">127491008</a>
                            </td>
                            <td>Jejunostomy route (qualifier value)</td>
                            <td/>
                        </tr>
                        <tr>
                            <td>
                                <a href="http://browser.ihtsdotools.org/?perspective=full&amp;conceptId1=127492001">127492001</a>
                            </td>
                            <td>Nasogastric route (qualifier value)</td>
                            <td/>
                        </tr>
                        <tr>
                            <td>
                                <a href="http://browser.ihtsdotools.org/?perspective=full&amp;conceptId1=1611000175109">1611000175109</a>
                            </td>
                            <td>Sublesional route (qualifier value)</td>
                            <td/>
                        </tr>
                        <tr>
                            <td>
                                <a href="http://browser.ihtsdotools.org/?perspective=full&amp;conceptId1=16857009">16857009</a>
                            </td>
                            <td>Vaginal route (qualifier value)</td>
                            <td/>
                        </tr>
                        <tr>
                            <td>
                                <a href="http://browser.ihtsdotools.org/?perspective=full&amp;conceptId1=26643006">26643006</a>
                            </td>
                            <td>Oral route (qualifier value)</td>
                            <td/>
                        </tr>
                        <tr>
                            <td>
                                <a href="http://browser.ihtsdotools.org/?perspective=full&amp;conceptId1=34206005">34206005</a>
                            </td>
                            <td>Subcutaneous route (qualifier value)</td>
                            <td/>
                        </tr>
                        <tr>
                            <td>
                                <a href="http://browser.ihtsdotools.org/?perspective=full&amp;conceptId1=37161004">37161004</a>
                            </td>
                            <td>Rectal route (qualifier value)</td>
                            <td/>
                        </tr>
                        <tr>
                            <td>
                                <a href="http://browser.ihtsdotools.org/?perspective=full&amp;conceptId1=372449004">372449004</a>
                            </td>
                            <td>Dental route (qualifier value)</td>
                            <td/>
                        </tr>
                        <tr>
                            <td>
                                <a href="http://browser.ihtsdotools.org/?perspective=full&amp;conceptId1=372450004">372450004</a>
                            </td>
                            <td>Endocervical route (qualifier value)</td>
                            <td/>
                        </tr>
                        <tr>
                            <td>
                                <a href="http://browser.ihtsdotools.org/?perspective=full&amp;conceptId1=372451000">372451000</a>
                            </td>
                            <td>Endosinusial route (qualifier value)</td>
                            <td/>
                        </tr>
                        <tr>
                            <td>
                                <a href="http://browser.ihtsdotools.org/?perspective=full&amp;conceptId1=372452007">372452007</a>
                            </td>
                            <td>Endotracheopulmonary route (qualifier value)</td>
                            <td/>
                        </tr>
                        <tr>
                            <td>
                                <a href="http://browser.ihtsdotools.org/?perspective=full&amp;conceptId1=372453002">372453002</a>
                            </td>
                            <td>Extra-amniotic route (qualifier value)</td>
                            <td/>
                        </tr>
                        <tr>
                            <td>
                                <a href="http://browser.ihtsdotools.org/?perspective=full&amp;conceptId1=372454008">372454008</a>
                            </td>
                            <td>Gastroenteral route (qualifier value)</td>
                            <td/>
                        </tr>
                        <tr>
                            <td>
                                <a href="http://browser.ihtsdotools.org/?perspective=full&amp;conceptId1=372457001">372457001</a>
                            </td>
                            <td>Gingival route (qualifier value)</td>
                            <td/>
                        </tr>
                        <tr>
                            <td>
                                <a href="http://browser.ihtsdotools.org/?perspective=full&amp;conceptId1=372458006">372458006</a>
                            </td>
                            <td>Intraamniotic route (qualifier value)</td>
                            <td/>
                        </tr>
                        <tr>
                            <td>
                                <a href="http://browser.ihtsdotools.org/?perspective=full&amp;conceptId1=372459003">372459003</a>
                            </td>
                            <td>Intrabursal route (qualifier value)</td>
                            <td/>
                        </tr>
                        <tr>
                            <td>
                                <a href="http://browser.ihtsdotools.org/?perspective=full&amp;conceptId1=372460008">372460008</a>
                            </td>
                            <td>Intracardiac route (qualifier value)</td>
                            <td/>
                        </tr>
                        <tr>
                            <td>
                                <a href="http://browser.ihtsdotools.org/?perspective=full&amp;conceptId1=372461007">372461007</a>
                            </td>
                            <td>Intracavernous route (qualifier value)</td>
                            <td/>
                        </tr>
                        <tr>
                            <td>
                                <a href="http://browser.ihtsdotools.org/?perspective=full&amp;conceptId1=372463005">372463005</a>
                            </td>
                            <td>Intracoronary route (qualifier value)</td>
                            <td/>
                        </tr>
                        <tr>
                            <td>
                                <a href="http://browser.ihtsdotools.org/?perspective=full&amp;conceptId1=372464004">372464004</a>
                            </td>
                            <td>Intradermal route (qualifier value)</td>
                            <td/>
                        </tr>
                        <tr>
                            <td>
                                <a href="http://browser.ihtsdotools.org/?perspective=full&amp;conceptId1=372465003">372465003</a>
                            </td>
                            <td>Intradiscal route (qualifier value)</td>
                            <td/>
                        </tr>
                        <tr>
                            <td>
                                <a href="http://browser.ihtsdotools.org/?perspective=full&amp;conceptId1=372466002">372466002</a>
                            </td>
                            <td>Intralesional route (qualifier value)</td>
                            <td/>
                        </tr>
                        <tr>
                            <td>
                                <a href="http://browser.ihtsdotools.org/?perspective=full&amp;conceptId1=372467006">372467006</a>
                            </td>
                            <td>Intralymphatic route (qualifier value)</td>
                            <td/>
                        </tr>
                        <tr>
                            <td>
                                <a href="http://browser.ihtsdotools.org/?perspective=full&amp;conceptId1=372468001">372468001</a>
                            </td>
                            <td>Intraocular route (qualifier value)</td>
                            <td/>
                        </tr>
                        <tr>
                            <td>
                                <a href="http://browser.ihtsdotools.org/?perspective=full&amp;conceptId1=372469009">372469009</a>
                            </td>
                            <td>Intrapleural route (qualifier value)</td>
                            <td/>
                        </tr>
                        <tr>
                            <td>
                                <a href="http://browser.ihtsdotools.org/?perspective=full&amp;conceptId1=372470005">372470005</a>
                            </td>
                            <td>Intrasternal route (qualifier value)</td>
                            <td/>
                        </tr>
                        <tr>
                            <td>
                                <a href="http://browser.ihtsdotools.org/?perspective=full&amp;conceptId1=372471009">372471009</a>
                            </td>
                            <td>Intravesical route (qualifier value)</td>
                            <td/>
                        </tr>
                        <tr>
                            <td>
                                <a href="http://browser.ihtsdotools.org/?perspective=full&amp;conceptId1=372473007">372473007</a>
                            </td>
                            <td>Oromucosal route (qualifier value)</td>
                            <td/>
                        </tr>
                        <tr>
                            <td>
                                <a href="http://browser.ihtsdotools.org/?perspective=full&amp;conceptId1=372474001">372474001</a>
                            </td>
                            <td>Periarticular route (qualifier value)</td>
                            <td/>
                        </tr>
                        <tr>
                            <td>
                                <a href="http://browser.ihtsdotools.org/?perspective=full&amp;conceptId1=372475000">372475000</a>
                            </td>
                            <td>Perineural route (qualifier value)</td>
                            <td/>
                        </tr>
                        <tr>
                            <td>
                                <a href="http://browser.ihtsdotools.org/?perspective=full&amp;conceptId1=372476004">372476004</a>
                            </td>
                            <td>Subconjunctival route (qualifier value)</td>
                            <td/>
                        </tr>
                        <tr>
                            <td>
                                <a href="http://browser.ihtsdotools.org/?perspective=full&amp;conceptId1=37737002">37737002</a>
                            </td>
                            <td>Intraluminal route (qualifier value)</td>
                            <td/>
                        </tr>
                        <tr>
                            <td>
                                <a href="http://browser.ihtsdotools.org/?perspective=full&amp;conceptId1=37839007">37839007</a>
                            </td>
                            <td>Sublingual route (qualifier value)</td>
                            <td/>
                        </tr>
                        <tr>
                            <td>
                                <a href="http://browser.ihtsdotools.org/?perspective=full&amp;conceptId1=38239002">38239002</a>
                            </td>
                            <td>Intraperitoneal route (qualifier value)</td>
                            <td/>
                        </tr>
                        <tr>
                            <td>
                                <a href="http://browser.ihtsdotools.org/?perspective=full&amp;conceptId1=404815008">404815008</a>
                            </td>
                            <td>Transmucosal route (qualifier value)</td>
                            <td/>
                        </tr>
                        <tr>
                            <td>
                                <a href="http://browser.ihtsdotools.org/?perspective=full&amp;conceptId1=404818005">404818005</a>
                            </td>
                            <td>Intratracheal route (qualifier value)</td>
                            <td/>
                        </tr>
                        <tr>
                            <td>
                                <a href="http://browser.ihtsdotools.org/?perspective=full&amp;conceptId1=404819002">404819002</a>
                            </td>
                            <td>Intrabiliary route (qualifier value)</td>
                            <td/>
                        </tr>
                        <tr>
                            <td>
                                <a href="http://browser.ihtsdotools.org/?perspective=full&amp;conceptId1=404820008">404820008</a>
                            </td>
                            <td>Epidural route (qualifier value)</td>
                            <td/>
                        </tr>
                        <tr>
                            <td>
                                <a href="http://browser.ihtsdotools.org/?perspective=full&amp;conceptId1=416174007">416174007</a>
                            </td>
                            <td>Suborbital route (qualifier value)</td>
                            <td/>
                        </tr>
                        <tr>
                            <td>
                                <a href="http://browser.ihtsdotools.org/?perspective=full&amp;conceptId1=417070009">417070009</a>
                            </td>
                            <td>Caudal route (qualifier value)</td>
                            <td/>
                        </tr>
                        <tr>
                            <td>
                                <a href="http://browser.ihtsdotools.org/?perspective=full&amp;conceptId1=417255000">417255000</a>
                            </td>
                            <td>Intraosseous route (qualifier value)</td>
                            <td/>
                        </tr>
                        <tr>
                            <td>
                                <a href="http://browser.ihtsdotools.org/?perspective=full&amp;conceptId1=417950001">417950001</a>
                            </td>
                            <td>Intrathoracic route (qualifier value)</td>
                            <td/>
                        </tr>
                        <tr>
                            <td>
                                <a href="http://browser.ihtsdotools.org/?perspective=full&amp;conceptId1=417985001">417985001</a>
                            </td>
                            <td>Enteral route (qualifier value)</td>
                            <td/>
                        </tr>
                        <tr>
                            <td>
                                <a href="http://browser.ihtsdotools.org/?perspective=full&amp;conceptId1=417989007">417989007</a>
                            </td>
                            <td>Intraductal route (qualifier value)</td>
                            <td/>
                        </tr>
                        <tr>
                            <td>
                                <a href="http://browser.ihtsdotools.org/?perspective=full&amp;conceptId1=418091004">418091004</a>
                            </td>
                            <td>Intratympanic route (qualifier value)</td>
                            <td/>
                        </tr>
                        <tr>
                            <td>
                                <a href="http://browser.ihtsdotools.org/?perspective=full&amp;conceptId1=418114005">418114005</a>
                            </td>
                            <td>Intravenous central route (qualifier value)</td>
                            <td/>
                        </tr>
                        <tr>
                            <td>
                                <a href="http://browser.ihtsdotools.org/?perspective=full&amp;conceptId1=418133000">418133000</a>
                            </td>
                            <td>Intramyometrial route (qualifier value)</td>
                            <td/>
                        </tr>
                        <tr>
                            <td>
                                <a href="http://browser.ihtsdotools.org/?perspective=full&amp;conceptId1=418136008">418136008</a>
                            </td>
                            <td>Gastro-intestinal stoma route (qualifier value)</td>
                            <td/>
                        </tr>
                        <tr>
                            <td>
                                <a href="http://browser.ihtsdotools.org/?perspective=full&amp;conceptId1=418162004">418162004</a>
                            </td>
                            <td>Colostomy route (qualifier value)</td>
                            <td/>
                        </tr>
                        <tr>
                            <td>
                                <a href="http://browser.ihtsdotools.org/?perspective=full&amp;conceptId1=418204005">418204005</a>
                            </td>
                            <td>Periurethral route (qualifier value)</td>
                            <td/>
                        </tr>
                        <tr>
                            <td>
                                <a href="http://browser.ihtsdotools.org/?perspective=full&amp;conceptId1=418287000">418287000</a>
                            </td>
                            <td>Intracoronal route (qualifier value)</td>
                            <td/>
                        </tr>
                        <tr>
                            <td>
                                <a href="http://browser.ihtsdotools.org/?perspective=full&amp;conceptId1=418321004">418321004</a>
                            </td>
                            <td>Retrobulbar route (qualifier value)</td>
                            <td/>
                        </tr>
                        <tr>
                            <td>
                                <a href="http://browser.ihtsdotools.org/?perspective=full&amp;conceptId1=418331006">418331006</a>
                            </td>
                            <td>Intracartilaginous route (qualifier value)</td>
                            <td/>
                        </tr>
                        <tr>
                            <td>
                                <a href="http://browser.ihtsdotools.org/?perspective=full&amp;conceptId1=418401004">418401004</a>
                            </td>
                            <td>Intravitreal route (qualifier value)</td>
                            <td/>
                        </tr>
                        <tr>
                            <td>
                                <a href="http://browser.ihtsdotools.org/?perspective=full&amp;conceptId1=418418000">418418000</a>
                            </td>
                            <td>Intraspinal route (qualifier value)</td>
                            <td/>
                        </tr>
                        <tr>
                            <td>
                                <a href="http://browser.ihtsdotools.org/?perspective=full&amp;conceptId1=418441008">418441008</a>
                            </td>
                            <td>Orogastric route (qualifier value)</td>
                            <td/>
                        </tr>
                        <tr>
                            <td>
                                <a href="http://browser.ihtsdotools.org/?perspective=full&amp;conceptId1=418511008">418511008</a>
                            </td>
                            <td>Transurethral route (qualifier value)</td>
                            <td/>
                        </tr>
                        <tr>
                            <td>
                                <a href="http://browser.ihtsdotools.org/?perspective=full&amp;conceptId1=418586008">418586008</a>
                            </td>
                            <td>Intratendinous route (qualifier value)</td>
                            <td/>
                        </tr>
                        <tr>
                            <td>
                                <a href="http://browser.ihtsdotools.org/?perspective=full&amp;conceptId1=418608002">418608002</a>
                            </td>
                            <td>Intracorneal route (qualifier value)</td>
                            <td/>
                        </tr>
                        <tr>
                            <td>
                                <a href="http://browser.ihtsdotools.org/?perspective=full&amp;conceptId1=418664002">418664002</a>
                            </td>
                            <td>Oropharyngeal route (qualifier value)</td>
                            <td/>
                        </tr>
                        <tr>
                            <td>
                                <a href="http://browser.ihtsdotools.org/?perspective=full&amp;conceptId1=418722009">418722009</a>
                            </td>
                            <td>Peribulbar route (qualifier value)</td>
                            <td/>
                        </tr>
                        <tr>
                            <td>
                                <a href="http://browser.ihtsdotools.org/?perspective=full&amp;conceptId1=418730005">418730005</a>
                            </td>
                            <td>Nasojejunal route (qualifier value)</td>
                            <td/>
                        </tr>
                        <tr>
                            <td>
                                <a href="http://browser.ihtsdotools.org/?perspective=full&amp;conceptId1=418743005">418743005</a>
                            </td>
                            <td>Fistula route (qualifier value)</td>
                            <td/>
                        </tr>
                        <tr>
                            <td>
                                <a href="http://browser.ihtsdotools.org/?perspective=full&amp;conceptId1=418813001">418813001</a>
                            </td>
                            <td>Surgical drain route (qualifier value)</td>
                            <td/>
                        </tr>
                        <tr>
                            <td>
                                <a href="http://browser.ihtsdotools.org/?perspective=full&amp;conceptId1=418821007">418821007</a>
                            </td>
                            <td>Intracameral route (qualifier value)</td>
                            <td/>
                        </tr>
                        <tr>
                            <td>
                                <a href="http://browser.ihtsdotools.org/?perspective=full&amp;conceptId1=418851001">418851001</a>
                            </td>
                            <td>Paracervical route (qualifier value)</td>
                            <td/>
                        </tr>
                        <tr>
                            <td>
                                <a href="http://browser.ihtsdotools.org/?perspective=full&amp;conceptId1=418877009">418877009</a>
                            </td>
                            <td>Intrasynovial route (qualifier value)</td>
                            <td/>
                        </tr>
                        <tr>
                            <td>
                                <a href="http://browser.ihtsdotools.org/?perspective=full&amp;conceptId1=418887008">418887008</a>
                            </td>
                            <td>Intraduodenal route (qualifier value)</td>
                            <td/>
                        </tr>
                        <tr>
                            <td>
                                <a href="http://browser.ihtsdotools.org/?perspective=full&amp;conceptId1=418892005">418892005</a>
                            </td>
                            <td>Intracisternal route (qualifier value)</td>
                            <td/>
                        </tr>
                        <tr>
                            <td>
                                <a href="http://browser.ihtsdotools.org/?perspective=full&amp;conceptId1=418947002">418947002</a>
                            </td>
                            <td>Intratesticular route (qualifier value)</td>
                            <td/>
                        </tr>
                        <tr>
                            <td>
                                <a href="http://browser.ihtsdotools.org/?perspective=full&amp;conceptId1=418987007">418987007</a>
                            </td>
                            <td>Intracranial route (qualifier value)</td>
                            <td/>
                        </tr>
                        <tr>
                            <td>
                                <a href="http://browser.ihtsdotools.org/?perspective=full&amp;conceptId1=419021003">419021003</a>
                            </td>
                            <td>Tumor cavity route (qualifier value)</td>
                            <td/>
                        </tr>
                        <tr>
                            <td>
                                <a href="http://browser.ihtsdotools.org/?perspective=full&amp;conceptId1=419165009">419165009</a>
                            </td>
                            <td>Paravertebral route (qualifier value)</td>
                            <td/>
                        </tr>
                        <tr>
                            <td>
                                <a href="http://browser.ihtsdotools.org/?perspective=full&amp;conceptId1=419231003">419231003</a>
                            </td>
                            <td>Intrasinal route (qualifier value)</td>
                            <td/>
                        </tr>
                        <tr>
                            <td>
                                <a href="http://browser.ihtsdotools.org/?perspective=full&amp;conceptId1=419243002">419243002</a>
                            </td>
                            <td>Transcervical route (qualifier value)</td>
                            <td/>
                        </tr>
                        <tr>
                            <td>
                                <a href="http://browser.ihtsdotools.org/?perspective=full&amp;conceptId1=419320008">419320008</a>
                            </td>
                            <td>Subtendinous route (qualifier value)</td>
                            <td/>
                        </tr>
                        <tr>
                            <td>
                                <a href="http://browser.ihtsdotools.org/?perspective=full&amp;conceptId1=419396008">419396008</a>
                            </td>
                            <td>Intraabdominal route (qualifier value)</td>
                            <td/>
                        </tr>
                        <tr>
                            <td>
                                <a href="http://browser.ihtsdotools.org/?perspective=full&amp;conceptId1=419601003">419601003</a>
                            </td>
                            <td>Subgingival route (qualifier value)</td>
                            <td/>
                        </tr>
                        <tr>
                            <td>
                                <a href="http://browser.ihtsdotools.org/?perspective=full&amp;conceptId1=419631009">419631009</a>
                            </td>
                            <td>Intraovarian route (qualifier value)</td>
                            <td/>
                        </tr>
                        <tr>
                            <td>
                                <a href="http://browser.ihtsdotools.org/?perspective=full&amp;conceptId1=419684008">419684008</a>
                            </td>
                            <td>Ureteral route (qualifier value)</td>
                            <td/>
                        </tr>
                        <tr>
                            <td>
                                <a href="http://browser.ihtsdotools.org/?perspective=full&amp;conceptId1=419762003">419762003</a>
                            </td>
                            <td>Peritendinous route (qualifier value)</td>
                            <td/>
                        </tr>
                        <tr>
                            <td>
                                <a href="http://browser.ihtsdotools.org/?perspective=full&amp;conceptId1=419778001">419778001</a>
                            </td>
                            <td>Intrabronchial route (qualifier value)</td>
                            <td/>
                        </tr>
                        <tr>
                            <td>
                                <a href="http://browser.ihtsdotools.org/?perspective=full&amp;conceptId1=419810008">419810008</a>
                            </td>
                            <td>Intraprostatic route (qualifier value)</td>
                            <td/>
                        </tr>
                        <tr>
                            <td>
                                <a href="http://browser.ihtsdotools.org/?perspective=full&amp;conceptId1=419874009">419874009</a>
                            </td>
                            <td>Submucosal route (qualifier value)</td>
                            <td/>
                        </tr>
                        <tr>
                            <td>
                                <a href="http://browser.ihtsdotools.org/?perspective=full&amp;conceptId1=419894000">419894000</a>
                            </td>
                            <td>Surgical cavity route (qualifier value)</td>
                            <td/>
                        </tr>
                        <tr>
                            <td>
                                <a href="http://browser.ihtsdotools.org/?perspective=full&amp;conceptId1=419954003">419954003</a>
                            </td>
                            <td>Ileostomy route (qualifier value)</td>
                            <td/>
                        </tr>
                        <tr>
                            <td>
                                <a href="http://browser.ihtsdotools.org/?perspective=full&amp;conceptId1=419993007">419993007</a>
                            </td>
                            <td>Intravenous peripheral route (qualifier value)</td>
                            <td/>
                        </tr>
                        <tr>
                            <td>
                                <a href="http://browser.ihtsdotools.org/?perspective=full&amp;conceptId1=420047004">420047004</a>
                            </td>
                            <td>Periosteal route (qualifier value)</td>
                            <td/>
                        </tr>
                        <tr>
                            <td>
                                <a href="http://browser.ihtsdotools.org/?perspective=full&amp;conceptId1=420163009">420163009</a>
                            </td>
                            <td>Esophagostomy route (qualifier value)</td>
                            <td/>
                        </tr>
                        <tr>
                            <td>
                                <a href="http://browser.ihtsdotools.org/?perspective=full&amp;conceptId1=420168000">420168000</a>
                            </td>
                            <td>Urostomy route (qualifier value)</td>
                            <td/>
                        </tr>
                        <tr>
                            <td>
                                <a href="http://browser.ihtsdotools.org/?perspective=full&amp;conceptId1=420185003">420185003</a>
                            </td>
                            <td>Laryngeal route (qualifier value)</td>
                            <td/>
                        </tr>
                        <tr>
                            <td>
                                <a href="http://browser.ihtsdotools.org/?perspective=full&amp;conceptId1=420201002">420201002</a>
                            </td>
                            <td>Intrapulmonary route (qualifier value)</td>
                            <td/>
                        </tr>
                        <tr>
                            <td>
                                <a href="http://browser.ihtsdotools.org/?perspective=full&amp;conceptId1=420204005">420204005</a>
                            </td>
                            <td>Mucous fistula route (qualifier value)</td>
                            <td/>
                        </tr>
                        <tr>
                            <td>
                                <a href="http://browser.ihtsdotools.org/?perspective=full&amp;conceptId1=420218003">420218003</a>
                            </td>
                            <td>Nasoduodenal route (qualifier value)</td>
                            <td/>
                        </tr>
                        <tr>
                            <td>
                                <a href="http://browser.ihtsdotools.org/?perspective=full&amp;conceptId1=420254004">420254004</a>
                            </td>
                            <td>Body cavity route (qualifier value)</td>
                            <td/>
                        </tr>
                        <tr>
                            <td>
                                <a href="http://browser.ihtsdotools.org/?perspective=full&amp;conceptId1=420287000">420287000</a>
                            </td>
                            <td>Intraventricular route - cardiac (qualifier value)</td>
                            <td/>
                        </tr>
                        <tr>
                            <td>
                                <a href="http://browser.ihtsdotools.org/?perspective=full&amp;conceptId1=420719007">420719007</a>
                            </td>
                            <td>Intracerebroventricular route (qualifier value)</td>
                            <td/>
                        </tr>
                        <tr>
                            <td>
                                <a href="http://browser.ihtsdotools.org/?perspective=full&amp;conceptId1=428191002">428191002</a>
                            </td>
                            <td>Percutaneous route (qualifier value)</td>
                            <td/>
                        </tr>
                        <tr>
                            <td>
                                <a href="http://browser.ihtsdotools.org/?perspective=full&amp;conceptId1=429817007">429817007</a>
                            </td>
                            <td>Interstitial route (qualifier value)</td>
                            <td/>
                        </tr>
                        <tr>
                            <td>
                                <a href="http://browser.ihtsdotools.org/?perspective=full&amp;conceptId1=432671000124106">432671000124106</a>
                            </td>
                            <td>Arteriovenous graft route (qualifier value)</td>
                            <td/>
                        </tr>
                        <tr>
                            <td>
                                <a href="http://browser.ihtsdotools.org/?perspective=full&amp;conceptId1=445752009">445752009</a>
                            </td>
                            <td>Intraesophageal route (qualifier value)</td>
                            <td/>
                        </tr>
                        <tr>
                            <td>
                                <a href="http://browser.ihtsdotools.org/?perspective=full&amp;conceptId1=445754005">445754005</a>
                            </td>
                            <td>Intragingival route (qualifier value)</td>
                            <td/>
                        </tr>
                        <tr>
                            <td>
                                <a href="http://browser.ihtsdotools.org/?perspective=full&amp;conceptId1=445755006">445755006</a>
                            </td>
                            <td>Intravascular route (qualifier value)</td>
                            <td/>
                        </tr>
                        <tr>
                            <td>
                                <a href="http://browser.ihtsdotools.org/?perspective=full&amp;conceptId1=445756007">445756007</a>
                            </td>
                            <td>Intradural route (qualifier value)</td>
                            <td/>
                        </tr>
                        <tr>
                            <td>
                                <a href="http://browser.ihtsdotools.org/?perspective=full&amp;conceptId1=445767008">445767008</a>
                            </td>
                            <td>Intrameningeal route (qualifier value)</td>
                            <td/>
                        </tr>
                        <tr>
                            <td>
                                <a href="http://browser.ihtsdotools.org/?perspective=full&amp;conceptId1=445768003">445768003</a>
                            </td>
                            <td>Intragastric route (qualifier value)</td>
                            <td/>
                        </tr>
                        <tr>
                            <td>
                                <a href="http://browser.ihtsdotools.org/?perspective=full&amp;conceptId1=445769006">445769006</a>
                            </td>
                            <td>Intracorpus cavernosum route (qualifier value)</td>
                            <td/>
                        </tr>
                        <tr>
                            <td>
                                <a href="http://browser.ihtsdotools.org/?perspective=full&amp;conceptId1=445771006">445771006</a>
                            </td>
                            <td>Intrapericardial route (qualifier value)</td>
                            <td/>
                        </tr>
                        <tr>
                            <td>
                                <a href="http://browser.ihtsdotools.org/?perspective=full&amp;conceptId1=445913005">445913005</a>
                            </td>
                            <td>Intralingual route (qualifier value)</td>
                            <td/>
                        </tr>
                        <tr>
                            <td>
                                <a href="http://browser.ihtsdotools.org/?perspective=full&amp;conceptId1=445941009">445941009</a>
                            </td>
                            <td>Intrahepatic route (qualifier value)</td>
                            <td/>
                        </tr>
                        <tr>
                            <td>
                                <a href="http://browser.ihtsdotools.org/?perspective=full&amp;conceptId1=446105004">446105004</a>
                            </td>
                            <td>Conjunctival route (qualifier value)</td>
                            <td/>
                        </tr>
                        <tr>
                            <td>
                                <a href="http://browser.ihtsdotools.org/?perspective=full&amp;conceptId1=446407004">446407004</a>
                            </td>
                            <td>Intraepicardial route (qualifier value)</td>
                            <td/>
                        </tr>
                        <tr>
                            <td>
                                <a href="http://browser.ihtsdotools.org/?perspective=full&amp;conceptId1=446435000">446435000</a>
                            </td>
                            <td>Transendocardial route (qualifier value)</td>
                            <td/>
                        </tr>
                        <tr>
                            <td>
                                <a href="http://browser.ihtsdotools.org/?perspective=full&amp;conceptId1=446442000">446442000</a>
                            </td>
                            <td>Transplacental route (qualifier value)</td>
                            <td/>
                        </tr>
                        <tr>
                            <td>
                                <a href="http://browser.ihtsdotools.org/?perspective=full&amp;conceptId1=446540005">446540005</a>
                            </td>
                            <td>Intracerebral route (qualifier value)</td>
                            <td/>
                        </tr>
                        <tr>
                            <td>
                                <a href="http://browser.ihtsdotools.org/?perspective=full&amp;conceptId1=447026006">447026006</a>
                            </td>
                            <td>Intraileal route (qualifier value)</td>
                            <td/>
                        </tr>
                        <tr>
                            <td>
                                <a href="http://browser.ihtsdotools.org/?perspective=full&amp;conceptId1=447052000">447052000</a>
                            </td>
                            <td>Periodontal route (qualifier value)</td>
                            <td/>
                        </tr>
                        <tr>
                            <td>
                                <a href="http://browser.ihtsdotools.org/?perspective=full&amp;conceptId1=447080003">447080003</a>
                            </td>
                            <td>Peridural route (qualifier value)</td>
                            <td/>
                        </tr>
                        <tr>
                            <td>
                                <a href="http://browser.ihtsdotools.org/?perspective=full&amp;conceptId1=447081004">447081004</a>
                            </td>
                            <td>Lower respiratory tract route (qualifier value)</td>
                            <td/>
                        </tr>
                        <tr>
                            <td>
                                <a href="http://browser.ihtsdotools.org/?perspective=full&amp;conceptId1=447121004">447121004</a>
                            </td>
                            <td>Intramammary route (qualifier value)</td>
                            <td/>
                        </tr>
                        <tr>
                            <td>
                                <a href="http://browser.ihtsdotools.org/?perspective=full&amp;conceptId1=447122006">447122006</a>
                            </td>
                            <td>Intratumor route (qualifier value)</td>
                            <td/>
                        </tr>
                        <tr>
                            <td>
                                <a href="http://browser.ihtsdotools.org/?perspective=full&amp;conceptId1=447227007">447227007</a>
                            </td>
                            <td>Transtympanic route (qualifier value)</td>
                            <td/>
                        </tr>
                        <tr>
                            <td>
                                <a href="http://browser.ihtsdotools.org/?perspective=full&amp;conceptId1=447229005">447229005</a>
                            </td>
                            <td>Transtracheal route (qualifier value)</td>
                            <td/>
                        </tr>
                        <tr>
                            <td>
                                <a href="http://browser.ihtsdotools.org/?perspective=full&amp;conceptId1=447694001">447694001</a>
                            </td>
                            <td>Respiratory tract route (qualifier value)</td>
                            <td/>
                        </tr>
                        <tr>
                            <td>
                                <a href="http://browser.ihtsdotools.org/?perspective=full&amp;conceptId1=447964005">447964005</a>
                            </td>
                            <td>Digestive tract route (qualifier value)</td>
                            <td/>
                        </tr>
                        <tr>
                            <td>
                                <a href="http://browser.ihtsdotools.org/?perspective=full&amp;conceptId1=448077001">448077001</a>
                            </td>
                            <td>Intraepidermal route (qualifier value)</td>
                            <td/>
                        </tr>
                        <tr>
                            <td>
                                <a href="http://browser.ihtsdotools.org/?perspective=full&amp;conceptId1=448491004">448491004</a>
                            </td>
                            <td>Intrajejunal route (qualifier value)</td>
                            <td/>
                        </tr>
                        <tr>
                            <td>
                                <a href="http://browser.ihtsdotools.org/?perspective=full&amp;conceptId1=448492006">448492006</a>
                            </td>
                            <td>Intracolonic route (qualifier value)</td>
                            <td/>
                        </tr>
                        <tr>
                            <td>
                                <a href="http://browser.ihtsdotools.org/?perspective=full&amp;conceptId1=448598008">448598008</a>
                            </td>
                            <td>Cutaneous route (qualifier value)</td>
                            <td/>
                        </tr>
                        <tr>
                            <td>
                                <a href="http://browser.ihtsdotools.org/?perspective=full&amp;conceptId1=45890007">45890007</a>
                            </td>
                            <td>Transdermal route (qualifier value)</td>
                            <td/>
                        </tr>
                        <tr>
                            <td>
                                <a href="http://browser.ihtsdotools.org/?perspective=full&amp;conceptId1=46713006">46713006</a>
                            </td>
                            <td>Nasal route (qualifier value)</td>
                            <td/>
                        </tr>
                        <tr>
                            <td>
                                <a href="http://browser.ihtsdotools.org/?perspective=full&amp;conceptId1=47625008">47625008</a>
                            </td>
                            <td>Intravenous route (qualifier value)</td>
                            <td/>
                        </tr>
                        <tr>
                            <td>
                                <a href="http://browser.ihtsdotools.org/?perspective=full&amp;conceptId1=54471007">54471007</a>
                            </td>
                            <td>Buccal route (qualifier value)</td>
                            <td/>
                        </tr>
                        <tr>
                            <td>
                                <a href="http://browser.ihtsdotools.org/?perspective=full&amp;conceptId1=54485002">54485002</a>
                            </td>
                            <td>Ophthalmic route (qualifier value)</td>
                            <td/>
                        </tr>
                        <tr>
                            <td>
                                <a href="http://browser.ihtsdotools.org/?perspective=full&amp;conceptId1=58100008">58100008</a>
                            </td>
                            <td>Intra-arterial route (qualifier value)</td>
                            <td/>
                        </tr>
                        <tr>
                            <td>
                                <a href="http://browser.ihtsdotools.org/?perspective=full&amp;conceptId1=60213007">60213007</a>
                            </td>
                            <td>Intramedullary route (qualifier value)</td>
                            <td/>
                        </tr>
                        <tr>
                            <td>
                                <a href="http://browser.ihtsdotools.org/?perspective=full&amp;conceptId1=6064005">6064005</a>
                            </td>
                            <td>Topical route (qualifier value)</td>
                            <td/>
                        </tr>
                        <tr>
                            <td>
                                <a href="http://browser.ihtsdotools.org/?perspective=full&amp;conceptId1=62226000">62226000</a>
                            </td>
                            <td>Intrauterine route (qualifier value)</td>
                            <td/>
                        </tr>
                        <tr>
                            <td>
                                <a href="http://browser.ihtsdotools.org/?perspective=full&amp;conceptId1=697971008">697971008</a>
                            </td>
                            <td>Arteriovenous fistula route (qualifier value)</td>
                            <td/>
                        </tr>
                        <tr>
                            <td>
                                <a href="http://browser.ihtsdotools.org/?perspective=full&amp;conceptId1=711360002">711360002</a>
                            </td>
                            <td>Intraneural route (qualifier value)</td>
                            <td/>
                        </tr>
                        <tr>
                            <td>
                                <a href="http://browser.ihtsdotools.org/?perspective=full&amp;conceptId1=711378007">711378007</a>
                            </td>
                            <td>Intramural route (qualifier value)</td>
                            <td/>
                        </tr>
                        <tr>
                            <td>
                                <a href="http://browser.ihtsdotools.org/?perspective=full&amp;conceptId1=714743009">714743009</a>
                            </td>
                            <td>Extracorporeal route (qualifier value)</td>
                            <td/>
                        </tr>
                        <tr>
                            <td>
                                <a href="http://browser.ihtsdotools.org/?perspective=full&amp;conceptId1=718329006">718329006</a>
                            </td>
                            <td>Infiltration route (qualifier value)</td>
                            <td/>
                        </tr>
                        <tr>
                            <td>
                                <a href="http://browser.ihtsdotools.org/?perspective=full&amp;conceptId1=72607000">72607000</a>
                            </td>
                            <td>Intrathecal route (qualifier value)</td>
                            <td/>
                        </tr>
                        <tr>
                            <td>
                                <a href="http://browser.ihtsdotools.org/?perspective=full&amp;conceptId1=78421000">78421000</a>
                            </td>
                            <td>Intramuscular route (qualifier value)</td>
                            <td/>
                        </tr>
                        <tr>
                            <td>
                                <a href="http://browser.ihtsdotools.org/?perspective=full&amp;conceptId1=90028008">90028008</a>
                            </td>
                            <td>Urethral route (qualifier value)</td>
                            <td/>
                        </tr>
                    </table>
                </li>
            </ul>
        </div></text><url value="http://cts.nlm.nih.gov/fhir/ValueSet/2.16.840.1.113762.1.4.1099.12"/><version value="0.0.1"/><name value="Medication Route"/><status value="active"/><date value="2017-09-13T22:00:04-07:00"/><publisher value="HL7 Terminology"/><compose><include><system value="http://snomed.info/sct"/><concept><code value="10547007"/><display value="Otic route (qualifier value)"/></concept><concept><code value="12130007"/><display value="Intra-articular route (qualifier value)"/></concept><concept><code value="127490009"/><display value="Gastrostomy route (qualifier value)"/></concept><concept><code value="127491008"/><display value="Jejunostomy route (qualifier value)"/></concept><concept><code value="127492001"/><display value="Nasogastric route (qualifier value)"/></concept><concept><code value="1611000175109"/><display value="Sublesional route (qualifier value)"/></concept><concept><code value="16857009"/><display value="Vaginal route (qualifier value)"/></concept><concept><code value="26643006"/><display value="Oral route (qualifier value)"/></concept><concept><code value="34206005"/><display value="Subcutaneous route (qualifier value)"/></concept><concept><code value="37161004"/><display value="Rectal route (qualifier value)"/></concept><concept><code value="372449004"/><display value="Dental route (qualifier value)"/></concept><concept><code value="372450004"/><display value="Endocervical route (qualifier value)"/></concept><concept><code value="372451000"/><display value="Endosinusial route (qualifier value)"/></concept><concept><code value="372452007"/><display value="Endotracheopulmonary route (qualifier value)"/></concept><concept><code value="372453002"/><display value="Extra-amniotic route (qualifier value)"/></concept><concept><code value="372454008"/><display value="Gastroenteral route (qualifier value)"/></concept><concept><code value="372457001"/><display value="Gingival route (qualifier value)"/></concept><concept><code value="372458006"/><display value="Intraamniotic route (qualifier value)"/></concept><concept><code value="372459003"/><display value="Intrabursal route (qualifier value)"/></concept><concept><code value="372460008"/><display value="Intracardiac route (qualifier value)"/></concept><concept><code value="372461007"/><display value="Intracavernous route (qualifier value)"/></concept><concept><code value="372463005"/><display value="Intracoronary route (qualifier value)"/></concept><concept><code value="372464004"/><display value="Intradermal route (qualifier value)"/></concept><concept><code value="372465003"/><display value="Intradiscal route (qualifier value)"/></concept><concept><code value="372466002"/><display value="Intralesional route (qualifier value)"/></concept><concept><code value="372467006"/><display value="Intralymphatic route (qualifier value)"/></concept><concept><code value="372468001"/><display value="Intraocular route (qualifier value)"/></concept><concept><code value="372469009"/><display value="Intrapleural route (qualifier value)"/></concept><concept><code value="372470005"/><display value="Intrasternal route (qualifier value)"/></concept><concept><code value="372471009"/><display value="Intravesical route (qualifier value)"/></concept><concept><code value="372473007"/><display value="Oromucosal route (qualifier value)"/></concept><concept><code value="372474001"/><display value="Periarticular route (qualifier value)"/></concept><concept><code value="372475000"/><display value="Perineural route (qualifier value)"/></concept><concept><code value="372476004"/><display value="Subconjunctival route (qualifier value)"/></concept><concept><code value="37737002"/><display value="Intraluminal route (qualifier value)"/></concept><concept><code value="37839007"/><display value="Sublingual route (qualifier value)"/></concept><concept><code value="38239002"/><display value="Intraperitoneal route (qualifier value)"/></concept><concept><code value="404815008"/><display value="Transmucosal route (qualifier value)"/></concept><concept><code value="404818005"/><display value="Intratracheal route (qualifier value)"/></concept><concept><code value="404819002"/><display value="Intrabiliary route (qualifier value)"/></concept><concept><code value="404820008"/><display value="Epidural route (qualifier value)"/></concept><concept><code value="416174007"/><display value="Suborbital route (qualifier value)"/></concept><concept><code value="417070009"/><display value="Caudal route (qualifier value)"/></concept><concept><code value="417255000"/><display value="Intraosseous route (qualifier value)"/></concept><concept><code value="417950001"/><display value="Intrathoracic route (qualifier value)"/></concept><concept><code value="417985001"/><display value="Enteral route (qualifier value)"/></concept><concept><code value="417989007"/><display value="Intraductal route (qualifier value)"/></concept><concept><code value="418091004"/><display value="Intratympanic route (qualifier value)"/></concept><concept><code value="418114005"/><display value="Intravenous central route (qualifier value)"/></concept><concept><code value="418133000"/><display value="Intramyometrial route (qualifier value)"/></concept><concept><code value="418136008"/><display value="Gastro-intestinal stoma route (qualifier value)"/></concept><concept><code value="418162004"/><display value="Colostomy route (qualifier value)"/></concept><concept><code value="418204005"/><display value="Periurethral route (qualifier value)"/></concept><concept><code value="418287000"/><display value="Intracoronal route (qualifier value)"/></concept><concept><code value="418321004"/><display value="Retrobulbar route (qualifier value)"/></concept><concept><code value="418331006"/><display value="Intracartilaginous route (qualifier value)"/></concept><concept><code value="418401004"/><display value="Intravitreal route (qualifier value)"/></concept><concept><code value="418418000"/><display value="Intraspinal route (qualifier value)"/></concept><concept><code value="418441008"/><display value="Orogastric route (qualifier value)"/></concept><concept><code value="418511008"/><display value="Transurethral route (qualifier value)"/></concept><concept><code value="418586008"/><display value="Intratendinous route (qualifier value)"/></concept><concept><code value="418608002"/><display value="Intracorneal route (qualifier value)"/></concept><concept><code value="418664002"/><display value="Oropharyngeal route (qualifier value)"/></concept><concept><code value="418722009"/><display value="Peribulbar route (qualifier value)"/></concept><concept><code value="418730005"/><display value="Nasojejunal route (qualifier value)"/></concept><concept><code value="418743005"/><display value="Fistula route (qualifier value)"/></concept><concept><code value="418813001"/><display value="Surgical drain route (qualifier value)"/></concept><concept><code value="418821007"/><display value="Intracameral route (qualifier value)"/></concept><concept><code value="418851001"/><display value="Paracervical route (qualifier value)"/></concept><concept><code value="418877009"/><display value="Intrasynovial route (qualifier value)"/></concept><concept><code value="418887008"/><display value="Intraduodenal route (qualifier value)"/></concept><concept><code value="418892005"/><display value="Intracisternal route (qualifier value)"/></concept><concept><code value="418947002"/><display value="Intratesticular route (qualifier value)"/></concept><concept><code value="418987007"/><display value="Intracranial route (qualifier value)"/></concept><concept><code value="419021003"/><display value="Tumor cavity route (qualifier value)"/></concept><concept><code value="419165009"/><display value="Paravertebral route (qualifier value)"/></concept><concept><code value="419231003"/><display value="Intrasinal route (qualifier value)"/></concept><concept><code value="419243002"/><display value="Transcervical route (qualifier value)"/></concept><concept><code value="419320008"/><display value="Subtendinous route (qualifier value)"/></concept><concept><code value="419396008"/><display value="Intraabdominal route (qualifier value)"/></concept><concept><code value="419601003"/><display value="Subgingival route (qualifier value)"/></concept><concept><code value="419631009"/><display value="Intraovarian route (qualifier value)"/></concept><concept><code value="419684008"/><display value="Ureteral route (qualifier value)"/></concept><concept><code value="419762003"/><display value="Peritendinous route (qualifier value)"/></concept><concept><code value="419778001"/><display value="Intrabronchial route (qualifier value)"/></concept><concept><code value="419810008"/><display value="Intraprostatic route (qualifier value)"/></concept><concept><code value="419874009"/><display value="Submucosal route (qualifier value)"/></concept><concept><code value="419894000"/><display value="Surgical cavity route (qualifier value)"/></concept><concept><code value="419954003"/><display value="Ileostomy route (qualifier value)"/></concept><concept><code value="419993007"/><display value="Intravenous peripheral route (qualifier value)"/></concept><concept><code value="420047004"/><display value="Periosteal route (qualifier value)"/></concept><concept><code value="420163009"/><display value="Esophagostomy route (qualifier value)"/></concept><concept><code value="420168000"/><display value="Urostomy route (qualifier value)"/></concept><concept><code value="420185003"/><display value="Laryngeal route (qualifier value)"/></concept><concept><code value="420201002"/><display value="Intrapulmonary route (qualifier value)"/></concept><concept><code value="420204005"/><display value="Mucous fistula route (qualifier value)"/></concept><concept><code value="420218003"/><display value="Nasoduodenal route (qualifier value)"/></concept><concept><code value="420254004"/><display value="Body cavity route (qualifier value)"/></concept><concept><code value="420287000"/><display value="Intraventricular route - cardiac (qualifier value)"/></concept><concept><code value="420719007"/><display value="Intracerebroventricular route (qualifier value)"/></concept><concept><code value="428191002"/><display value="Percutaneous route (qualifier value)"/></concept><concept><code value="429817007"/><display value="Interstitial route (qualifier value)"/></concept><concept><code value="432671000124106"/><display value="Arteriovenous graft route (qualifier value)"/></concept><concept><code value="445752009"/><display value="Intraesophageal route (qualifier value)"/></concept><concept><code value="445754005"/><display value="Intragingival route (qualifier value)"/></concept><concept><code value="445755006"/><display value="Intravascular route (qualifier value)"/></concept><concept><code value="445756007"/><display value="Intradural route (qualifier value)"/></concept><concept><code value="445767008"/><display value="Intrameningeal route (qualifier value)"/></concept><concept><code value="445768003"/><display value="Intragastric route (qualifier value)"/></concept><concept><code value="445769006"/><display value="Intracorpus cavernosum route (qualifier value)"/></concept><concept><code value="445771006"/><display value="Intrapericardial route (qualifier value)"/></concept><concept><code value="445913005"/><display value="Intralingual route (qualifier value)"/></concept><concept><code value="445941009"/><display value="Intrahepatic route (qualifier value)"/></concept><concept><code value="446105004"/><display value="Conjunctival route (qualifier value)"/></concept><concept><code value="446407004"/><display value="Intraepicardial route (qualifier value)"/></concept><concept><code value="446435000"/><display value="Transendocardial route (qualifier value)"/></concept><concept><code value="446442000"/><display value="Transplacental route (qualifier value)"/></concept><concept><code value="446540005"/><display value="Intracerebral route (qualifier value)"/></concept><concept><code value="447026006"/><display value="Intraileal route (qualifier value)"/></concept><concept><code value="447052000"/><display value="Periodontal route (qualifier value)"/></concept><concept><code value="447080003"/><display value="Peridural route (qualifier value)"/></concept><concept><code value="447081004"/><display value="Lower respiratory tract route (qualifier value)"/></concept><concept><code value="447121004"/><display value="Intramammary route (qualifier value)"/></concept><concept><code value="447122006"/><display value="Intratumor route (qualifier value)"/></concept><concept><code value="447227007"/><display value="Transtympanic route (qualifier value)"/></concept><concept><code value="447229005"/><display value="Transtracheal route (qualifier value)"/></concept><concept><code value="447694001"/><display value="Respiratory tract route (qualifier value)"/></concept><concept><code value="447964005"/><display value="Digestive tract route (qualifier value)"/></concept><concept><code value="448077001"/><display value="Intraepidermal route (qualifier value)"/></concept><concept><code value="448491004"/><display value="Intrajejunal route (qualifier value)"/></concept><concept><code value="448492006"/><display value="Intracolonic route (qualifier value)"/></concept><concept><code value="448598008"/><display value="Cutaneous route (qualifier value)"/></concept><concept><code value="45890007"/><display value="Transdermal route (qualifier value)"/></concept><concept><code value="46713006"/><display value="Nasal route (qualifier value)"/></concept><concept><code value="47625008"/><display value="Intravenous route (qualifier value)"/></concept><concept><code value="54471007"/><display value="Buccal route (qualifier value)"/></concept><concept><code value="54485002"/><display value="Ophthalmic route (qualifier value)"/></concept><concept><code value="58100008"/><display value="Intra-arterial route (qualifier value)"/></concept><concept><code value="60213007"/><display value="Intramedullary route (qualifier value)"/></concept><concept><code value="6064005"/><display value="Topical route (qualifier value)"/></concept><concept><code value="62226000"/><display value="Intrauterine route (qualifier value)"/></concept><concept><code value="697971008"/><display value="Arteriovenous fistula route (qualifier value)"/></concept><concept><code value="711360002"/><display value="Intraneural route (qualifier value)"/></concept><concept><code value="711378007"/><display value="Intramural route (qualifier value)"/></concept><concept><code value="714743009"/><display value="Extracorporeal route (qualifier value)"/></concept><concept><code value="718329006"/><display value="Infiltration route (qualifier value)"/></concept><concept><code value="72607000"/><display value="Intrathecal route (qualifier value)"/></concept><concept><code value="78421000"/><display value="Intramuscular route (qualifier value)"/></concept><concept><code value="90028008"/><display value="Urethral route (qualifier value)"/></concept></include></compose></ValueSet>