<?xml version="1.0" encoding="UTF-8"?><ValueSet xmlns="http://hl7.org/fhir"><id value="2.16.840.1.113883.1.11.20.2.6"/><meta><versionId value="18"/><lastUpdated value="2018-05-18T22:08:36.000-07:00"/></meta><text><status value="generated"/><div xmlns="http://www.w3.org/1999/xhtml">
            <h2>Wound Type</h2>
            <p>This value set includes codes from the following code systems:</p>
            <ul>
                <li>Include these codes as defined in 
                    
                    <a href="http://www.snomed.org/">
                        <code>http://snomed.info/sct</code>
                    </a>
                    <table class="none">
                        <tr>
                            <td>
                                <b>Code</b>
                            </td>
                            <td>
                                <b>Display</b>
                            </td>
                        </tr>
                        <tr>
                            <td>
                                <a href="http://browser.ihtsdotools.org/?perspective=full&amp;conceptId1=125667009">125667009</a>
                            </td>
                            <td>Contusion (disorder)</td>
                            <td/>
                        </tr>
                        <tr>
                            <td>
                                <a href="http://browser.ihtsdotools.org/?perspective=full&amp;conceptId1=128045006">128045006</a>
                            </td>
                            <td>Cellulitis (disorder)</td>
                            <td/>
                        </tr>
                        <tr>
                            <td>
                                <a href="http://browser.ihtsdotools.org/?perspective=full&amp;conceptId1=129902007">129902007</a>
                            </td>
                            <td>Skin incision finding (finding)</td>
                            <td/>
                        </tr>
                        <tr>
                            <td>
                                <a href="http://browser.ihtsdotools.org/?perspective=full&amp;conceptId1=13954005">13954005</a>
                            </td>
                            <td>Ischemic ulcer (disorder)</td>
                            <td/>
                        </tr>
                        <tr>
                            <td>
                                <a href="http://browser.ihtsdotools.org/?perspective=full&amp;conceptId1=238792006">238792006</a>
                            </td>
                            <td>Mixed arteriovenous leg ulcer (disorder)</td>
                            <td/>
                        </tr>
                        <tr>
                            <td>
                                <a href="http://browser.ihtsdotools.org/?perspective=full&amp;conceptId1=247444006">247444006</a>
                            </td>
                            <td>Excoriation of skin (disorder)</td>
                            <td/>
                        </tr>
                        <tr>
                            <td>
                                <a href="http://browser.ihtsdotools.org/?perspective=full&amp;conceptId1=247464001">247464001</a>
                            </td>
                            <td>Blistering eruption (disorder)</td>
                            <td/>
                        </tr>
                        <tr>
                            <td>
                                <a href="http://browser.ihtsdotools.org/?perspective=full&amp;conceptId1=271761007">271761007</a>
                            </td>
                            <td>Scaly skin (finding)</td>
                            <td/>
                        </tr>
                        <tr>
                            <td>
                                <a href="http://browser.ihtsdotools.org/?perspective=full&amp;conceptId1=271767006">271767006</a>
                            </td>
                            <td>Peeling of skin (finding)</td>
                            <td/>
                        </tr>
                        <tr>
                            <td>
                                <a href="http://browser.ihtsdotools.org/?perspective=full&amp;conceptId1=271807003">271807003</a>
                            </td>
                            <td>Eruption of skin (disorder)</td>
                            <td/>
                        </tr>
                        <tr>
                            <td>
                                <a href="http://browser.ihtsdotools.org/?perspective=full&amp;conceptId1=274165007">274165007</a>
                            </td>
                            <td>Laceration of skin (disorder)</td>
                            <td/>
                        </tr>
                        <tr>
                            <td>
                                <a href="http://browser.ihtsdotools.org/?perspective=full&amp;conceptId1=279420009">279420009</a>
                            </td>
                            <td>Hematoma of skin (disorder)</td>
                            <td/>
                        </tr>
                        <tr>
                            <td>
                                <a href="http://browser.ihtsdotools.org/?perspective=full&amp;conceptId1=283545005">283545005</a>
                            </td>
                            <td>Gunshot wound (disorder)</td>
                            <td/>
                        </tr>
                        <tr>
                            <td>
                                <a href="http://browser.ihtsdotools.org/?perspective=full&amp;conceptId1=283682007">283682007</a>
                            </td>
                            <td>Bite - wound (disorder)</td>
                            <td/>
                        </tr>
                        <tr>
                            <td>
                                <a href="http://browser.ihtsdotools.org/?perspective=full&amp;conceptId1=284196006">284196006</a>
                            </td>
                            <td>Burn of skin (disorder)</td>
                            <td/>
                        </tr>
                        <tr>
                            <td>
                                <a href="http://browser.ihtsdotools.org/?perspective=full&amp;conceptId1=312609001">312609001</a>
                            </td>
                            <td>Puncture wound - injury (disorder)</td>
                            <td/>
                        </tr>
                        <tr>
                            <td>
                                <a href="http://browser.ihtsdotools.org/?perspective=full&amp;conceptId1=3644009">3644009</a>
                            </td>
                            <td>Macerated skin (finding)</td>
                            <td/>
                        </tr>
                        <tr>
                            <td>
                                <a href="http://browser.ihtsdotools.org/?perspective=full&amp;conceptId1=371032004">371032004</a>
                            </td>
                            <td>Stasis ulcer (disorder)</td>
                            <td/>
                        </tr>
                        <tr>
                            <td>
                                <a href="http://browser.ihtsdotools.org/?perspective=full&amp;conceptId1=399912005">399912005</a>
                            </td>
                            <td>Pressure ulcer (disorder)</td>
                            <td/>
                        </tr>
                        <tr>
                            <td>
                                <a href="http://browser.ihtsdotools.org/?perspective=full&amp;conceptId1=400012003">400012003</a>
                            </td>
                            <td>Abrasion and/or friction burn of skin (disorder)</td>
                            <td/>
                        </tr>
                        <tr>
                            <td>
                                <a href="http://browser.ihtsdotools.org/?perspective=full&amp;conceptId1=402276007">402276007</a>
                            </td>
                            <td>Irritant contact dermatitis due to incontinence (disorder)</td>
                            <td/>
                        </tr>
                        <tr>
                            <td>
                                <a href="http://browser.ihtsdotools.org/?perspective=full&amp;conceptId1=403601003">403601003</a>
                            </td>
                            <td>Neuropathic ulcer (disorder)</td>
                            <td/>
                        </tr>
                        <tr>
                            <td>
                                <a href="http://browser.ihtsdotools.org/?perspective=full&amp;conceptId1=420324007">420324007</a>
                            </td>
                            <td>Pressure ulcer stage 2 (disorder)</td>
                            <td/>
                        </tr>
                        <tr>
                            <td>
                                <a href="http://browser.ihtsdotools.org/?perspective=full&amp;conceptId1=420597008">420597008</a>
                            </td>
                            <td>Pressure ulcer stage 4 (disorder)</td>
                            <td/>
                        </tr>
                        <tr>
                            <td>
                                <a href="http://browser.ihtsdotools.org/?perspective=full&amp;conceptId1=421076008">421076008</a>
                            </td>
                            <td>Pressure ulcer stage 1 (disorder)</td>
                            <td/>
                        </tr>
                        <tr>
                            <td>
                                <a href="http://browser.ihtsdotools.org/?perspective=full&amp;conceptId1=421594008">421594008</a>
                            </td>
                            <td>Nonstageable pressure ulcer (disorder)</td>
                            <td/>
                        </tr>
                        <tr>
                            <td>
                                <a href="http://browser.ihtsdotools.org/?perspective=full&amp;conceptId1=421927004">421927004</a>
                            </td>
                            <td>Pressure ulcer stage 3 (disorder)</td>
                            <td/>
                        </tr>
                        <tr>
                            <td>
                                <a href="http://browser.ihtsdotools.org/?perspective=full&amp;conceptId1=425322008">425322008</a>
                            </td>
                            <td>Stab wound (disorder)</td>
                            <td/>
                        </tr>
                        <tr>
                            <td>
                                <a href="http://browser.ihtsdotools.org/?perspective=full&amp;conceptId1=428220001">428220001</a>
                            </td>
                            <td>Traumatic tear of skin (disorder)</td>
                            <td/>
                        </tr>
                        <tr>
                            <td>
                                <a href="http://browser.ihtsdotools.org/?perspective=full&amp;conceptId1=429349001">429349001</a>
                            </td>
                            <td>Avulsion of skin (disorder)</td>
                            <td/>
                        </tr>
                        <tr>
                            <td>
                                <a href="http://browser.ihtsdotools.org/?perspective=full&amp;conceptId1=444827008">444827008</a>
                            </td>
                            <td>Erythema of skin (finding)</td>
                            <td/>
                        </tr>
                        <tr>
                            <td>
                                <a href="http://browser.ihtsdotools.org/?perspective=full&amp;conceptId1=723071003">723071003</a>
                            </td>
                            <td>Pressure injury of deep tissue (disorder)</td>
                            <td/>
                        </tr>
                        <tr>
                            <td>
                                <a href="http://browser.ihtsdotools.org/?perspective=full&amp;conceptId1=95321009">95321009</a>
                            </td>
                            <td>Fissure in skin (disorder)</td>
                            <td/>
                        </tr>
                    </table>
                </li>
            </ul>
        </div></text><url value="http://cts.nlm.nih.gov/fhir/ValueSet/2.16.840.1.113883.1.11.20.2.6"/><version value="2.1.0"/><name value="WoundType"/><title value="Wound Type"/><status value="active"/><date value="2018-05-18T22:00:03-07:00"/><publisher value="Health Level 7"/><compose><include><system value="http://snomed.info/sct"/><concept><code value="125667009"/><display value="Contusion (disorder)"/></concept><concept><code value="128045006"/><display value="Cellulitis (disorder)"/></concept><concept><code value="129902007"/><display value="Skin incision finding (finding)"/></concept><concept><code value="13954005"/><display value="Ischemic ulcer (disorder)"/></concept><concept><code value="238792006"/><display value="Mixed arteriovenous leg ulcer (disorder)"/></concept><concept><code value="247444006"/><display value="Excoriation of skin (disorder)"/></concept><concept><code value="247464001"/><display value="Blistering eruption (disorder)"/></concept><concept><code value="271761007"/><display value="Scaly skin (finding)"/></concept><concept><code value="271767006"/><display value="Peeling of skin (finding)"/></concept><concept><code value="271807003"/><display value="Eruption of skin (disorder)"/></concept><concept><code value="274165007"/><display value="Laceration of skin (disorder)"/></concept><concept><code value="279420009"/><display value="Hematoma of skin (disorder)"/></concept><concept><code value="283545005"/><display value="Gunshot wound (disorder)"/></concept><concept><code value="283682007"/><display value="Bite - wound (disorder)"/></concept><concept><code value="284196006"/><display value="Burn of skin (disorder)"/></concept><concept><code value="312609001"/><display value="Puncture wound - injury (disorder)"/></concept><concept><code value="3644009"/><display value="Macerated skin (finding)"/></concept><concept><code value="371032004"/><display value="Stasis ulcer (disorder)"/></concept><concept><code value="399912005"/><display value="Pressure ulcer (disorder)"/></concept><concept><code value="400012003"/><display value="Abrasion and/or friction burn of skin (disorder)"/></concept><concept><code value="402276007"/><display value="Irritant contact dermatitis due to incontinence (disorder)"/></concept><concept><code value="403601003"/><display value="Neuropathic ulcer (disorder)"/></concept><concept><code value="420324007"/><display value="Pressure ulcer stage 2 (disorder)"/></concept><concept><code value="420597008"/><display value="Pressure ulcer stage 4 (disorder)"/></concept><concept><code value="421076008"/><display value="Pressure ulcer stage 1 (disorder)"/></concept><concept><code value="421594008"/><display value="Nonstageable pressure ulcer (disorder)"/></concept><concept><code value="421927004"/><display value="Pressure ulcer stage 3 (disorder)"/></concept><concept><code value="425322008"/><display value="Stab wound (disorder)"/></concept><concept><code value="428220001"/><display value="Traumatic tear of skin (disorder)"/></concept><concept><code value="429349001"/><display value="Avulsion of skin (disorder)"/></concept><concept><code value="444827008"/><display value="Erythema of skin (finding)"/></concept><concept><code value="723071003"/><display value="Pressure injury of deep tissue (disorder)"/></concept><concept><code value="95321009"/><display value="Fissure in skin (disorder)"/></concept></include></compose></ValueSet>