<?xml version="1.0" encoding="UTF-8"?><ValueSet xmlns="http://hl7.org/fhir"><id value="2.16.840.1.113883.3.88.12.80.64"/><meta><versionId value="4"/><lastUpdated value="2015-04-23T22:00:02.000-07:00"/></meta><text><status value="generated"/><div xmlns="http://www.w3.org/1999/xhtml">
            <h2>Medication Fill Status</h2>
            <p>This value set includes codes from the following code systems:</p>
            <ul>
                <li>Include these codes as defined in 
                    <code>http://hl7.org/fhir/v3/ActStatus</code>
                    <table class="none">
                        <tr>
                            <td>
                                <b>Code</b>
                            </td>
                            <td>
                                <b>Display</b>
                            </td>
                        </tr>
                        <tr>
                            <td>aborted</td>
                            <td>aborted</td>
                            <td/>
                        </tr>
                        <tr>
                            <td>completed</td>
                            <td>completed</td>
                            <td/>
                        </tr>
                    </table>
                </li>
            </ul>
        </div></text><url value="http://cts.nlm.nih.gov/fhir/ValueSet/2.16.840.1.113883.3.88.12.80.64"/><version value="0.0.1"/><name value="Medication Fill Status"/><status value="active"/><date value="2015-04-23T22:00:02-07:00"/><publisher value="HL7 Terminology"/><compose><include><system value="http://hl7.org/fhir/v3/ActStatus"/><concept><code value="aborted"/><display value="aborted"/></concept><concept><code value="completed"/><display value="completed"/></concept></include></compose></ValueSet>