<?xml version="1.0" encoding="UTF-8"?><ValueSet xmlns="http://hl7.org/fhir"><id value="2.16.840.1.113883.3.88.12.3221.7.2"/><meta><versionId value="19"/><lastUpdated value="2019-04-15T14:11:19.000-07:00"/></meta><text><status value="generated"/><div xmlns="http://www.w3.org/1999/xhtml">
            <h2>Problem Type (SNOMEDCT)</h2>
            <p>This value set includes codes from the following code systems:</p>
            <ul>
                <li>Include these codes as defined in 
                    <a href="http://www.snomed.org/">
                        <code>http://snomed.info/sct</code>
                    </a>
                    <table class="none">
                        <tr>
                            <td>
                                <b>Code</b>
                            </td>
                            <td>
                                <b>Display</b>
                            </td>
                        </tr>
                        <tr>
                            <td>
                                <a href="http://browser.ihtsdotools.org/?perspective=full&amp;conceptId1=248536006">248536006</a>
                            </td>
                            <td>Finding of functional performance and activity (finding)</td>
                            <td/>
                        </tr>
                        <tr>
                            <td>
                                <a href="http://browser.ihtsdotools.org/?perspective=full&amp;conceptId1=282291009">282291009</a>
                            </td>
                            <td>Diagnosis interpretation (observable entity)</td>
                            <td/>
                        </tr>
                        <tr>
                            <td>
                                <a href="http://browser.ihtsdotools.org/?perspective=full&amp;conceptId1=373930000">373930000</a>
                            </td>
                            <td>Cognitive function finding (finding)</td>
                            <td/>
                        </tr>
                        <tr>
                            <td>
                                <a href="http://browser.ihtsdotools.org/?perspective=full&amp;conceptId1=404684003">404684003</a>
                            </td>
                            <td>Clinical finding (finding)</td>
                            <td/>
                        </tr>
                        <tr>
                            <td>
                                <a href="http://browser.ihtsdotools.org/?perspective=full&amp;conceptId1=409586006">409586006</a>
                            </td>
                            <td>Complaint (finding)</td>
                            <td/>
                        </tr>
                        <tr>
                            <td>
                                <a href="http://browser.ihtsdotools.org/?perspective=full&amp;conceptId1=418799008">418799008</a>
                            </td>
                            <td>Finding reported by subject or history provider (finding)</td>
                            <td/>
                        </tr>
                        <tr>
                            <td>
                                <a href="http://browser.ihtsdotools.org/?perspective=full&amp;conceptId1=55607006">55607006</a>
                            </td>
                            <td>Problem (finding)</td>
                            <td/>
                        </tr>
                        <tr>
                            <td>
                                <a href="http://browser.ihtsdotools.org/?perspective=full&amp;conceptId1=64572001">64572001</a>
                            </td>
                            <td>Disease (disorder)</td>
                            <td/>
                        </tr>
                    </table>
                </li>
            </ul>
        </div></text><url value="http://cts.nlm.nih.gov/fhir/ValueSet/2.16.840.1.113883.3.88.12.3221.7.2"/><version value="0.0.1"/><name value="Problem Type (SNOMEDCT)"/><status value="active"/><date value="2018-01-26T22:00:04-08:00"/><publisher value="HL7 Terminology"/><compose><include><system value="http://snomed.info/sct"/><concept><code value="248536006"/><display value="Finding of functional performance and activity (finding)"/></concept><concept><code value="282291009"/><display value="Diagnosis interpretation (observable entity)"/></concept><concept><code value="373930000"/><display value="Cognitive function finding (finding)"/></concept><concept><code value="404684003"/><display value="Clinical finding (finding)"/></concept><concept><code value="409586006"/><display value="Complaint (finding)"/></concept><concept><code value="418799008"/><display value="Finding reported by subject or history provider (finding)"/></concept><concept><code value="55607006"/><display value="Problem (finding)"/></concept><concept><code value="64572001"/><display value="Disease (disorder)"/></concept></include></compose></ValueSet>