<?xml version="1.0" encoding="UTF-8"?><ValueSet xmlns="http://hl7.org/fhir"><id value="2.16.840.1.113883.1.11.18877"/><meta><versionId value="7"/><lastUpdated value="2015-04-23T22:00:02.000-07:00"/></meta><text><status value="generated"/><div xmlns="http://www.w3.org/1999/xhtml">
            <h2>Coverage Role Type Value Set</h2>
            <p>This value set includes codes from the following code systems:</p>
            <ul>
                <li>Include these codes as defined in 
                    <code>http://hl7.org/fhir/v3/RoleCode</code>
                    <table class="none">
                        <tr>
                            <td>
                                <b>Code</b>
                            </td>
                            <td>
                                <b>Display</b>
                            </td>
                        </tr>
                        <tr>
                            <td>FAMDEP</td>
                            <td>family dependent</td>
                            <td/>
                        </tr>
                        <tr>
                            <td>FSTUD</td>
                            <td>full-time student</td>
                            <td/>
                        </tr>
                        <tr>
                            <td>HANDIC</td>
                            <td>handicapped dependent</td>
                            <td/>
                        </tr>
                        <tr>
                            <td>INJ</td>
                            <td>injured plaintiff</td>
                            <td/>
                        </tr>
                        <tr>
                            <td>PSTUD</td>
                            <td>part-time student</td>
                            <td/>
                        </tr>
                        <tr>
                            <td>SELF</td>
                            <td>self</td>
                            <td/>
                        </tr>
                        <tr>
                            <td>SPON</td>
                            <td>sponsored dependent</td>
                            <td/>
                        </tr>
                        <tr>
                            <td>STUD</td>
                            <td>student</td>
                            <td/>
                        </tr>
                    </table>
                </li>
            </ul>
        </div></text><url value="http://cts.nlm.nih.gov/fhir/ValueSet/2.16.840.1.113883.1.11.18877"/><version value="0.0.1"/><name value="Coverage Role Type Value Set"/><status value="active"/><date value="2015-04-23T22:00:02-07:00"/><publisher value="HL7 Terminology"/><compose><include><system value="http://hl7.org/fhir/v3/RoleCode"/><concept><code value="FAMDEP"/><display value="family dependent"/></concept><concept><code value="FSTUD"/><display value="full-time student"/></concept><concept><code value="HANDIC"/><display value="handicapped dependent"/></concept><concept><code value="INJ"/><display value="injured plaintiff"/></concept><concept><code value="PSTUD"/><display value="part-time student"/></concept><concept><code value="SELF"/><display value="self"/></concept><concept><code value="SPON"/><display value="sponsored dependent"/></concept><concept><code value="STUD"/><display value="student"/></concept></include></compose></ValueSet>