<?xml version="1.0" encoding="UTF-8"?><ValueSet xmlns="http://hl7.org/fhir"><id value="2.16.840.1.113883.11.20.9.36"/><meta><versionId value="8"/><lastUpdated value="2017-09-14T22:00:04.000-07:00"/></meta><text><status value="generated"/><div xmlns="http://www.w3.org/1999/xhtml">
            <h2>Pressure Point</h2>
            <p>This value set includes codes from the following code systems:</p>
            <ul>
                <li>Include these codes as defined in 
                    
                    <a href="http://www.snomed.org/">
                        <code>http://snomed.info/sct</code>
                    </a>
                    <table class="none">
                        <tr>
                            <td>
                                <b>Code</b>
                            </td>
                            <td>
                                <b>Display</b>
                            </td>
                        </tr>
                        <tr>
                            <td>
                                <a href="http://browser.ihtsdotools.org/?perspective=full&amp;conceptId1=122495006">122495006</a>
                            </td>
                            <td>Thoracic spine structure (body structure)</td>
                            <td/>
                        </tr>
                        <tr>
                            <td>
                                <a href="http://browser.ihtsdotools.org/?perspective=full&amp;conceptId1=122496007">122496007</a>
                            </td>
                            <td>Lumbar spine structure (body structure)</td>
                            <td/>
                        </tr>
                        <tr>
                            <td>
                                <a href="http://browser.ihtsdotools.org/?perspective=full&amp;conceptId1=182304008">182304008</a>
                            </td>
                            <td>Medial aspect of ankle (body structure)</td>
                            <td/>
                        </tr>
                        <tr>
                            <td>
                                <a href="http://browser.ihtsdotools.org/?perspective=full&amp;conceptId1=182305009">182305009</a>
                            </td>
                            <td>Lateral aspect of ankle (body structure)</td>
                            <td/>
                        </tr>
                        <tr>
                            <td>
                                <a href="http://browser.ihtsdotools.org/?perspective=full&amp;conceptId1=23747009">23747009</a>
                            </td>
                            <td>Skin structure of chin (body structure)</td>
                            <td/>
                        </tr>
                        <tr>
                            <td>
                                <a href="http://browser.ihtsdotools.org/?perspective=full&amp;conceptId1=287579007">287579007</a>
                            </td>
                            <td>Right hip region structure (body structure)</td>
                            <td/>
                        </tr>
                        <tr>
                            <td>
                                <a href="http://browser.ihtsdotools.org/?perspective=full&amp;conceptId1=287679003">287679003</a>
                            </td>
                            <td>Left hip region structure (body structure)</td>
                            <td/>
                        </tr>
                        <tr>
                            <td>
                                <a href="http://browser.ihtsdotools.org/?perspective=full&amp;conceptId1=368148009">368148009</a>
                            </td>
                            <td>Left elbow region structure (body structure)</td>
                            <td/>
                        </tr>
                        <tr>
                            <td>
                                <a href="http://browser.ihtsdotools.org/?perspective=full&amp;conceptId1=368149001">368149001</a>
                            </td>
                            <td>Right elbow region structure (body structure)</td>
                            <td/>
                        </tr>
                        <tr>
                            <td>
                                <a href="http://browser.ihtsdotools.org/?perspective=full&amp;conceptId1=396993003">396993003</a>
                            </td>
                            <td>Right posterior iliac crest (body structure)</td>
                            <td/>
                        </tr>
                        <tr>
                            <td>
                                <a href="http://browser.ihtsdotools.org/?perspective=full&amp;conceptId1=396994009">396994009</a>
                            </td>
                            <td>Left posterior iliac crest (body structure)</td>
                            <td/>
                        </tr>
                        <tr>
                            <td>
                                <a href="http://browser.ihtsdotools.org/?perspective=full&amp;conceptId1=43631005">43631005</a>
                            </td>
                            <td>Occipital region structure (body structure)</td>
                            <td/>
                        </tr>
                        <tr>
                            <td>
                                <a href="http://browser.ihtsdotools.org/?perspective=full&amp;conceptId1=46862004">46862004</a>
                            </td>
                            <td>Buttock structure (body structure)</td>
                            <td/>
                        </tr>
                        <tr>
                            <td>
                                <a href="http://browser.ihtsdotools.org/?perspective=full&amp;conceptId1=6685009">6685009</a>
                            </td>
                            <td>Structure of right ankle (body structure)</td>
                            <td/>
                        </tr>
                        <tr>
                            <td>
                                <a href="http://browser.ihtsdotools.org/?perspective=full&amp;conceptId1=6757004">6757004</a>
                            </td>
                            <td>Structure of right knee region (body structure)</td>
                            <td/>
                        </tr>
                        <tr>
                            <td>
                                <a href="http://browser.ihtsdotools.org/?perspective=full&amp;conceptId1=76853006">76853006</a>
                            </td>
                            <td>Heel structure (body structure)</td>
                            <td/>
                        </tr>
                        <tr>
                            <td>
                                <a href="http://browser.ihtsdotools.org/?perspective=full&amp;conceptId1=7874003">7874003</a>
                            </td>
                            <td>Structure of scapular region of back (body structure)</td>
                            <td/>
                        </tr>
                        <tr>
                            <td>
                                <a href="http://browser.ihtsdotools.org/?perspective=full&amp;conceptId1=82169009">82169009</a>
                            </td>
                            <td>Structure of left knee region (body structure)</td>
                            <td/>
                        </tr>
                        <tr>
                            <td>
                                <a href="http://browser.ihtsdotools.org/?perspective=full&amp;conceptId1=87141009">87141009</a>
                            </td>
                            <td>Sacral vertebra structure (body structure)</td>
                            <td/>
                        </tr>
                        <tr>
                            <td>
                                <a href="http://browser.ihtsdotools.org/?perspective=full&amp;conceptId1=91774008">91774008</a>
                            </td>
                            <td>Structure of right shoulder region (body structure)</td>
                            <td/>
                        </tr>
                    </table>
                </li>
            </ul>
        </div></text><url value="http://cts.nlm.nih.gov/fhir/ValueSet/2.16.840.1.113883.11.20.9.36"/><version value="2.1.0"/><name value="PressurePoint"/><title value="Pressure Point"/><status value="active"/><date value="2017-09-14T22:00:04-07:00"/><publisher value="Health Level 7"/><compose><include><system value="http://snomed.info/sct"/><concept><code value="122495006"/><display value="Thoracic spine structure (body structure)"/></concept><concept><code value="122496007"/><display value="Lumbar spine structure (body structure)"/></concept><concept><code value="182304008"/><display value="Medial aspect of ankle (body structure)"/></concept><concept><code value="182305009"/><display value="Lateral aspect of ankle (body structure)"/></concept><concept><code value="23747009"/><display value="Skin structure of chin (body structure)"/></concept><concept><code value="287579007"/><display value="Right hip region structure (body structure)"/></concept><concept><code value="287679003"/><display value="Left hip region structure (body structure)"/></concept><concept><code value="368148009"/><display value="Left elbow region structure (body structure)"/></concept><concept><code value="368149001"/><display value="Right elbow region structure (body structure)"/></concept><concept><code value="396993003"/><display value="Right posterior iliac crest (body structure)"/></concept><concept><code value="396994009"/><display value="Left posterior iliac crest (body structure)"/></concept><concept><code value="43631005"/><display value="Occipital region structure (body structure)"/></concept><concept><code value="46862004"/><display value="Buttock structure (body structure)"/></concept><concept><code value="6685009"/><display value="Structure of right ankle (body structure)"/></concept><concept><code value="6757004"/><display value="Structure of right knee region (body structure)"/></concept><concept><code value="76853006"/><display value="Heel structure (body structure)"/></concept><concept><code value="7874003"/><display value="Structure of scapular region of back (body structure)"/></concept><concept><code value="82169009"/><display value="Structure of left knee region (body structure)"/></concept><concept><code value="87141009"/><display value="Sacral vertebra structure (body structure)"/></concept><concept><code value="91774008"/><display value="Structure of right shoulder region (body structure)"/></concept></include></compose></ValueSet>