<?xml version="1.0" encoding="UTF-8"?><ValueSet xmlns="http://hl7.org/fhir"><id value="2.16.840.1.113883.1.11.12199"/><meta><versionId value="6"/><lastUpdated value="2015-04-23T22:00:02.000-07:00"/></meta><text><status value="generated"/><div xmlns="http://www.w3.org/1999/xhtml">
            <h2>LanguageAbilityProficiency</h2>
            <p>This value set includes codes from the following code systems:</p>
            <ul>
                <li>Include these codes as defined in 
                    
                    <code>http://hl7.org/fhir/v3/LanguageAbilityProficiency</code>
                    <table class="none">
                        <tr>
                            <td>
                                <b>Code</b>
                            </td>
                            <td>
                                <b>Display</b>
                            </td>
                        </tr>
                        <tr>
                            <td>E</td>
                            <td>Excellent</td>
                            <td/>
                        </tr>
                        <tr>
                            <td>F</td>
                            <td>Fair</td>
                            <td/>
                        </tr>
                        <tr>
                            <td>G</td>
                            <td>Good</td>
                            <td/>
                        </tr>
                        <tr>
                            <td>P</td>
                            <td>Poor</td>
                            <td/>
                        </tr>
                    </table>
                </li>
            </ul>
        </div></text><url value="http://cts.nlm.nih.gov/fhir/ValueSet/2.16.840.1.113883.1.11.12199"/><version value="2.1.0"/><name value="LanguageAbilityProficiency"/><title value="LanguageAbilityProficiency"/><status value="active"/><date value="2015-04-23T22:00:02-07:00"/><publisher value="Health Level 7"/><compose><include><system value="http://hl7.org/fhir/v3/LanguageAbilityProficiency"/><concept><code value="E"/><display value="Excellent"/></concept><concept><code value="F"/><display value="Fair"/></concept><concept><code value="G"/><display value="Good"/></concept><concept><code value="P"/><display value="Poor"/></concept></include></compose></ValueSet>