<?xml version="1.0" encoding="UTF-8"?>
<StructureDefinition
    xmlns="http://hl7.org/fhir">
    <id value="1.3.6.1.4.1.19376.1.5.3.1.3.1"/>
    <url value="http://hl7.org/cda/us/ccda/StructureDefinition/1.3.6.1.4.1.19376.1.5.3.1.3.1"/>
    <identifier>
        <value value="urn:hl7ii:1.3.6.1.4.1.19376.1.5.3.1.3.1:2014-06-09"/>
    </identifier>
    <version value="2014-06-09"/>
    <name value="ReasonforReferralSection"/>
    <title value="Reason for Referral Section"/>
    <status value="active"/>
    <contact>
        <name value="Gaye Dolin"/>
        <telecom>
            <system value="phone"/>
            <value value="714-744-4152"/>
            <use value="work"/>
        </telecom>
        <telecom>
            <system value="email"/>
            <value value="gaye.dolin@lantanagroup.com"/>
            <use value="work"/>
        </telecom>
    </contact>
    <description value="This section describes the clinical reason why a provider is sending a patient to another provider for care. The reason for referral may become the reason for visit documented by the receiving provider."/>
    <fhirVersion value="4.0.1"/>
    <kind value="logical"/>
    <abstract value="false"/>
    <type value="http://hl7.org/cda/stds/core/StructureDefinition/Section"/>
    <baseDefinition value="http://hl7.org/cda/stds/core/StructureDefinition/Section"/>
    <derivation value="constraint"/>
    <differential>
        <element id="Section">
            <path value="Section"/>
        </element>
        <element id="Section.templateId">
            <path value="Section.templateId"/>
            <slicing>
                <discriminator>
                    <type value="value"/>
                    <path value="root"/>
                </discriminator>
                <discriminator>
                    <type value="value"/>
                    <path value="extension"/>
                </discriminator>
                <rules value="open"/>
            </slicing>
            <min value="1"/>
        </element>
        <element id="Section.templateId:primary">
            <path value="Section.templateId"/>
            <sliceName value="primary"/>
            <requirements value="SHALL contain exactly one [1..1] templateId (CONF:1098-7844) such that it"/>
            <min value="1"/>
            <max value="1"/>
        </element>
        <element id="Section.templateId:primary.root">
            <path value="Section.templateId.root"/>
            <requirements value="SHALL contain exactly one [1..1] @root=&quot;1.3.6.1.4.1.19376.1.5.3.1.3.1&quot; (CONF:1098-10468)."/>
            <min value="1"/>
            <max value="1"/>
            <patternString value="1.3.6.1.4.1.19376.1.5.3.1.3.1"/>
        </element>
        <element id="Section.templateId:primary.extension">
            <path value="Section.templateId.extension"/>
            <requirements value="SHALL contain exactly one [1..1] @extension=&quot;2014-06-09&quot; (CONF:1098-32571)."/>
            <min value="1"/>
            <max value="1"/>
            <patternString value="2014-06-09"/>
        </element>
        <element id="Section.code">
            <path value="Section.code"/>
            <requirements value="SHALL contain exactly one [1..1] code (CONF:1098-15427)."/>
            <min value="1"/>
            <max value="1"/>
        </element>
        <element id="Section.code.code">
            <path value="Section.code.code"/>
            <requirements value="This code SHALL contain exactly one [1..1] @code=&quot;42349-1&quot; Reason for Referral (CONF:1098-15428)."/>
            <min value="1"/>
            <max value="1"/>
            <patternString value="42349-1"/>
        </element>
        <element id="Section.code.codeSystem">
            <path value="Section.code.codeSystem"/>
            <requirements value="This code SHALL contain exactly one [1..1] @codeSystem=&quot;2.16.840.1.113883.6.1&quot; (CodeSystem: LOINC urn:oid:2.16.840.1.113883.6.1) (CONF:1098-30867)."/>
            <min value="1"/>
            <max value="1"/>
            <patternString value="2.16.840.1.113883.6.1"/>
        </element>
        <element id="Section.title">
            <path value="Section.title"/>
            <requirements value="SHALL contain exactly one [1..1] title (CONF:1098-7846)."/>
            <min value="1"/>
            <max value="1"/>
        </element>
        <element id="Section.text">
            <path value="Section.text"/>
            <requirements value="SHALL contain exactly one [1..1] text (CONF:1098-7847)."/>
            <min value="1"/>
            <max value="1"/>
        </element>
        <element id="Section.entry">
            <path value="Section.entry"/>
            <slicing>
                <discriminator>
                    <type value="value"/>
                    <path value="act"/>
                </discriminator>
                <rules value="open"/>
            </slicing>
        </element>
        <element id="Section.entry:patientReferral">
            <path value="Section.entry"/>
            <sliceName value="patientReferral"/>
            <requirements value="MAY contain zero or more [0..*] entry (CONF:1098-30808) such that it"/>
            <min value="0"/>
            <max value="*"/>
        </element>
        <element id="Section.entry:patientReferral.act">
            <path value="Section.entry.act"/>
            <requirements value="SHALL contain exactly one [1..1] Patient Referral Act (identifier: urn:oid:2.16.840.1.113883.10.20.22.4.140) (CONF:1098-30897)."/>
            <min value="1"/>
            <max value="1"/>
            <type>
                <code value="http://hl7.org/cda/stds/core/StructureDefinition/Act"/>
                <profile value="http://hl7.org/cda/us/ccda/StructureDefinition/2.16.840.1.113883.10.20.22.4.140"/>
            </type>
        </element>
    </differential>
</StructureDefinition>