<?xml version="1.0" encoding="UTF-8"?>
<StructureDefinition
    xmlns="http://hl7.org/fhir">
    <id value="2.16.840.1.113883.10.20.22.4.305"/>
    <meta>
        <versionId value="2"/>
        <lastUpdated value="2023-06-29T20:25:15.408Z"/>
    </meta>
    <url value="http://hl7.org/cda/us/ccda/StructureDefinition/2.16.840.1.113883.10.20.22.4.305"/>
    <identifier>
        <value value="urn:hl7ii:2.16.840.1.113883.10.20.22.4.305:2019-06-21"/>
    </identifier>
    <version value="2019-06-21"/>
    <name value="ImplantableDeviceStatusObservation"/>
    <title value="Implantable Device Status Observation"/>
    <status value="active"/>
    <publisher value="Eversolve"/>
    <contact>
        <name value="Ioana Singureanu"/>
        <telecom>
            <system value="phone"/>
            <value value="603-870-9739"/>
            <use value="work"/>
        </telecom>
        <telecom>
            <system value="email"/>
            <value value="ioana.singureanu@gmail.com"/>
            <use value="work"/>
        </telecom>
    </contact>
    <description value="This template is intended to be used in addition to the **Product Instance** template urn:oid:2.16.840.1.113883.10.20.22.4.37  to augment the parsed data from the a Unique Device Identifier (UDI). This template is used to exchange the status of the patient's implantable medical device.  This status is only relevant to medical devices implanted in the patient's body."/>
    <fhirVersion value="4.0.1"/>
    <kind value="logical"/>
    <abstract value="false"/>
    <type value="http://hl7.org/cda/stds/core/StructureDefinition/Observation"/>
    <baseDefinition value="http://hl7.org/cda/stds/core/StructureDefinition/Observation"/>
    <derivation value="constraint"/>
    <differential>
        <element id="Observation">
            <path value="Observation"/>
        </element>
        <element id="Observation.templateId">
            <path value="Observation.templateId"/>
            <short value="templateId"/>
            <definition value="SHALL contain exactly one [1..1] templateId (CONF:4437-3502)."/>
            <min value="1"/>
            <max value="1"/>
        </element>
        <element id="Observation.templateId.root">
            <path value="Observation.templateId.root"/>
            <label value="template oid"/>
            <short value="template oid"/>
            <definition value="This templateId SHALL contain exactly one [1..1] @root=&quot;2.16.840.1.113883.10.20.22.4.305&quot; (CONF:4437-3505)."/>
            <min value="1"/>
            <max value="1"/>
            <patternString value="2.16.840.1.113883.10.20.22.4.305"/>
        </element>
        <element id="Observation.templateId.extension">
            <path value="Observation.templateId.extension"/>
            <short value="extension"/>
            <definition value="This templateId SHALL contain exactly one [1..1] @extension=&quot;2019-06-21&quot; (CONF:4437-3506)."/>
            <min value="1"/>
            <max value="1"/>
            <patternString value="2019-06-21"/>
        </element>
        <element id="Observation.code">
            <path value="Observation.code"/>
            <label value="Code for &quot;Implantable Device Status&quot;"/>
            <short value="Code for &quot;Implantable Device Status&quot;"/>
            <definition value="SHALL contain exactly one [1..1] code (CONF:4437-3503)."/>
            <min value="1"/>
            <max value="1"/>
        </element>
        <element id="Observation.code.code">
            <path value="Observation.code.code"/>
            <short value="code"/>
            <definition value="This code SHALL contain exactly one [1..1] @code=&quot;C160939&quot; Implantable Device Status (CodeSystem: NCI Thesaurus (NCIt) urn:oid:2.16.840.1.113883.3.26.1.1 STATIC) (CONF:4437-3507)."/>
            <min value="1"/>
            <max value="1"/>
            <patternString value="C160939"/>
        </element>
        <element id="Observation.code.codeSystem">
            <path value="Observation.code.codeSystem"/>
            <short value="codeSystem"/>
            <definition value="This code SHALL contain exactly one [1..1] @codeSystem=&quot;2.16.840.1.113883.3.26.1.1&quot; (CONF:4437-3508)."/>
            <min value="1"/>
            <max value="1"/>
            <patternString value="2.16.840.1.113883.3.26.1.1"/>
        </element>
        <element id="Observation.code.codeSystemName">
            <path value="Observation.code.codeSystemName"/>
            <short value="codeSystemName"/>
            <definition value="This code MAY contain zero or one [0..1] @codeSystemName=&quot;NCI Thesaurus&quot; (CONF:4437-3509)."/>
            <min value="0"/>
            <max value="1"/>
            <patternString value="NCI Thesaurus"/>
        </element>
        <element id="Observation.code.displayName">
            <path value="Observation.code.displayName"/>
            <short value="displayName"/>
            <definition value="This code MAY contain zero or one [0..1] @displayName=&quot;Implantable Device Status&quot; (CONF:4437-3510)."/>
            <min value="0"/>
            <max value="1"/>
            <patternString value="Implantable Device Status"/>
        </element>
        <element id="Observation.value">
            <path value="Observation.value"/>
            <short value="value"/>
            <definition value="SHALL contain exactly one [1..1] value with @xsi:type=&quot;CD&quot;, where the code SHALL be selected from ValueSet Implantable Device Status urn:oid:2.16.840.1.113762.1.4.1021.48 STATIC 2019-06-21 (CONF:4437-3504)."/>
            <min value="1"/>
            <max value="1"/>
            <binding>
                <strength value="required"/>
                <valueSet value="http://cts.nlm.nih.gov/fhir/ValueSet/2.16.840.1.113762.1.4.1021.48"/>
            </binding>
        </element>
        <element id="Observation.value.code">
            <path value="Observation.value.code"/>
            <short value="code"/>
            <definition value="This value SHALL contain exactly one [1..1] @code (CONF:4437-3511)."/>
            <min value="1"/>
            <max value="1"/>
        </element>
        <element id="Observation.value.codeSystem">
            <path value="Observation.value.codeSystem"/>
            <short value="codeSystem"/>
            <definition value="This value SHALL contain exactly one [1..1] @codeSystem (CONF:4437-3512)."/>
            <min value="1"/>
            <max value="1"/>
        </element>
    </differential>
</StructureDefinition>