<?xml version="1.0" encoding="UTF-8"?>
<StructureDefinition
    xmlns="http://hl7.org/fhir">
    <id value="2.16.840.1.113883.10.20.22.2.6"/>
    <url value="http://hl7.org/cda/us/ccda/StructureDefinition/2.16.840.1.113883.10.20.22.2.6"/>
    <identifier>
        <value value="urn:hl7ii:2.16.840.1.113883.10.20.22.2.6:2015-08-01"/>
    </identifier>
    <version value="2015-08-01"/>
    <name value="AllergiesAndIntolerancesSectionEntriesOptional"/>
    <title value="Allergies and Intolerances Section (entries optional)"/>
    <status value="active"/>
    <publisher value="WaveOne Associates"/>
    <contact>
        <name value="Brett Marquard"/>
        <telecom>
            <system value="phone"/>
            <value value="4135496886"/>
            <use value="work"/>
        </telecom>
        <telecom>
            <system value="email"/>
            <value value="brett@waveoneassociates.com"/>
            <use value="work"/>
        </telecom>
    </contact>
    <description value="This section lists and describes any medication allergies, adverse reactions, idiosyncratic reactions, anaphylaxis/anaphylactoid reactions to food items, and metabolic variations or adverse reactions/allergies to other substances (such as latex, iodine, tape adhesives). At a minimum, it should list currently active and any relevant historical allergies and adverse reactions."/>
    <fhirVersion value="4.0.1"/>
    <kind value="logical"/>
    <abstract value="false"/>
    <type value="http://hl7.org/cda/stds/core/StructureDefinition/Section"/>
    <baseDefinition value="http://hl7.org/cda/stds/core/StructureDefinition/Section"/>
    <derivation value="constraint"/>
    <differential>
        <element id="Section">
            <path value="Section"/>
        </element>
        <element id="Section.templateId">
            <path value="Section.templateId"/>
            <slicing>
                <discriminator>
                    <type value="value"/>
                    <path value="extension"/>
                </discriminator>
                <discriminator>
                    <type value="value"/>
                    <path value="root"/>
                </discriminator>
                <rules value="open"/>
            </slicing>
            <min value="1"/>
        </element>
        <element id="Section.templateId:primary">
            <path value="Section.templateId"/>
            <sliceName value="primary"/>
            <requirements value="SHALL contain exactly one [1..1] templateId (CONF:1198-7800) such that it"/>
            <min value="1"/>
            <max value="1"/>
        </element>
        <element id="Section.templateId:primary.root">
            <path value="Section.templateId.root"/>
            <requirements value="SHALL contain exactly one [1..1] @root=&quot;2.16.840.1.113883.10.20.22.2.6&quot; (CONF:1198-10378)."/>
            <min value="1"/>
            <max value="1"/>
            <patternString value="2.16.840.1.113883.10.20.22.2.6"/>
        </element>
        <element id="Section.templateId:primary.extension">
            <path value="Section.templateId.extension"/>
            <requirements value="SHALL contain exactly one [1..1] @extension=&quot;2015-08-01&quot; (CONF:1198-32544)."/>
            <min value="1"/>
            <max value="1"/>
            <patternString value="2015-08-01"/>
        </element>
        <element id="Section.code">
            <path value="Section.code"/>
            <requirements value="SHALL contain exactly one [1..1] code (CONF:1198-15345)."/>
            <min value="1"/>
            <max value="1"/>
        </element>
        <element id="Section.code.code">
            <path value="Section.code.code"/>
            <requirements value="This code SHALL contain exactly one [1..1] @code=&quot;48765-2&quot; Allergies, adverse reactions, alerts (CONF:1198-15346)."/>
            <min value="1"/>
            <max value="1"/>
            <patternString value="48765-2"/>
        </element>
        <element id="Section.code.codeSystem">
            <path value="Section.code.codeSystem"/>
            <requirements value="This code SHALL contain exactly one [1..1] @codeSystem=&quot;2.16.840.1.113883.6.1&quot; (CodeSystem: LOINC urn:oid:2.16.840.1.113883.6.1) (CONF:1198-32139)."/>
            <min value="1"/>
            <max value="1"/>
            <patternString value="2.16.840.1.113883.6.1"/>
        </element>
        <element id="Section.title">
            <path value="Section.title"/>
            <requirements value="SHALL contain exactly one [1..1] title (CONF:1198-7802)."/>
            <min value="1"/>
            <max value="1"/>
        </element>
        <element id="Section.text">
            <path value="Section.text"/>
            <requirements value="SHALL contain exactly one [1..1] text (CONF:1198-7803)."/>
            <min value="1"/>
            <max value="1"/>
        </element>
        <element id="Section.entry">
            <path value="Section.entry"/>
            <slicing>
                <discriminator>
                    <type value="profile"/>
                    <path value="act"/>
                </discriminator>
                <rules value="open"/>
            </slicing>
        </element>
        <element id="Section.entry:allergyConcern">
            <path value="Section.entry"/>
            <sliceName value="allergyConcern"/>
            <requirements value="SHOULD contain zero or more [0..*] entry (CONF:1198-7804) such that it"/>
            <max value="*"/>
        </element>
        <element id="Section.entry:allergyConcern.act">
            <path value="Section.entry.act"/>
            <requirements value="SHALL contain exactly one [1..1] Allergy Concern Act (V3) (identifier: urn:hl7ii:2.16.840.1.113883.10.20.22.4.30:2015-08-01) (CONF:1198-15444)."/>
            <min value="1"/>
            <max value="1"/>
            <type>
                <code value="http://hl7.org/cda/stds/core/StructureDefinition/Act"/>
                <profile value="http://hl7.org/cda/us/ccda/StructureDefinition/2.16.840.1.113883.10.20.22.4.30"/>
            </type>
        </element>
    </differential>
</StructureDefinition>