<?xml version="1.0" encoding="UTF-8"?>
<StructureDefinition
    xmlns="http://hl7.org/fhir">
    <id value="2.16.840.1.113883.10.20.15.3.8"/>
    <url value="http://hl7.org/cda/us/ccda/StructureDefinition/2.16.840.1.113883.10.20.15.3.8"/>
    <identifier>
        <value value="urn:oid:2.16.840.1.113883.10.20.15.3.8"/>
    </identifier>
    <name value="PregnancyObservation"/>
    <title value="Pregnancy Observation"/>
    <status value="active"/>
    <contact>
        <name value="Gaye Dolin"/>
        <telecom>
            <system value="phone"/>
            <value value="714-744-4152"/>
            <use value="work"/>
        </telecom>
        <telecom>
            <system value="email"/>
            <value value="gaye.dolin@lantanagroup.com"/>
            <use value="work"/>
        </telecom>
    </contact>
    <description value="This clinical statement represents current and/or prior pregnancy dates enabling investigators to determine if the subject of the case report was pregnant during the course of a condition."/>
    <fhirVersion value="4.0.1"/>
    <kind value="logical"/>
    <abstract value="false"/>
    <type value="http://hl7.org/cda/stds/core/StructureDefinition/Observation"/>
    <baseDefinition value="http://hl7.org/cda/stds/core/StructureDefinition/Observation"/>
    <derivation value="constraint"/>
    <differential>
        <element id="Observation">
            <path value="Observation"/>
        </element>
        <element id="Observation.classCode">
            <path value="Observation.classCode"/>
            <requirements value="SHALL contain exactly one [1..1] @classCode=&quot;OBS&quot; Observation (CodeSystem: HL7ActClass urn:oid:2.16.840.1.113883.5.6 STATIC) (CONF:81-451)."/>
            <min value="1"/>
            <max value="1"/>
            <patternCode value="OBS"/>
        </element>
        <element id="Observation.moodCode">
            <path value="Observation.moodCode"/>
            <requirements value="SHALL contain exactly one [1..1] @moodCode=&quot;EVN&quot; Event (CodeSystem: HL7ActMood urn:oid:2.16.840.1.113883.5.1001 STATIC) (CONF:81-452)."/>
            <min value="1"/>
            <max value="1"/>
            <patternCode value="EVN"/>
        </element>
        <element id="Observation.templateId">
            <path value="Observation.templateId"/>
            <slicing>
                <discriminator>
                    <type value="value"/>
                    <path value="root"/>
                </discriminator>
                <rules value="open"/>
            </slicing>
            <min value="1"/>
        </element>
        <element id="Observation.templateId:primary">
            <path value="Observation.templateId"/>
            <sliceName value="primary"/>
            <requirements value="SHALL contain exactly one [1..1] templateId (CONF:81-16768) such that it"/>
            <min value="1"/>
            <max value="1"/>
        </element>
        <element id="Observation.templateId:primary.root">
            <path value="Observation.templateId.root"/>
            <requirements value="SHALL contain exactly one [1..1] @root=&quot;2.16.840.1.113883.10.20.15.3.8&quot; (CONF:81-16868)."/>
            <min value="1"/>
            <max value="1"/>
            <patternString value="2.16.840.1.113883.10.20.15.3.8"/>
        </element>
        <element id="Observation.code">
            <path value="Observation.code"/>
            <requirements value="SHALL contain exactly one [1..1] code (CONF:81-19153)."/>
            <min value="1"/>
            <max value="1"/>
        </element>
        <element id="Observation.code.code">
            <path value="Observation.code.code"/>
            <requirements value="This code SHALL contain exactly one [1..1] @code=&quot;ASSERTION&quot; Assertion (CONF:81-19154)."/>
            <min value="1"/>
            <max value="1"/>
            <patternString value="ASSERTION"/>
        </element>
        <element id="Observation.code.codeSystem">
            <path value="Observation.code.codeSystem"/>
            <requirements value="This code SHALL contain exactly one [1..1] @codeSystem=&quot;2.16.840.1.113883.5.4&quot; (CodeSystem: HL7ActCode urn:oid:2.16.840.1.113883.5.4) (CONF:81-26505)."/>
            <min value="1"/>
            <max value="1"/>
            <patternString value="2.16.840.1.113883.5.4"/>
        </element>
        <element id="Observation.statusCode">
            <path value="Observation.statusCode"/>
            <requirements value="SHALL contain exactly one [1..1] statusCode (CONF:81-455)."/>
            <min value="1"/>
            <max value="1"/>
        </element>
        <element id="Observation.statusCode.code">
            <path value="Observation.statusCode.code"/>
            <requirements value="This statusCode SHALL contain exactly one [1..1] @code=&quot;completed&quot; Completed (CodeSystem: HL7ActStatus urn:oid:2.16.840.1.113883.5.14 STATIC) (CONF:81-19110)."/>
            <min value="1"/>
            <max value="1"/>
            <patternString value="completed"/>
        </element>
        <element id="Observation.effectiveTime">
            <path value="Observation.effectiveTime"/>
            <requirements value="SHOULD contain zero or one [0..1] effectiveTime (CONF:81-2018)."/>
            <min value="0"/>
            <max value="1"/>
        </element>
        <element id="Observation.value">
            <path value="Observation.value"/>
            <comment value="201707 Errata Comment 1599: Added value set &quot;Pregnancy Status&quot; urn:oid:2.16.840.1.113883.11.20.9.85 to Trifolia. Contains values (all from SNOMED): Pregnant (finding), Possible Pregnancy (finding), Not Pregnant (finding).&#xA;&#xA;Updated Pregnancy Observation template - removed binding to single code (Pregnant) and added SHALL DYNAMIC binding to above value set."/>
            <requirements value="SHALL contain exactly one [1..1] value with @xsi:type=&quot;CD&quot;."/>
            <min value="1"/>
            <max value="1"/>
            <type>
                <code value="http://hl7.org/cda/stds/core/StructureDefinition/CD"/>
            </type>
        </element>
        <element id="Observation.value.code">
            <path value="Observation.value.code"/>
            <requirements value="This code SHALL be selected from ValueSet Extended Pregnancy Status urn:oid:2.16.840.1.113762.1.4.1099.24 DYNAMIC (CONF:81-457)."/>
            <min value="1"/>
            <max value="1"/>
            <binding>
                <strength value="required"/>
                <valueSet value="http://cts.nlm.nih.gov/fhir/ValueSet/2.16.840.1.113762.1.4.1099.24"/>
            </binding>
        </element>
        <element id="Observation.entryRelationship">
            <path value="Observation.entryRelationship"/>
            <slicing>
                <discriminator>
                    <type value="profile"/>
                    <path value="observation"/>
                </discriminator>
                <rules value="open"/>
            </slicing>
        </element>
        <element id="Observation.entryRelationship:estimatedDateofDelivery">
            <path value="Observation.entryRelationship"/>
            <sliceName value="estimatedDateofDelivery"/>
            <requirements value="MAY contain zero or one [0..1] entryRelationship (CONF:81-458) such that it"/>
            <min value="0"/>
            <max value="1"/>
        </element>
        <element id="Observation.entryRelationship:estimatedDateofDelivery.typeCode">
            <path value="Observation.entryRelationship.typeCode"/>
            <requirements value="SHALL contain exactly one [1..1] @typeCode=&quot;REFR&quot; Refers to (CodeSystem: HL7ActRelationshipType urn:oid:2.16.840.1.113883.5.1002 STATIC) (CONF:81-459)."/>
            <min value="1"/>
            <max value="1"/>
            <patternCode value="REFR"/>
        </element>
        <element id="Observation.entryRelationship:estimatedDateofDelivery.observation">
            <path value="Observation.entryRelationship.observation"/>
            <requirements value="SHALL contain exactly one [1..1] observationEstimated Date of Delivery (identifier: urn:oid:2.16.840.1.113883.10.20.15.3.1) (CONF:81-15584)."/>
            <min value="1"/>
            <max value="1"/>
            <type>
                <code value="http://hl7.org/cda/stds/core/StructureDefinition/Observation"/>
                <profile value="http://hl7.org/cda/us/ccda/StructureDefinition/2.16.840.1.113883.10.20.15.3.1"/>
            </type>
        </element>
    </differential>
</StructureDefinition>