<?xml version="1.0" encoding="UTF-8"?>
<StructureDefinition
    xmlns="http://hl7.org/fhir">
    <id value="2.16.840.1.113883.10.20.22.2.12"/>
    <url value="http://hl7.org/cda/us/ccda/StructureDefinition/2.16.840.1.113883.10.20.22.2.12"/>
    <identifier>
        <value value="urn:oid:2.16.840.1.113883.10.20.22.2.12"/>
    </identifier>
    <name value="ReasonforVisitSection"/>
    <title value="Reason for Visit Section"/>
    <status value="active"/>
    <contact>
        <name value="Gaye Dolin"/>
        <telecom>
            <system value="phone"/>
            <value value="714-744-4152"/>
            <use value="work"/>
        </telecom>
        <telecom>
            <system value="email"/>
            <value value="gaye.dolin@lantanagroup.com"/>
            <use value="work"/>
        </telecom>
    </contact>
    <description value="This section records the patient's reason for the patient's visit (as documented by the provider). Local policy determines whether Reason for Visit and Chief Complaint are in separate or combined sections."/>
    <fhirVersion value="4.0.1"/>
    <kind value="logical"/>
    <abstract value="false"/>
    <type value="http://hl7.org/cda/stds/core/StructureDefinition/Section"/>
    <baseDefinition value="http://hl7.org/cda/stds/core/StructureDefinition/Section"/>
    <derivation value="constraint"/>
    <differential>
        <element id="Section">
            <path value="Section"/>
        </element>
        <element id="Section.templateId">
            <path value="Section.templateId"/>
            <slicing>
                <discriminator>
                    <type value="value"/>
                    <path value="root"/>
                </discriminator>
                <rules value="open"/>
            </slicing>
            <min value="1"/>
        </element>
        <element id="Section.templateId:primary">
            <path value="Section.templateId"/>
            <sliceName value="primary"/>
            <requirements value="SHALL contain exactly one [1..1] templateId (CONF:81-7836) such that it"/>
            <min value="1"/>
            <max value="1"/>
        </element>
        <element id="Section.templateId:primary.root">
            <path value="Section.templateId.root"/>
            <requirements value="SHALL contain exactly one [1..1] @root=&quot;2.16.840.1.113883.10.20.22.2.12&quot; (CONF:81-10448)."/>
            <min value="1"/>
            <max value="1"/>
            <patternString value="2.16.840.1.113883.10.20.22.2.12"/>
        </element>
        <element id="Section.code">
            <path value="Section.code"/>
            <requirements value="SHALL contain exactly one [1..1] code (CONF:81-15429)."/>
            <min value="1"/>
            <max value="1"/>
        </element>
        <element id="Section.code.code">
            <path value="Section.code.code"/>
            <requirements value="This code SHALL contain exactly one [1..1] @code=&quot;29299-5&quot; Reason for Visit (CONF:81-15430)."/>
            <min value="1"/>
            <max value="1"/>
            <patternString value="29299-5"/>
        </element>
        <element id="Section.code.codeSystem">
            <path value="Section.code.codeSystem"/>
            <requirements value="This code SHALL contain exactly one [1..1] @codeSystem=&quot;2.16.840.1.113883.6.1&quot; (CodeSystem: LOINC urn:oid:2.16.840.1.113883.6.1) (CONF:81-26494)."/>
            <min value="1"/>
            <max value="1"/>
            <patternString value="2.16.840.1.113883.6.1"/>
        </element>
        <element id="Section.title">
            <path value="Section.title"/>
            <requirements value="SHALL contain exactly one [1..1] title (CONF:81-7838)."/>
            <min value="1"/>
            <max value="1"/>
        </element>
        <element id="Section.text">
            <path value="Section.text"/>
            <requirements value="SHALL contain exactly one [1..1] text (CONF:81-7839)."/>
            <min value="1"/>
            <max value="1"/>
        </element>
    </differential>
</StructureDefinition>