<?xml version="1.0" encoding="UTF-8"?>
<StructureDefinition
    xmlns="http://hl7.org/fhir">
    <id value="2.16.840.1.113883.10.20.22.2.2.1"/>
    <url value="http://hl7.org/cda/us/ccda/StructureDefinition/2.16.840.1.113883.10.20.22.2.2.1"/>
    <identifier>
        <value value="urn:hl7ii:2.16.840.1.113883.10.20.22.2.2.1:2015-08-01"/>
    </identifier>
    <version value="2015-08-01"/>
    <name value="ImmunizationsSectionEntriesRequired"/>
    <title value="Immunizations Section (entries required)"/>
    <status value="active"/>
    <publisher value="WaveOne Associates"/>
    <contact>
        <name value="Brett Marquard"/>
        <telecom>
            <system value="phone"/>
            <value value="4135496886"/>
            <use value="work"/>
        </telecom>
        <telecom>
            <system value="email"/>
            <value value="brett@waveoneassociates.com"/>
            <use value="work"/>
        </telecom>
    </contact>
    <description value="The Immunizations Section defines a patient's current immunization status and pertinent immunization history. The primary use case for the Immunization Section is to enable communication of a patient's immunization status. The section should include current immunization status, and may contain the entire immunization history that is relevant to the period of time being summarized."/>
    <fhirVersion value="4.0.1"/>
    <kind value="logical"/>
    <abstract value="false"/>
    <type value="http://hl7.org/cda/stds/core/StructureDefinition/Section"/>
    <baseDefinition value="http://hl7.org/cda/us/ccda/StructureDefinition/2.16.840.1.113883.10.20.22.2.2"/>
    <derivation value="constraint"/>
    <differential>
        <element id="Section">
            <path value="Section"/>
        </element>
        <element id="Section.nullFlavor">
            <path value="Section.nullFlavor"/>
            <requirements value="MAY contain zero or one [0..1] @nullFlavor=&quot;NI&quot; No information (CodeSystem: HL7NullFlavor urn:oid:2.16.840.1.113883.5.1008) (CONF:1198-32833)."/>
            <min value="0"/>
            <max value="1"/>
            <patternCode value="NI"/>
        </element>
        <element id="Section.templateId">
            <path value="Section.templateId"/>
            <slicing>
                <discriminator>
                    <type value="value"/>
                    <path value="root"/>
                </discriminator>
                <discriminator>
                    <type value="value"/>
                    <path value="extension"/>
                </discriminator>
                <rules value="open"/>
            </slicing>
            <min value="2"/>
        </element>
        <element id="Section.templateId:secondary">
            <path value="Section.templateId"/>
            <sliceName value="secondary"/>
            <requirements value="SHALL contain exactly one [1..1] templateId (CONF:1198-9015) such that it"/>
            <min value="1"/>
            <max value="1"/>
        </element>
        <element id="Section.templateId:secondary.root">
            <path value="Section.templateId.root"/>
            <requirements value="SHALL contain exactly one [1..1] @root=&quot;2.16.840.1.113883.10.20.22.2.2.1&quot; (CONF:1198-10400)."/>
            <min value="1"/>
            <max value="1"/>
            <patternString value="2.16.840.1.113883.10.20.22.2.2.1"/>
        </element>
        <element id="Section.templateId:secondary.extension">
            <path value="Section.templateId.extension"/>
            <requirements value="SHALL contain exactly one [1..1] @extension=&quot;2015-08-01&quot; (CONF:1198-32530)."/>
            <min value="1"/>
            <max value="1"/>
            <patternString value="2015-08-01"/>
        </element>
        <element id="Section.code">
            <path value="Section.code"/>
            <requirements value="SHALL contain exactly one [1..1] code (CONF:1198-15369)."/>
            <min value="1"/>
            <max value="1"/>
        </element>
        <element id="Section.code.code">
            <path value="Section.code.code"/>
            <requirements value="This code SHALL contain exactly one [1..1] @code=&quot;11369-6&quot; Immunizations (CONF:1198-15370)."/>
            <min value="1"/>
            <max value="1"/>
            <patternString value="11369-6"/>
        </element>
        <element id="Section.code.codeSystem">
            <path value="Section.code.codeSystem"/>
            <requirements value="This code SHALL contain exactly one [1..1] @codeSystem=&quot;2.16.840.1.113883.6.1&quot; (CodeSystem: LOINC urn:oid:2.16.840.1.113883.6.1) (CONF:1198-32147)."/>
            <min value="1"/>
            <max value="1"/>
            <patternString value="2.16.840.1.113883.6.1"/>
        </element>
        <element id="Section.title">
            <path value="Section.title"/>
            <requirements value="SHALL contain exactly one [1..1] title (CONF:1198-9017)."/>
            <min value="1"/>
            <max value="1"/>
        </element>
        <element id="Section.text">
            <path value="Section.text"/>
            <requirements value="SHALL contain exactly one [1..1] text (CONF:1198-9018)."/>
            <min value="1"/>
            <max value="1"/>
        </element>
        <element id="Section.entry">
            <path value="Section.entry"/>
            <slicing>
                <discriminator>
                    <type value="profile"/>
                    <path value="substanceAdministration"/>
                </discriminator>
                <rules value="open"/>
            </slicing>
            <short value="If section/@nullFlavor is not present..."/>
            <min value="1"/>
        </element>
        <element id="Section.entry:activity">
            <path value="Section.entry"/>
            <sliceName value="activity"/>
            <requirements value="SHALL contain at least one [1..*] entry (CONF:1198-9019) such that it"/>
            <min value="1"/>
            <max value="*"/>
        </element>
    </differential>
</StructureDefinition>