<?xml version="1.0" encoding="UTF-8"?>
<StructureDefinition
    xmlns="http://hl7.org/fhir">
    <id value="2.16.840.1.113883.10.20.22.2.38"/>
    <url value="http://hl7.org/cda/us/ccda/StructureDefinition/2.16.840.1.113883.10.20.22.2.38"/>
    <identifier>
        <value value="urn:hl7ii:2.16.840.1.113883.10.20.22.2.38:2014-06-09"/>
    </identifier>
    <version value="2014-06-09"/>
    <name value="MedicationsAdministeredSection"/>
    <title value="Medications Administered Section"/>
    <status value="active"/>
    <contact>
        <name value="Gaye Dolin"/>
        <telecom>
            <system value="phone"/>
            <value value="714-744-4152"/>
            <use value="work"/>
        </telecom>
        <telecom>
            <system value="email"/>
            <value value="gaye.dolin@lantanagroup.com"/>
            <use value="work"/>
        </telecom>
    </contact>
    <description value="The Medications Administered Section usually resides inside a Procedure Note describing a procedure. This section defines medications and fluids administered during the procedure, its related encounter, or other procedure related activity excluding anesthetic medications. Anesthesia medications should be documented as described in the Anesthesia Section&#xA;templateId 2.16.840.1.113883.10.20.22.2.25."/>
    <fhirVersion value="4.0.1"/>
    <kind value="logical"/>
    <abstract value="false"/>
    <type value="http://hl7.org/cda/stds/core/StructureDefinition/Section"/>
    <baseDefinition value="http://hl7.org/cda/stds/core/StructureDefinition/Section"/>
    <derivation value="constraint"/>
    <differential>
        <element id="Section">
            <path value="Section"/>
        </element>
        <element id="Section.templateId">
            <path value="Section.templateId"/>
            <slicing>
                <discriminator>
                    <type value="value"/>
                    <path value="root"/>
                </discriminator>
                <discriminator>
                    <type value="value"/>
                    <path value="extension"/>
                </discriminator>
                <rules value="open"/>
            </slicing>
            <min value="1"/>
        </element>
        <element id="Section.templateId:primary">
            <path value="Section.templateId"/>
            <sliceName value="primary"/>
            <requirements value="SHALL contain exactly one [1..1] templateId (CONF:1098-8152) such that it"/>
            <min value="1"/>
            <max value="1"/>
        </element>
        <element id="Section.templateId:primary.root">
            <path value="Section.templateId.root"/>
            <requirements value="SHALL contain exactly one [1..1] @root=&quot;2.16.840.1.113883.10.20.22.2.38&quot; (CONF:1098-10405)."/>
            <min value="1"/>
            <max value="1"/>
            <patternString value="2.16.840.1.113883.10.20.22.2.38"/>
        </element>
        <element id="Section.templateId:primary.extension">
            <path value="Section.templateId.extension"/>
            <requirements value="SHALL contain exactly one [1..1] @extension=&quot;2014-06-09&quot; (CONF:1098-32525)."/>
            <min value="1"/>
            <max value="1"/>
            <patternString value="2014-06-09"/>
        </element>
        <element id="Section.code">
            <path value="Section.code"/>
            <requirements value="SHALL contain exactly one [1..1] code (CONF:1098-15383)."/>
            <min value="1"/>
            <max value="1"/>
        </element>
        <element id="Section.code.code">
            <path value="Section.code.code"/>
            <requirements value="This code SHALL contain exactly one [1..1] @code=&quot;29549-3&quot; Medications Administered (CONF:1098-15384)."/>
            <min value="1"/>
            <max value="1"/>
            <patternString value="29549-3"/>
        </element>
        <element id="Section.code.codeSystem">
            <path value="Section.code.codeSystem"/>
            <requirements value="This code SHALL contain exactly one [1..1] @codeSystem=&quot;2.16.840.1.113883.6.1&quot; (CodeSystem: LOINC urn:oid:2.16.840.1.113883.6.1) (CONF:1098-30829)."/>
            <min value="1"/>
            <max value="1"/>
            <patternString value="2.16.840.1.113883.6.1"/>
        </element>
        <element id="Section.title">
            <path value="Section.title"/>
            <requirements value="SHALL contain exactly one [1..1] title (CONF:1098-8154)."/>
            <min value="1"/>
            <max value="1"/>
        </element>
        <element id="Section.text">
            <path value="Section.text"/>
            <requirements value="SHALL contain exactly one [1..1] text (CONF:1098-8155)."/>
            <min value="1"/>
            <max value="1"/>
        </element>
        <element id="Section.entry">
            <path value="Section.entry"/>
            <requirements value="MAY contain zero or more [0..*] entry (CONF:1098-8156)."/>
            <min value="0"/>
            <max value="*"/>
        </element>
        <element id="Section.entry.substanceAdministration">
            <path value="Section.entry.substanceAdministration"/>
            <requirements value="The entry, if present, SHALL contain exactly one [1..1] Medication Activity (V2) (identifier: urn:hl7ii:2.16.840.1.113883.10.20.22.4.16:2014-06-09) (CONF:1098-15499)."/>
            <min value="1"/>
            <max value="1"/>
            <type>
                <code value="http://hl7.org/cda/stds/core/StructureDefinition/SubstanceAdministration"/>
                <profile value="http://hl7.org/cda/us/ccda/StructureDefinition/2.16.840.1.113883.10.20.22.4.16"/>
            </type>
        </element>
    </differential>
</StructureDefinition>