{
  "resourceType" : "Bundle",
  "id" : "bbe465d6-82db-4e4e-a9b3-b5987556fe60",
  "meta" : {
    "lastUpdated" : "2020-01-09T08:23:11.622-08:00"
  },
  "type" : "collection",
  "entry" : [{
    "fullUrl" : "http://cts.nlm.nih.gov/fhir/ValueSet/2.16.840.1.113883.1.11.11526",
    "resource" : {
      "resourceType" : "ValueSet",
      "id" : "2.16.840.1.113883.1.11.11526",
      "meta" : {
        "versionId" : "1",
        "lastUpdated" : "2014-12-23T11:23:11.000-08:00"
      },
      "text" : {
        "status" : "generated",
        "div" : "<div xmlns=\"http://www.w3.org/1999/xhtml\"><p>This value set contains 0 concepts</p><table class=\"codes\"><tr><td style=\"white-space:nowrap\"><b>Code</b></td><td><b>System</b></td><td><b>Display</b></td></tr></table></div>"
      },
      "url" : "http://cts.nlm.nih.gov/fhir/ValueSet/2.16.840.1.113883.1.11.11526",
      "version" : "2.1.0",
      "name" : "Language",
      "title" : "Language",
      "status" : "draft",
      "date" : "2014-12-23T11:23:11-08:00",
      "publisher" : "Health Level 7",
      "expansion" : {
        "identifier" : "urn:uuid:846c8fda-aca8-4824-a048-7195d28b14b3",
        "timestamp" : "2020-01-09T08:23:51-08:00",
        "parameter" : [{
          "name" : "excludeNested",
          "valueBoolean" : false
        }]
      }
    }
  }]
}