{
  "resourceType": "StructureDefinition",
  "id": "2.16.840.1.113883.10.20.22.5.2",
  "text": {
    "status": "generated",
    "div": "<div xmlns=\"http://www.w3.org/1999/xhtml\"><table border=\"0\" cellpadding=\"0\" cellspacing=\"0\" style=\"border: 0px #F0F0F0 solid; font-size: 11px; font-family: verdana; vertical-align: top;\"><tr style=\"border: 1px #F0F0F0 solid; font-size: 11px; font-family: verdana; vertical-align: top;\"><th style=\"vertical-align: top; text-align : left; background-color: white; border: 0px #F0F0F0 solid; padding:0px 4px 0px 4px\" class=\"hierarchy\"><a href=\"http://hl7.org/fhir/R4/formats.html#table\" title=\"The logical name of the element\">Name</a></th><th style=\"vertical-align: top; text-align : left; background-color: white; border: 0px #F0F0F0 solid; padding:0px 4px 0px 4px\" class=\"hierarchy\"><a href=\"http://hl7.org/fhir/R4/formats.html#table\" title=\"Information about the use of the element\">Flags</a></th><th style=\"vertical-align: top; text-align : left; background-color: white; border: 0px #F0F0F0 solid; padding:0px 4px 0px 4px\" class=\"hierarchy\"><a href=\"http://hl7.org/fhir/R4/formats.html#table\" title=\"Minimum and Maximum # of times the the element can appear in the instance\">Card.</a></th><th style=\"width: 100px\" class=\"hierarchy\"><a href=\"http://hl7.org/fhir/R4/formats.html#table\" title=\"Reference to the type of the element\">Type</a></th><th style=\"vertical-align: top; text-align : left; background-color: white; border: 0px #F0F0F0 solid; padding:0px 4px 0px 4px\" class=\"hierarchy\"><a href=\"http://hl7.org/fhir/R4/formats.html#table\" title=\"Additional information about the element\">Description &amp; Constraints</a><span style=\"float: right\"><a href=\"http://hl7.org/fhir/R4/formats.html#table\" title=\"Legend for this format\"><img src=\"http://hl7.org/fhir/R4/help16.png\" alt=\"doco\" style=\"background-color: inherit\"/></a></span></th></tr><tr style=\"border: 0px #F0F0F0 solid; padding:0px; vertical-align: top; background-color: white;\"><td style=\"vertical-align: top; text-align : left; background-color: white; border: 0px #F0F0F0 solid; padding:0px 4px 0px 4px; white-space: nowrap; background-image: url(tbl_bck1.png)\" class=\"hierarchy\"><img src=\"tbl_spacer.png\" alt=\".\" style=\"background-color: inherit\" class=\"hierarchy\"/><img src=\"icon_element.gif\" alt=\".\" style=\"background-color: white; background-color: inherit\" title=\"Element\" class=\"hierarchy\"/> <a href=\"{{[type]}}-{{[id]}}-definitions.html#AD\" title=\"null\">AD</a><a name=\"AD\"> </a></td><td style=\"vertical-align: top; text-align : left; background-color: white; border: 0px #F0F0F0 solid; padding:0px 4px 0px 4px\" class=\"hierarchy\"><span style=\"padding-left: 3px; padding-right: 3px; color: black; null\" title=\"This element has or is affected by some invariants (81-7296)\">I</span></td><td style=\"vertical-align: top; text-align : left; background-color: white; border: 0px #F0F0F0 solid; padding:0px 4px 0px 4px\" class=\"hierarchy\"><span style=\"opacity: 0.4\">1</span><span style=\"opacity: 0.5\">..</span><span style=\"opacity: 0.4\">*</span></td><td style=\"vertical-align: top; text-align : left; background-color: white; border: 0px #F0F0F0 solid; padding:0px 4px 0px 4px\" class=\"hierarchy\"><a href=\"file://C:\\Users\\sean.mcilvenna\\Code\\cda-core-2.0\\output/{{[type]}}-AD.html\">AD</a></td><td style=\"vertical-align: top; text-align : left; background-color: white; border: 0px #F0F0F0 solid; padding:0px 4px 0px 4px\" class=\"hierarchy\"><span style=\"font-weight:bold\">81-7296: </span>**SHALL NOT** have mixed content except for white space (CONF:81-7296).</td></tr>\r\n<tr style=\"border: 0px #F0F0F0 solid; padding:0px; vertical-align: top; background-color: #F7F7F7;\"><td style=\"vertical-align: top; text-align : left; background-color: #F7F7F7; border: 0px #F0F0F0 solid; padding:0px 4px 0px 4px; white-space: nowrap; background-image: url(tbl_bck10.png)\" class=\"hierarchy\"><img src=\"tbl_spacer.png\" alt=\".\" style=\"background-color: inherit\" class=\"hierarchy\"/><img src=\"tbl_vjoin.png\" alt=\".\" style=\"background-color: inherit\" class=\"hierarchy\"/><img src=\"icon_element.gif\" alt=\".\" style=\"background-color: #F7F7F7; background-color: inherit\" title=\"Element\" class=\"hierarchy\"/> <a href=\"{{[type]}}-{{[id]}}-definitions.html#AD.use\" title=\"SHOULD contain zero or one [0..1] @use, which SHALL be selected from ValueSet PostalAddressUse urn:oid:2.16.840.1.113883.1.11.10637 STATIC 2005-05-01 (CONF:81-7290).\">use</a><a name=\"AD.use\"> </a></td><td style=\"vertical-align: top; text-align : left; background-color: #F7F7F7; border: 0px #F0F0F0 solid; padding:0px 4px 0px 4px\" class=\"hierarchy\"/><td style=\"vertical-align: top; text-align : left; background-color: #F7F7F7; border: 0px #F0F0F0 solid; padding:0px 4px 0px 4px\" class=\"hierarchy\">0..1</td><td style=\"vertical-align: top; text-align : left; background-color: #F7F7F7; border: 0px #F0F0F0 solid; padding:0px 4px 0px 4px\" class=\"hierarchy\"><a style=\"opacity: 0.4\" href=\"http://hl7.org/fhir/R4/datatypes.html#code\">code</a></td><td style=\"vertical-align: top; text-align : left; background-color: #F7F7F7; border: 0px #F0F0F0 solid; padding:0px 4px 0px 4px\" class=\"hierarchy\">use<br/><span style=\"font-weight:bold\">Binding: </span><a href=\"https://cts.nlm.nih.gov/fhir/ValueSet/2.16.840.1.113883.1.11.10637\">https://cts.nlm.nih.gov/fhir/ValueSet/2.16.840.1.113883.1.11.10637</a> (<a href=\"http://hl7.org/fhir/R4/terminologies.html#required\" title=\"To be conformant, the concept in this element SHALL be from the specified value set.\">required</a>)</td></tr>\r\n<tr style=\"border: 0px #F0F0F0 solid; padding:0px; vertical-align: top; background-color: white;\"><td style=\"vertical-align: top; text-align : left; background-color: white; border: 0px #F0F0F0 solid; padding:0px 4px 0px 4px; white-space: nowrap; background-image: url(tbl_bck10.png)\" class=\"hierarchy\"><img src=\"tbl_spacer.png\" alt=\".\" style=\"background-color: inherit\" class=\"hierarchy\"/><img src=\"tbl_vjoin.png\" alt=\".\" style=\"background-color: inherit\" class=\"hierarchy\"/><img src=\"icon_element.gif\" alt=\".\" style=\"background-color: white; background-color: inherit\" title=\"Element\" class=\"hierarchy\"/> <a href=\"{{[type]}}-{{[id]}}-definitions.html#AD.country\" title=\"SHOULD contain zero or one [0..1] country, which SHALL be selected from ValueSet Country urn:oid:2.16.840.1.113883.3.88.12.80.63 DYNAMIC (CONF:81-7295).\">country</a><a name=\"AD.country\"> </a></td><td style=\"vertical-align: top; text-align : left; background-color: white; border: 0px #F0F0F0 solid; padding:0px 4px 0px 4px\" class=\"hierarchy\"/><td style=\"vertical-align: top; text-align : left; background-color: white; border: 0px #F0F0F0 solid; padding:0px 4px 0px 4px\" class=\"hierarchy\">0..1</td><td style=\"vertical-align: top; text-align : left; background-color: white; border: 0px #F0F0F0 solid; padding:0px 4px 0px 4px\" class=\"hierarchy\"><a style=\"opacity: 0.4\" href=\"file://C:\\Users\\sean.mcilvenna\\Code\\cda-core-2.0\\output/{{[type]}}-ADXP.html\">ADXP</a></td><td style=\"vertical-align: top; text-align : left; background-color: white; border: 0px #F0F0F0 solid; padding:0px 4px 0px 4px\" class=\"hierarchy\">country<br/><span style=\"font-weight:bold\">Binding: </span><a href=\"https://cts.nlm.nih.gov/fhir/ValueSet/2.16.840.1.113883.3.88.12.80.63\">https://cts.nlm.nih.gov/fhir/ValueSet/2.16.840.1.113883.3.88.12.80.63</a> (<a href=\"http://hl7.org/fhir/R4/terminologies.html#required\" title=\"To be conformant, the concept in this element SHALL be from the specified value set.\">required</a>)</td></tr>\r\n<tr style=\"border: 0px #F0F0F0 solid; padding:0px; vertical-align: top; background-color: #F7F7F7;\"><td style=\"vertical-align: top; text-align : left; background-color: #F7F7F7; border: 0px #F0F0F0 solid; padding:0px 4px 0px 4px; white-space: nowrap; background-image: url(tbl_bck10.png)\" class=\"hierarchy\"><img src=\"tbl_spacer.png\" alt=\".\" style=\"background-color: inherit\" class=\"hierarchy\"/><img src=\"tbl_vjoin.png\" alt=\".\" style=\"background-color: inherit\" class=\"hierarchy\"/><img src=\"icon_element.gif\" alt=\".\" style=\"background-color: #F7F7F7; background-color: inherit\" title=\"Element\" class=\"hierarchy\"/> <a href=\"{{[type]}}-{{[id]}}-definitions.html#AD.state\" title=\"SHOULD contain zero or one [0..1] state (ValueSet: StateValueSet urn:oid:2.16.840.1.113883.3.88.12.80.1 DYNAMIC) (CONF:81-7293).\">state</a><a name=\"AD.state\"> </a></td><td style=\"vertical-align: top; text-align : left; background-color: #F7F7F7; border: 0px #F0F0F0 solid; padding:0px 4px 0px 4px\" class=\"hierarchy\"><span style=\"padding-left: 3px; padding-right: 3px; color: black; null\" title=\"This element has or is affected by some invariants (81-10024)\">I</span></td><td style=\"vertical-align: top; text-align : left; background-color: #F7F7F7; border: 0px #F0F0F0 solid; padding:0px 4px 0px 4px\" class=\"hierarchy\">0..1</td><td style=\"vertical-align: top; text-align : left; background-color: #F7F7F7; border: 0px #F0F0F0 solid; padding:0px 4px 0px 4px\" class=\"hierarchy\"><a style=\"opacity: 0.4\" href=\"file://C:\\Users\\sean.mcilvenna\\Code\\cda-core-2.0\\output/{{[type]}}-ADXP.html\">ADXP</a></td><td style=\"vertical-align: top; text-align : left; background-color: #F7F7F7; border: 0px #F0F0F0 solid; padding:0px 4px 0px 4px\" class=\"hierarchy\">state<br/><span style=\"font-weight:bold\">Binding: </span><a href=\"https://cts.nlm.nih.gov/fhir/ValueSet/2.16.840.1.113883.3.88.12.80.1\">https://cts.nlm.nih.gov/fhir/ValueSet/2.16.840.1.113883.3.88.12.80.1</a> (<a href=\"http://hl7.org/fhir/R4/terminologies.html#preferred\" title=\"Instances are encouraged to draw from the specified codes for interoperability purposes but are not required to do so to be considered conformant.\">preferred</a>)<br/><span style=\"font-weight:bold\">81-10024: </span>If the country is US, the state element is required but SHOULD have @nullFlavor if the state is unknown. If country is not specified, it's assumed to be US. If country is something other than US, the state MAY be present but MAY be bound to different vocabularies (CONF:81-10024).</td></tr>\r\n<tr style=\"border: 0px #F0F0F0 solid; padding:0px; vertical-align: top; background-color: white;\"><td style=\"vertical-align: top; text-align : left; background-color: white; border: 0px #F0F0F0 solid; padding:0px 4px 0px 4px; white-space: nowrap; background-image: url(tbl_bck10.png)\" class=\"hierarchy\"><img src=\"tbl_spacer.png\" alt=\".\" style=\"background-color: inherit\" class=\"hierarchy\"/><img src=\"tbl_vjoin.png\" alt=\".\" style=\"background-color: inherit\" class=\"hierarchy\"/><img src=\"icon_element.gif\" alt=\".\" style=\"background-color: white; background-color: inherit\" title=\"Element\" class=\"hierarchy\"/> <a href=\"{{[type]}}-{{[id]}}-definitions.html#AD.city\" title=\"SHALL contain exactly one [1..1] city (CONF:81-7292).\">city</a><a name=\"AD.city\"> </a></td><td style=\"vertical-align: top; text-align : left; background-color: white; border: 0px #F0F0F0 solid; padding:0px 4px 0px 4px\" class=\"hierarchy\"/><td style=\"vertical-align: top; text-align : left; background-color: white; border: 0px #F0F0F0 solid; padding:0px 4px 0px 4px\" class=\"hierarchy\">1..1</td><td style=\"vertical-align: top; text-align : left; background-color: white; border: 0px #F0F0F0 solid; padding:0px 4px 0px 4px\" class=\"hierarchy\"><a style=\"opacity: 0.4\" href=\"file://C:\\Users\\sean.mcilvenna\\Code\\cda-core-2.0\\output/{{[type]}}-ADXP.html\">ADXP</a></td><td style=\"vertical-align: top; text-align : left; background-color: white; border: 0px #F0F0F0 solid; padding:0px 4px 0px 4px\" class=\"hierarchy\">city</td></tr>\r\n<tr style=\"border: 0px #F0F0F0 solid; padding:0px; vertical-align: top; background-color: #F7F7F7;\"><td style=\"vertical-align: top; text-align : left; background-color: #F7F7F7; border: 0px #F0F0F0 solid; padding:0px 4px 0px 4px; white-space: nowrap; background-image: url(tbl_bck10.png)\" class=\"hierarchy\"><img src=\"tbl_spacer.png\" alt=\".\" style=\"background-color: inherit\" class=\"hierarchy\"/><img src=\"tbl_vjoin.png\" alt=\".\" style=\"background-color: inherit\" class=\"hierarchy\"/><img src=\"icon_element.gif\" alt=\".\" style=\"background-color: #F7F7F7; background-color: inherit\" title=\"Element\" class=\"hierarchy\"/> <a href=\"{{[type]}}-{{[id]}}-definitions.html#AD.postalCode\" title=\"SHOULD contain zero or one [0..1] postalCode, which SHOULD be selected from ValueSet PostalCode urn:oid:2.16.840.1.113883.3.88.12.80.2 DYNAMIC (CONF:81-7294).\">postalCode</a><a name=\"AD.postalCode\"> </a></td><td style=\"vertical-align: top; text-align : left; background-color: #F7F7F7; border: 0px #F0F0F0 solid; padding:0px 4px 0px 4px\" class=\"hierarchy\"><span style=\"padding-left: 3px; padding-right: 3px; color: black; null\" title=\"This element has or is affected by some invariants (81-10025)\">I</span></td><td style=\"vertical-align: top; text-align : left; background-color: #F7F7F7; border: 0px #F0F0F0 solid; padding:0px 4px 0px 4px\" class=\"hierarchy\">0..1</td><td style=\"vertical-align: top; text-align : left; background-color: #F7F7F7; border: 0px #F0F0F0 solid; padding:0px 4px 0px 4px\" class=\"hierarchy\"><a style=\"opacity: 0.4\" href=\"file://C:\\Users\\sean.mcilvenna\\Code\\cda-core-2.0\\output/{{[type]}}-ADXP.html\">ADXP</a></td><td style=\"vertical-align: top; text-align : left; background-color: #F7F7F7; border: 0px #F0F0F0 solid; padding:0px 4px 0px 4px\" class=\"hierarchy\">postalCode<br/><span style=\"font-weight:bold\">Binding: </span><a href=\"https://cts.nlm.nih.gov/fhir/ValueSet/2.16.840.1.113883.3.88.12.80.2\">https://cts.nlm.nih.gov/fhir/ValueSet/2.16.840.1.113883.3.88.12.80.2</a> (<a href=\"http://hl7.org/fhir/R4/terminologies.html#preferred\" title=\"Instances are encouraged to draw from the specified codes for interoperability purposes but are not required to do so to be considered conformant.\">preferred</a>)<br/><span style=\"font-weight:bold\">81-10025: </span>If the country is US, the postalCode element is required but SHOULD have @nullFlavor if the postalCode is unknown. If country is not specified, it's assumed to be US. If country is something other than US, the postalCode MAY be present but MAY be bound to different vocabularies (CONF:81-10025).</td></tr>\r\n<tr style=\"border: 0px #F0F0F0 solid; padding:0px; vertical-align: top; background-color: white;\"><td style=\"vertical-align: top; text-align : left; background-color: white; border: 0px #F0F0F0 solid; padding:0px 4px 0px 4px; white-space: nowrap; background-image: url(tbl_bck00.png)\" class=\"hierarchy\"><img src=\"tbl_spacer.png\" alt=\".\" style=\"background-color: inherit\" class=\"hierarchy\"/><img src=\"tbl_vjoin_end.png\" alt=\".\" style=\"background-color: inherit\" class=\"hierarchy\"/><img src=\"icon_element.gif\" alt=\".\" style=\"background-color: white; background-color: inherit\" title=\"Element\" class=\"hierarchy\"/> <a href=\"{{[type]}}-{{[id]}}-definitions.html#AD.streetAddressLine\" title=\"SHALL contain at least one and not more than 4 streetAddressLine (CONF:81-7291).\">streetAddressLine</a><a name=\"AD.streetAddressLine\"> </a></td><td style=\"vertical-align: top; text-align : left; background-color: white; border: 0px #F0F0F0 solid; padding:0px 4px 0px 4px\" class=\"hierarchy\"/><td style=\"vertical-align: top; text-align : left; background-color: white; border: 0px #F0F0F0 solid; padding:0px 4px 0px 4px\" class=\"hierarchy\">1..4</td><td style=\"vertical-align: top; text-align : left; background-color: white; border: 0px #F0F0F0 solid; padding:0px 4px 0px 4px\" class=\"hierarchy\"><a style=\"opacity: 0.4\" href=\"file://C:\\Users\\sean.mcilvenna\\Code\\cda-core-2.0\\output/{{[type]}}-ADXP.html\">ADXP</a></td><td style=\"vertical-align: top; text-align : left; background-color: white; border: 0px #F0F0F0 solid; padding:0px 4px 0px 4px\" class=\"hierarchy\">streetAddressLine</td></tr>\r\n<tr><td colspan=\"5\" class=\"hierarchy\"><br/><a href=\"http://hl7.org/fhir/R4/formats.html#table\" title=\"Legend for this format\"><img src=\"http://hl7.org/fhir/R4/help16.png\" alt=\"doco\" style=\"background-color: inherit\"/> Documentation for this format</a></td></tr></table></div>"
  },
  "url": "http://hl7.org/fhir/cda/ccda/StructureDefinition/2.16.840.1.113883.10.20.22.5.2",
  "identifier": [
    {
      "value": "urn:oid:2.16.840.1.113883.10.20.22.5.2"
    }
  ],
  "version": "2.1.0",
  "name": "USRealmAddressADUSFIELDED",
  "title": "US Realm Address (AD.US.FIELDED)",
  "status": "active",
  "date": "2020-01-13T13:37:55-08:00",
  "publisher": "Health Level 7",
  "description": "Reusable address template, for use in US Realm CDA Header.",
  "fhirVersion": "4.0.1",
  "kind": "resource",
  "abstract": false,
  "type": "AD",
  "baseDefinition": "http://hl7.org/fhir/cda/StructureDefinition/AD",
  "derivation": "constraint",
  "snapshot": {
    "element": [
      {
        "id": "AD",
        "path": "AD",
        "definition": "Mailing and home or office addresses. A sequence of address parts, such as street or post office Box, city, postal code, country, etc.",
        "min": 1,
        "max": "*",
        "base": {
          "path": "Base",
          "min": 0,
          "max": "*"
        },
        "constraint": [
          {
            "key": "81-7296",
            "severity": "error",
            "human": "**SHALL NOT** have mixed content except for white space (CONF:81-7296)."
          }
        ],
        "isModifier": false
      },
      {
        "id": "AD.nullFlavor",
        "path": "AD.nullFlavor",
        "representation": [
          "xmlAttr"
        ],
        "label": "Exceptional Value Detail",
        "definition": "If a value is an exceptional value (NULL-value), this specifies in what way and why proper information is missing.",
        "min": 0,
        "max": "1",
        "base": {
          "path": "ANY.nullFlavor",
          "min": 0,
          "max": "1"
        },
        "type": [
          {
            "code": "code"
          }
        ],
        "binding": {
          "strength": "required",
          "valueSet": "http://terminology.hl7.org/ValueSet/v3-NullFlavor"
        }
      },
      {
        "id": "AD.isNotOrdered",
        "path": "AD.isNotOrdered",
        "representation": [
          "xmlAttr"
        ],
        "label": "Is Not Ordered",
        "definition": "A boolean value specifying whether the order of the address parts is known or not. While the address parts are always a Sequence, the order in which they are presented may or may not be known. Where this matters, the isNotOrdered property can be used to convey this information.",
        "min": 0,
        "max": "1",
        "base": {
          "path": "AD.isNotOrdered",
          "min": 0,
          "max": "1"
        },
        "type": [
          {
            "code": "boolean"
          }
        ]
      },
      {
        "id": "AD.use",
        "path": "AD.use",
        "representation": [
          "xmlAttr"
        ],
        "label": "Use Code",
        "short": "use",
        "definition": "SHOULD contain zero or one [0..1] @use, which SHALL be selected from ValueSet PostalAddressUse urn:oid:2.16.840.1.113883.1.11.10637 STATIC 2005-05-01 (CONF:81-7290).",
        "min": 0,
        "max": "1",
        "base": {
          "path": "AD.use",
          "min": 0,
          "max": "*"
        },
        "type": [
          {
            "code": "code"
          }
        ],
        "binding": {
          "strength": "required",
          "valueSet": "https://cts.nlm.nih.gov/fhir/ValueSet/2.16.840.1.113883.1.11.10637"
        }
      },
      {
        "id": "AD.delimiter",
        "path": "AD.delimiter",
        "definition": "Delimiters are printed without framing white space. If no value component is provided, the delimiter appears as a line break.",
        "min": 0,
        "max": "*",
        "base": {
          "path": "AD.delimiter",
          "min": 0,
          "max": "*"
        },
        "type": [
          {
            "code": "http://hl7.org/fhir/cda/StructureDefinition/ADXP"
          }
        ]
      },
      {
        "id": "AD.delimiter.partType",
        "path": "AD.delimiter.partType",
        "representation": [
          "xmlAttr"
        ],
        "definition": "Specifies the type of the address part",
        "min": 0,
        "max": "1",
        "base": {
          "path": "AD.delimiter.partType",
          "min": 0,
          "max": "1"
        },
        "type": [
          {
            "code": "code"
          }
        ],
        "fixedCode": "DEL"
      },
      {
        "id": "AD.country",
        "path": "AD.country",
        "short": "country",
        "definition": "SHOULD contain zero or one [0..1] country, which SHALL be selected from ValueSet Country urn:oid:2.16.840.1.113883.3.88.12.80.63 DYNAMIC (CONF:81-7295).",
        "min": 0,
        "max": "1",
        "base": {
          "path": "AD.country",
          "min": 0,
          "max": "*"
        },
        "type": [
          {
            "code": "http://hl7.org/fhir/cda/StructureDefinition/ADXP"
          }
        ]
      },
      {
        "id": "AD.country.partType",
        "path": "AD.country.partType",
        "representation": [
          "xmlAttr"
        ],
        "definition": "Specifies the type of the address part",
        "min": 0,
        "max": "1",
        "base": {
          "path": "AD.country.partType",
          "min": 0,
          "max": "1"
        },
        "type": [
          {
            "code": "code"
          }
        ],
        "fixedCode": "CNT"
      },
      {
        "id": "AD.state",
        "path": "AD.state",
        "short": "state",
        "definition": "SHOULD contain zero or one [0..1] state (ValueSet: StateValueSet urn:oid:2.16.840.1.113883.3.88.12.80.1 DYNAMIC) (CONF:81-7293).",
        "min": 0,
        "max": "1",
        "base": {
          "path": "AD.state",
          "min": 0,
          "max": "*"
        },
        "type": [
          {
            "code": "http://hl7.org/fhir/cda/StructureDefinition/ADXP"
          }
        ],
        "constraint": [
          {
            "key": "81-10024",
            "severity": "error",
            "human": "If the country is US, the state element is required but SHOULD have @nullFlavor if the state is unknown. If country is not specified, it's assumed to be US. If country is something other than US, the state MAY be present but MAY be bound to different vocabularies (CONF:81-10024)."
          }
        ]
      },
      {
        "id": "AD.state.partType",
        "path": "AD.state.partType",
        "representation": [
          "xmlAttr"
        ],
        "definition": "Specifies the type of the address part",
        "min": 0,
        "max": "1",
        "base": {
          "path": "AD.state.partType",
          "min": 0,
          "max": "1"
        },
        "type": [
          {
            "code": "code"
          }
        ],
        "fixedCode": "STA"
      },
      {
        "id": "AD.county",
        "path": "AD.county",
        "definition": "A sub-unit of a state or province. (49 of the United States of America use the term \"county;\" Louisiana uses the term \"parish\".)",
        "min": 0,
        "max": "*",
        "base": {
          "path": "AD.county",
          "min": 0,
          "max": "*"
        },
        "type": [
          {
            "code": "http://hl7.org/fhir/cda/StructureDefinition/ADXP"
          }
        ]
      },
      {
        "id": "AD.county.partType",
        "path": "AD.county.partType",
        "representation": [
          "xmlAttr"
        ],
        "definition": "Specifies the type of the address part",
        "min": 0,
        "max": "1",
        "base": {
          "path": "AD.county.partType",
          "min": 0,
          "max": "1"
        },
        "type": [
          {
            "code": "code"
          }
        ],
        "fixedCode": "CPA"
      },
      {
        "id": "AD.city",
        "path": "AD.city",
        "short": "city",
        "definition": "SHALL contain exactly one [1..1] city (CONF:81-7292).",
        "min": 1,
        "max": "1",
        "base": {
          "path": "AD.city",
          "min": 0,
          "max": "*"
        },
        "type": [
          {
            "code": "http://hl7.org/fhir/cda/StructureDefinition/ADXP"
          }
        ]
      },
      {
        "id": "AD.city.partType",
        "path": "AD.city.partType",
        "representation": [
          "xmlAttr"
        ],
        "definition": "Specifies the type of the address part",
        "min": 0,
        "max": "1",
        "base": {
          "path": "AD.city.partType",
          "min": 0,
          "max": "1"
        },
        "type": [
          {
            "code": "code"
          }
        ],
        "fixedCode": "CTY"
      },
      {
        "id": "AD.postalCode",
        "path": "AD.postalCode",
        "short": "postalCode",
        "definition": "SHOULD contain zero or one [0..1] postalCode, which SHOULD be selected from ValueSet PostalCode urn:oid:2.16.840.1.113883.3.88.12.80.2 DYNAMIC (CONF:81-7294).",
        "min": 0,
        "max": "1",
        "base": {
          "path": "AD.postalCode",
          "min": 0,
          "max": "*"
        },
        "type": [
          {
            "code": "http://hl7.org/fhir/cda/StructureDefinition/ADXP"
          }
        ],
        "constraint": [
          {
            "key": "81-10025",
            "severity": "error",
            "human": "If the country is US, the postalCode element is required but SHOULD have @nullFlavor if the postalCode is unknown. If country is not specified, it's assumed to be US. If country is something other than US, the postalCode MAY be present but MAY be bound to different vocabularies (CONF:81-10025)."
          }
        ]
      },
      {
        "id": "AD.postalCode.partType",
        "path": "AD.postalCode.partType",
        "representation": [
          "xmlAttr"
        ],
        "definition": "Specifies the type of the address part",
        "min": 0,
        "max": "1",
        "base": {
          "path": "AD.postalCode.partType",
          "min": 0,
          "max": "1"
        },
        "type": [
          {
            "code": "code"
          }
        ],
        "fixedCode": "ZIP"
      },
      {
        "id": "AD.streetAddressLine",
        "path": "AD.streetAddressLine",
        "short": "streetAddressLine",
        "definition": "SHALL contain at least one and not more than 4 streetAddressLine (CONF:81-7291).",
        "min": 1,
        "max": "4",
        "base": {
          "path": "AD.streetAddressLine",
          "min": 0,
          "max": "*"
        },
        "type": [
          {
            "code": "http://hl7.org/fhir/cda/StructureDefinition/ADXP"
          }
        ]
      },
      {
        "id": "AD.streetAddressLine.partType",
        "path": "AD.streetAddressLine.partType",
        "representation": [
          "xmlAttr"
        ],
        "definition": "Specifies the type of the address part",
        "min": 0,
        "max": "1",
        "base": {
          "path": "AD.streetAddressLine.partType",
          "min": 0,
          "max": "1"
        },
        "type": [
          {
            "code": "code"
          }
        ],
        "fixedCode": "SAL"
      },
      {
        "id": "AD.houseNumber",
        "path": "AD.houseNumber",
        "definition": "The number of a building, house or lot alongside the street. Also known as \"primary street number\". This does not number the street but rather the building.",
        "min": 0,
        "max": "*",
        "base": {
          "path": "AD.houseNumber",
          "min": 0,
          "max": "*"
        },
        "type": [
          {
            "code": "http://hl7.org/fhir/cda/StructureDefinition/ADXP"
          }
        ]
      },
      {
        "id": "AD.houseNumber.partType",
        "path": "AD.houseNumber.partType",
        "representation": [
          "xmlAttr"
        ],
        "definition": "Specifies the type of the address part",
        "min": 0,
        "max": "1",
        "base": {
          "path": "AD.houseNumber.partType",
          "min": 0,
          "max": "1"
        },
        "type": [
          {
            "code": "code"
          }
        ],
        "fixedCode": "BNR"
      },
      {
        "id": "AD.houseNumberNumeric",
        "path": "AD.houseNumberNumeric",
        "definition": "The numeric portion of a building number",
        "min": 0,
        "max": "*",
        "base": {
          "path": "AD.houseNumberNumeric",
          "min": 0,
          "max": "*"
        },
        "type": [
          {
            "code": "http://hl7.org/fhir/cda/StructureDefinition/ADXP"
          }
        ]
      },
      {
        "id": "AD.houseNumberNumeric.partType",
        "path": "AD.houseNumberNumeric.partType",
        "representation": [
          "xmlAttr"
        ],
        "definition": "Specifies the type of the address part",
        "min": 0,
        "max": "1",
        "base": {
          "path": "AD.houseNumberNumeric.partType",
          "min": 0,
          "max": "1"
        },
        "type": [
          {
            "code": "code"
          }
        ],
        "fixedCode": "BNN"
      },
      {
        "id": "AD.direction",
        "path": "AD.direction",
        "definition": "Direction (e.g., N, S, W, E)",
        "min": 0,
        "max": "*",
        "base": {
          "path": "AD.direction",
          "min": 0,
          "max": "*"
        },
        "type": [
          {
            "code": "http://hl7.org/fhir/cda/StructureDefinition/ADXP"
          }
        ]
      },
      {
        "id": "AD.direction.partType",
        "path": "AD.direction.partType",
        "representation": [
          "xmlAttr"
        ],
        "definition": "Specifies the type of the address part",
        "min": 0,
        "max": "1",
        "base": {
          "path": "AD.direction.partType",
          "min": 0,
          "max": "1"
        },
        "type": [
          {
            "code": "code"
          }
        ],
        "fixedCode": "DIR"
      },
      {
        "id": "AD.streetName",
        "path": "AD.streetName",
        "definition": "Name of a roadway or artery recognized by a municipality (including street type and direction)",
        "min": 0,
        "max": "*",
        "base": {
          "path": "AD.streetName",
          "min": 0,
          "max": "*"
        },
        "type": [
          {
            "code": "http://hl7.org/fhir/cda/StructureDefinition/ADXP"
          }
        ]
      },
      {
        "id": "AD.streetName.partType",
        "path": "AD.streetName.partType",
        "representation": [
          "xmlAttr"
        ],
        "definition": "Specifies the type of the address part",
        "min": 0,
        "max": "1",
        "base": {
          "path": "AD.streetName.partType",
          "min": 0,
          "max": "1"
        },
        "type": [
          {
            "code": "code"
          }
        ],
        "fixedCode": "STR"
      },
      {
        "id": "AD.streetNameBase",
        "path": "AD.streetNameBase",
        "definition": "The base name of a roadway or artery recognized by a municipality (excluding street type and direction)",
        "min": 0,
        "max": "*",
        "base": {
          "path": "AD.streetNameBase",
          "min": 0,
          "max": "*"
        },
        "type": [
          {
            "code": "http://hl7.org/fhir/cda/StructureDefinition/ADXP"
          }
        ]
      },
      {
        "id": "AD.streetNameBase.partType",
        "path": "AD.streetNameBase.partType",
        "representation": [
          "xmlAttr"
        ],
        "definition": "Specifies the type of the address part",
        "min": 0,
        "max": "1",
        "base": {
          "path": "AD.streetNameBase.partType",
          "min": 0,
          "max": "1"
        },
        "type": [
          {
            "code": "code"
          }
        ],
        "fixedCode": "STB"
      },
      {
        "id": "AD.streetNameType",
        "path": "AD.streetNameType",
        "definition": "The designation given to the street. (e.g. Street, Avenue, Crescent, etc.)",
        "min": 0,
        "max": "*",
        "base": {
          "path": "AD.streetNameType",
          "min": 0,
          "max": "*"
        },
        "type": [
          {
            "code": "http://hl7.org/fhir/cda/StructureDefinition/ADXP"
          }
        ]
      },
      {
        "id": "AD.streetNameType.partType",
        "path": "AD.streetNameType.partType",
        "representation": [
          "xmlAttr"
        ],
        "definition": "Specifies the type of the address part",
        "min": 0,
        "max": "1",
        "base": {
          "path": "AD.streetNameType.partType",
          "min": 0,
          "max": "1"
        },
        "type": [
          {
            "code": "code"
          }
        ],
        "fixedCode": "STTYP"
      },
      {
        "id": "AD.additionalLocator",
        "path": "AD.additionalLocator",
        "definition": "This can be a unit designator, such as apartment number, suite number, or floor. There may be several unit designators in an address (e.g., \"3rd floor, Appt. 342\"). This can also be a designator pointing away from the location, rather than specifying a smaller location within some larger one (e.g., Dutch \"t.o.\" means \"opposite to\" for house boats located across the street facing houses).",
        "min": 0,
        "max": "*",
        "base": {
          "path": "AD.additionalLocator",
          "min": 0,
          "max": "*"
        },
        "type": [
          {
            "code": "http://hl7.org/fhir/cda/StructureDefinition/ADXP"
          }
        ]
      },
      {
        "id": "AD.additionalLocator.partType",
        "path": "AD.additionalLocator.partType",
        "representation": [
          "xmlAttr"
        ],
        "definition": "Specifies the type of the address part",
        "min": 0,
        "max": "1",
        "base": {
          "path": "AD.additionalLocator.partType",
          "min": 0,
          "max": "1"
        },
        "type": [
          {
            "code": "code"
          }
        ],
        "fixedCode": "ADL"
      },
      {
        "id": "AD.unitID",
        "path": "AD.unitID",
        "definition": "The number or name of a specific unit contained within a building or complex, as assigned by that building or complex.",
        "min": 0,
        "max": "*",
        "base": {
          "path": "AD.unitID",
          "min": 0,
          "max": "*"
        },
        "type": [
          {
            "code": "http://hl7.org/fhir/cda/StructureDefinition/ADXP"
          }
        ]
      },
      {
        "id": "AD.unitID.partType",
        "path": "AD.unitID.partType",
        "representation": [
          "xmlAttr"
        ],
        "definition": "Specifies the type of the address part",
        "min": 0,
        "max": "1",
        "base": {
          "path": "AD.unitID.partType",
          "min": 0,
          "max": "1"
        },
        "type": [
          {
            "code": "code"
          }
        ],
        "fixedCode": "UNID"
      },
      {
        "id": "AD.unitType",
        "path": "AD.unitType",
        "definition": "Indicates the type of specific unit contained within a building or complex. E.g. Appartment, Floor",
        "min": 0,
        "max": "*",
        "base": {
          "path": "AD.unitType",
          "min": 0,
          "max": "*"
        },
        "type": [
          {
            "code": "http://hl7.org/fhir/cda/StructureDefinition/ADXP"
          }
        ]
      },
      {
        "id": "AD.unitType.partType",
        "path": "AD.unitType.partType",
        "representation": [
          "xmlAttr"
        ],
        "definition": "Specifies the type of the address part",
        "min": 0,
        "max": "1",
        "base": {
          "path": "AD.unitType.partType",
          "min": 0,
          "max": "1"
        },
        "type": [
          {
            "code": "code"
          }
        ],
        "fixedCode": "UNIT"
      },
      {
        "id": "AD.careOf",
        "path": "AD.careOf",
        "definition": "The name of the party who will take receipt at the specified address, and will take on responsibility for ensuring delivery to the target recipient",
        "min": 0,
        "max": "*",
        "base": {
          "path": "AD.careOf",
          "min": 0,
          "max": "*"
        },
        "type": [
          {
            "code": "http://hl7.org/fhir/cda/StructureDefinition/ADXP"
          }
        ]
      },
      {
        "id": "AD.careOf.partType",
        "path": "AD.careOf.partType",
        "representation": [
          "xmlAttr"
        ],
        "definition": "Specifies the type of the address part",
        "min": 0,
        "max": "1",
        "base": {
          "path": "AD.careOf.partType",
          "min": 0,
          "max": "1"
        },
        "type": [
          {
            "code": "code"
          }
        ],
        "fixedCode": "CAR"
      },
      {
        "id": "AD.censusTract",
        "path": "AD.censusTract",
        "definition": "A geographic sub-unit delineated for demographic purposes.",
        "min": 0,
        "max": "*",
        "base": {
          "path": "AD.censusTract",
          "min": 0,
          "max": "*"
        },
        "type": [
          {
            "code": "http://hl7.org/fhir/cda/StructureDefinition/ADXP"
          }
        ]
      },
      {
        "id": "AD.censusTract.partType",
        "path": "AD.censusTract.partType",
        "representation": [
          "xmlAttr"
        ],
        "definition": "Specifies the type of the address part",
        "min": 0,
        "max": "1",
        "base": {
          "path": "AD.censusTract.partType",
          "min": 0,
          "max": "1"
        },
        "type": [
          {
            "code": "code"
          }
        ],
        "fixedCode": "CEN"
      },
      {
        "id": "AD.deliveryAddressLine",
        "path": "AD.deliveryAddressLine",
        "definition": "A delivery address line is frequently used instead of breaking out delivery mode, delivery installation, etc. An address generally has only a delivery address line or a street address line, but not both.",
        "min": 0,
        "max": "*",
        "base": {
          "path": "AD.deliveryAddressLine",
          "min": 0,
          "max": "*"
        },
        "type": [
          {
            "code": "http://hl7.org/fhir/cda/StructureDefinition/ADXP"
          }
        ]
      },
      {
        "id": "AD.deliveryAddressLine.partType",
        "path": "AD.deliveryAddressLine.partType",
        "representation": [
          "xmlAttr"
        ],
        "definition": "Specifies the type of the address part",
        "min": 0,
        "max": "1",
        "base": {
          "path": "AD.deliveryAddressLine.partType",
          "min": 0,
          "max": "1"
        },
        "type": [
          {
            "code": "code"
          }
        ],
        "fixedCode": "DAL"
      },
      {
        "id": "AD.deliveryInstallationType",
        "path": "AD.deliveryInstallationType",
        "definition": "Indicates the type of delivery installation (the facility to which the mail will be delivered prior to final shipping via the delivery mode.) Example: post office, letter carrier depot, community mail center, station, etc.",
        "min": 0,
        "max": "*",
        "base": {
          "path": "AD.deliveryInstallationType",
          "min": 0,
          "max": "*"
        },
        "type": [
          {
            "code": "http://hl7.org/fhir/cda/StructureDefinition/ADXP"
          }
        ]
      },
      {
        "id": "AD.deliveryInstallationType.partType",
        "path": "AD.deliveryInstallationType.partType",
        "representation": [
          "xmlAttr"
        ],
        "definition": "Specifies the type of the address part",
        "min": 0,
        "max": "1",
        "base": {
          "path": "AD.deliveryInstallationType.partType",
          "min": 0,
          "max": "1"
        },
        "type": [
          {
            "code": "code"
          }
        ],
        "fixedCode": "DINST"
      },
      {
        "id": "AD.deliveryInstallationArea",
        "path": "AD.deliveryInstallationArea",
        "definition": "The location of the delivery installation, usually a town or city, and is only required if the area is different from the municipality. Area to which mail delivery service is provided from any postal facility or service such as an individual letter carrier, rural route, or postal route.",
        "min": 0,
        "max": "*",
        "base": {
          "path": "AD.deliveryInstallationArea",
          "min": 0,
          "max": "*"
        },
        "type": [
          {
            "code": "http://hl7.org/fhir/cda/StructureDefinition/ADXP"
          }
        ]
      },
      {
        "id": "AD.deliveryInstallationArea.partType",
        "path": "AD.deliveryInstallationArea.partType",
        "representation": [
          "xmlAttr"
        ],
        "definition": "Specifies the type of the address part",
        "min": 0,
        "max": "1",
        "base": {
          "path": "AD.deliveryInstallationArea.partType",
          "min": 0,
          "max": "1"
        },
        "type": [
          {
            "code": "code"
          }
        ],
        "fixedCode": "DINSTA"
      },
      {
        "id": "AD.deliveryInstallationQualifier",
        "path": "AD.deliveryInstallationQualifier",
        "definition": "A number, letter or name identifying a delivery installation. E.g., for Station A, the delivery installation qualifier would be 'A'.",
        "min": 0,
        "max": "*",
        "base": {
          "path": "AD.deliveryInstallationQualifier",
          "min": 0,
          "max": "*"
        },
        "type": [
          {
            "code": "http://hl7.org/fhir/cda/StructureDefinition/ADXP"
          }
        ]
      },
      {
        "id": "AD.deliveryInstallationQualifier.partType",
        "path": "AD.deliveryInstallationQualifier.partType",
        "representation": [
          "xmlAttr"
        ],
        "definition": "Specifies the type of the address part",
        "min": 0,
        "max": "1",
        "base": {
          "path": "AD.deliveryInstallationQualifier.partType",
          "min": 0,
          "max": "1"
        },
        "type": [
          {
            "code": "code"
          }
        ],
        "fixedCode": "DINSTQ"
      },
      {
        "id": "AD.deliveryMode",
        "path": "AD.deliveryMode",
        "definition": "Indicates the type of service offered, method of delivery. For example: post office box, rural route, general delivery, etc.",
        "min": 0,
        "max": "*",
        "base": {
          "path": "AD.deliveryMode",
          "min": 0,
          "max": "*"
        },
        "type": [
          {
            "code": "http://hl7.org/fhir/cda/StructureDefinition/ADXP"
          }
        ]
      },
      {
        "id": "AD.deliveryMode.partType",
        "path": "AD.deliveryMode.partType",
        "representation": [
          "xmlAttr"
        ],
        "definition": "Specifies the type of the address part",
        "min": 0,
        "max": "1",
        "base": {
          "path": "AD.deliveryMode.partType",
          "min": 0,
          "max": "1"
        },
        "type": [
          {
            "code": "code"
          }
        ],
        "fixedCode": "DMOD"
      },
      {
        "id": "AD.deliveryModeIdentifier",
        "path": "AD.deliveryModeIdentifier",
        "definition": "Represents the routing information such as a letter carrier route number. It is the identifying number of the designator (the box number or rural route number).",
        "min": 0,
        "max": "*",
        "base": {
          "path": "AD.deliveryModeIdentifier",
          "min": 0,
          "max": "*"
        },
        "type": [
          {
            "code": "http://hl7.org/fhir/cda/StructureDefinition/ADXP"
          }
        ]
      },
      {
        "id": "AD.deliveryModeIdentifier.partType",
        "path": "AD.deliveryModeIdentifier.partType",
        "representation": [
          "xmlAttr"
        ],
        "definition": "Specifies the type of the address part",
        "min": 0,
        "max": "1",
        "base": {
          "path": "AD.deliveryModeIdentifier.partType",
          "min": 0,
          "max": "1"
        },
        "type": [
          {
            "code": "code"
          }
        ],
        "fixedCode": "DMODID"
      },
      {
        "id": "AD.buildingNumberSuffix",
        "path": "AD.buildingNumberSuffix",
        "definition": "Any alphabetic character, fraction or other text that may appear after the numeric portion of a building number",
        "min": 0,
        "max": "*",
        "base": {
          "path": "AD.buildingNumberSuffix",
          "min": 0,
          "max": "*"
        },
        "type": [
          {
            "code": "http://hl7.org/fhir/cda/StructureDefinition/ADXP"
          }
        ]
      },
      {
        "id": "AD.buildingNumberSuffix.partType",
        "path": "AD.buildingNumberSuffix.partType",
        "representation": [
          "xmlAttr"
        ],
        "definition": "Specifies the type of the address part",
        "min": 0,
        "max": "1",
        "base": {
          "path": "AD.buildingNumberSuffix.partType",
          "min": 0,
          "max": "1"
        },
        "type": [
          {
            "code": "code"
          }
        ],
        "fixedCode": "BNS"
      },
      {
        "id": "AD.postBox",
        "path": "AD.postBox",
        "definition": "A numbered box located in a post station.",
        "min": 0,
        "max": "*",
        "base": {
          "path": "AD.postBox",
          "min": 0,
          "max": "*"
        },
        "type": [
          {
            "code": "http://hl7.org/fhir/cda/StructureDefinition/ADXP"
          }
        ]
      },
      {
        "id": "AD.postBox.partType",
        "path": "AD.postBox.partType",
        "representation": [
          "xmlAttr"
        ],
        "definition": "Specifies the type of the address part",
        "min": 0,
        "max": "1",
        "base": {
          "path": "AD.postBox.partType",
          "min": 0,
          "max": "1"
        },
        "type": [
          {
            "code": "code"
          }
        ],
        "fixedCode": "POB"
      },
      {
        "id": "AD.precinct",
        "path": "AD.precinct",
        "definition": "A subsection of a municipality",
        "min": 0,
        "max": "*",
        "base": {
          "path": "AD.precinct",
          "min": 0,
          "max": "*"
        },
        "type": [
          {
            "code": "http://hl7.org/fhir/cda/StructureDefinition/ADXP"
          }
        ]
      },
      {
        "id": "AD.precinct.partType",
        "path": "AD.precinct.partType",
        "representation": [
          "xmlAttr"
        ],
        "definition": "Specifies the type of the address part",
        "min": 0,
        "max": "1",
        "base": {
          "path": "AD.precinct.partType",
          "min": 0,
          "max": "1"
        },
        "type": [
          {
            "code": "code"
          }
        ],
        "fixedCode": "PRE"
      },
      {
        "id": "AD.other",
        "path": "AD.other",
        "representation": [
          "xmlText"
        ],
        "definition": "Textual representation of (part of) the address",
        "min": 0,
        "max": "1",
        "base": {
          "path": "AD.other",
          "min": 0,
          "max": "1"
        },
        "type": [
          {
            "code": "string"
          }
        ]
      },
      {
        "id": "AD.useablePeriod[x]",
        "extension": [
          {
            "url": "http://hl7.org/fhir/StructureDefinition/elementdefinition-defaulttype",
            "valueString": "SXPR-TS"
          }
        ],
        "path": "AD.useablePeriod[x]",
        "representation": [
          "typeAttr"
        ],
        "label": "Useable Period",
        "definition": "A General Timing Specification (GTS) specifying the periods of time during which the address can be used. This is used to specify different addresses for different times of the week or year.",
        "min": 0,
        "max": "*",
        "base": {
          "path": "AD.useablePeriod[x]",
          "min": 0,
          "max": "*"
        },
        "type": [
          {
            "code": "http://hl7.org/fhir/cda/StructureDefinition/IVL-TS"
          },
          {
            "code": "http://hl7.org/fhir/cda/StructureDefinition/EIVL-TS"
          },
          {
            "code": "http://hl7.org/fhir/cda/StructureDefinition/PIVL-TS"
          },
          {
            "code": "http://hl7.org/fhir/cda/StructureDefinition/SXPR-TS"
          }
        ]
      }
    ]
  },
  "differential": {
    "element": [
      {
        "id": "AD",
        "path": "AD",
        "constraint": [
          {
            "key": "81-7296",
            "severity": "error",
            "human": "**SHALL NOT** have mixed content except for white space (CONF:81-7296)."
          }
        ]
      },
      {
        "id": "AD.use",
        "path": "AD.use",
        "short": "use",
        "definition": "SHOULD contain zero or one [0..1] @use, which SHALL be selected from ValueSet PostalAddressUse urn:oid:2.16.840.1.113883.1.11.10637 STATIC 2005-05-01 (CONF:81-7290).",
        "min": 0,
        "max": "1",
        "binding": {
          "strength": "required",
          "valueSet": "https://cts.nlm.nih.gov/fhir/ValueSet/2.16.840.1.113883.1.11.10637"
        }
      },
      {
        "id": "AD.country",
        "path": "AD.country",
        "short": "country",
        "definition": "SHOULD contain zero or one [0..1] country, which SHALL be selected from ValueSet Country urn:oid:2.16.840.1.113883.3.88.12.80.63 DYNAMIC (CONF:81-7295).",
        "min": 0,
        "max": "1",
        "binding": {
          "strength": "required",
          "valueSet": "https://cts.nlm.nih.gov/fhir/ValueSet/2.16.840.1.113883.3.88.12.80.63"
        }
      },
      {
        "id": "AD.state",
        "path": "AD.state",
        "short": "state",
        "definition": "SHOULD contain zero or one [0..1] state (ValueSet: StateValueSet urn:oid:2.16.840.1.113883.3.88.12.80.1 DYNAMIC) (CONF:81-7293).",
        "min": 0,
        "max": "1",
        "constraint": [
          {
            "key": "81-10024",
            "severity": "error",
            "human": "If the country is US, the state element is required but SHOULD have @nullFlavor if the state is unknown. If country is not specified, it's assumed to be US. If country is something other than US, the state MAY be present but MAY be bound to different vocabularies (CONF:81-10024)."
          }
        ],
        "binding": {
          "strength": "preferred",
          "valueSet": "https://cts.nlm.nih.gov/fhir/ValueSet/2.16.840.1.113883.3.88.12.80.1"
        }
      },
      {
        "id": "AD.city",
        "path": "AD.city",
        "short": "city",
        "definition": "SHALL contain exactly one [1..1] city (CONF:81-7292).",
        "min": 1,
        "max": "1"
      },
      {
        "id": "AD.postalCode",
        "path": "AD.postalCode",
        "short": "postalCode",
        "definition": "SHOULD contain zero or one [0..1] postalCode, which SHOULD be selected from ValueSet PostalCode urn:oid:2.16.840.1.113883.3.88.12.80.2 DYNAMIC (CONF:81-7294).",
        "min": 0,
        "max": "1",
        "constraint": [
          {
            "key": "81-10025",
            "severity": "error",
            "human": "If the country is US, the postalCode element is required but SHOULD have @nullFlavor if the postalCode is unknown. If country is not specified, it's assumed to be US. If country is something other than US, the postalCode MAY be present but MAY be bound to different vocabularies (CONF:81-10025)."
          }
        ],
        "binding": {
          "strength": "preferred",
          "valueSet": "https://cts.nlm.nih.gov/fhir/ValueSet/2.16.840.1.113883.3.88.12.80.2"
        }
      },
      {
        "id": "AD.streetAddressLine",
        "path": "AD.streetAddressLine",
        "short": "streetAddressLine",
        "definition": "SHALL contain at least one and not more than 4 streetAddressLine (CONF:81-7291).",
        "min": 1,
        "max": "4"
      }
    ]
  }
}