{
  "package": "hl7.cda.us.ccda",
  "version": "2.1.0",
  "fhirVersion": "4.0.1",
  "extensions": [],
  "profiles": {
    "Section": [
      {
        "url": "http://hl7.org/fhir/cda/ccda/StructureDefinition/1.3.6.1.4.1.19376.1.5.3.1.3.1",
        "title": "ReasonforReferralSection"
      }
    ],
    "Author": [
      {
        "url": "http://hl7.org/fhir/cda/ccda/StructureDefinition/2.16.840.1.113883.10.20.22.4.119",
        "title": "AuthorParticipation"
      }
    ],
    "Act": [
      {
        "url": "http://hl7.org/fhir/cda/ccda/StructureDefinition/2.16.840.1.113883.10.20.22.4.64",
        "title": "CommentActivity"
      }
    ],
    "Supply": [
      {
        "url": "http://hl7.org/fhir/cda/ccda/StructureDefinition/2.16.840.1.113883.10.20.22.4.17",
        "title": "MedicationSupplyOrder"
      }
    ],
    "Observation": [
      {
        "url": "http://hl7.org/fhir/cda/ccda/StructureDefinition/2.16.840.1.113883.10.20.22.4.19",
        "title": "Indication"
      }
    ],
    "ManufacturedProduct": [
      {
        "url": "http://hl7.org/fhir/cda/ccda/StructureDefinition/2.16.840.1.113883.10.20.22.4.54",
        "title": "ImmunizationMedicationInformation"
      }
    ]
  },
  "usage": {
    "http://hl7.org/fhir/StructureDefinition/elementdefinition-defaulttype": [
      "StructureDefinition.snapshot.element"
    ],
    "http://hl7.org/fhir/StructureDefinition/structuredefinition-fhir-type": [
      "StructureDefinition.snapshot.element.type"
    ],
    "http://hl7.org/fhir/tools/StructureDefinition/resource-information": [
      "ImplementationGuide.definition.resource"
    ]
  }
}