<?xml version="1.0" encoding="UTF-8"?>

<ValueSet xmlns="http://hl7.org/fhir">
  <id value="2.16.840.1.113883.11.20.9.49"/>
  <meta>
    <versionId value="11"/>
    <lastUpdated value="2018-01-05T22:00:04.000-08:00"/>
  </meta>
  <text>
    <status value="generated"/><div xmlns="http://www.w3.org/1999/xhtml">
            <h2>Residence and Accommodation Type</h2>
            <p>This value set includes codes from the following code systems:</p>
            <ul>
                <li>Include these codes as defined in 
                    
                    <a href="http://www.snomed.org/">
                        <code>http://snomed.info/sct</code>
                    </a>
                    <table class="none">
                        <tr>
                            <td>
                                <b>Code</b>
                            </td>
                            <td>
                                <b>Display</b>
                            </td>
                        </tr>
                        <tr>
                            <td>
                                <a href="http://browser.ihtsdotools.org/?perspective=full&amp;conceptId1=105526001">105526001</a>
                            </td>
                            <td>Homeless family (finding)</td>
                            <td/>
                        </tr>
                        <tr>
                            <td>
                                <a href="http://browser.ihtsdotools.org/?perspective=full&amp;conceptId1=105527005">105527005</a>
                            </td>
                            <td>Living in residence with poor sanitation (finding)</td>
                            <td/>
                        </tr>
                        <tr>
                            <td>
                                <a href="http://browser.ihtsdotools.org/?perspective=full&amp;conceptId1=105530003">105530003</a>
                            </td>
                            <td>Living in residential institution (finding)</td>
                            <td/>
                        </tr>
                        <tr>
                            <td>
                                <a href="http://browser.ihtsdotools.org/?perspective=full&amp;conceptId1=105531004">105531004</a>
                            </td>
                            <td>Housing unsatisfactory (finding)</td>
                            <td/>
                        </tr>
                        <tr>
                            <td>
                                <a href="http://browser.ihtsdotools.org/?perspective=full&amp;conceptId1=105532006">105532006</a>
                            </td>
                            <td>Overcrowded in house (finding)</td>
                            <td/>
                        </tr>
                        <tr>
                            <td>
                                <a href="http://browser.ihtsdotools.org/?perspective=full&amp;conceptId1=105535008">105535008</a>
                            </td>
                            <td>Lack of heat in house (finding)</td>
                            <td/>
                        </tr>
                        <tr>
                            <td>
                                <a href="http://browser.ihtsdotools.org/?perspective=full&amp;conceptId1=105536009">105536009</a>
                            </td>
                            <td>Living in housing without electricity (finding)</td>
                            <td/>
                        </tr>
                        <tr>
                            <td>
                                <a href="http://browser.ihtsdotools.org/?perspective=full&amp;conceptId1=105537000">105537000</a>
                            </td>
                            <td>Living in housing with technical defects (finding)</td>
                            <td/>
                        </tr>
                        <tr>
                            <td>
                                <a href="http://browser.ihtsdotools.org/?perspective=full&amp;conceptId1=113165003">113165003</a>
                            </td>
                            <td>Duplex home living (finding)</td>
                            <td/>
                        </tr>
                        <tr>
                            <td>
                                <a href="http://browser.ihtsdotools.org/?perspective=full&amp;conceptId1=11762561000119103">11762561000119103</a>
                            </td>
                            <td>Assisted living facility patient (finding)</td>
                            <td/>
                        </tr>
                        <tr>
                            <td>
                                <a href="http://browser.ihtsdotools.org/?perspective=full&amp;conceptId1=160700001">160700001</a>
                            </td>
                            <td>Homeless single person (finding)</td>
                            <td/>
                        </tr>
                        <tr>
                            <td>
                                <a href="http://browser.ihtsdotools.org/?perspective=full&amp;conceptId1=160701002">160701002</a>
                            </td>
                            <td>Social migrant (finding)</td>
                            <td/>
                        </tr>
                        <tr>
                            <td>
                                <a href="http://browser.ihtsdotools.org/?perspective=full&amp;conceptId1=160702009">160702009</a>
                            </td>
                            <td>Illegal migrant (finding)</td>
                            <td/>
                        </tr>
                        <tr>
                            <td>
                                <a href="http://browser.ihtsdotools.org/?perspective=full&amp;conceptId1=160703004">160703004</a>
                            </td>
                            <td>Vagrant (finding)</td>
                            <td/>
                        </tr>
                        <tr>
                            <td>
                                <a href="http://browser.ihtsdotools.org/?perspective=full&amp;conceptId1=160706007">160706007</a>
                            </td>
                            <td>Lack of space in house (finding)</td>
                            <td/>
                        </tr>
                        <tr>
                            <td>
                                <a href="http://browser.ihtsdotools.org/?perspective=full&amp;conceptId1=160708008">160708008</a>
                            </td>
                            <td>Stairs in house (finding)</td>
                            <td/>
                        </tr>
                        <tr>
                            <td>
                                <a href="http://browser.ihtsdotools.org/?perspective=full&amp;conceptId1=160712002">160712002</a>
                            </td>
                            <td>Multiple occupancy (finding)</td>
                            <td/>
                        </tr>
                        <tr>
                            <td>
                                <a href="http://browser.ihtsdotools.org/?perspective=full&amp;conceptId1=160715000">160715000</a>
                            </td>
                            <td>House infested (finding)</td>
                            <td/>
                        </tr>
                        <tr>
                            <td>
                                <a href="http://browser.ihtsdotools.org/?perspective=full&amp;conceptId1=160716004">160716004</a>
                            </td>
                            <td>House liable to vandalism (finding)</td>
                            <td/>
                        </tr>
                        <tr>
                            <td>
                                <a href="http://browser.ihtsdotools.org/?perspective=full&amp;conceptId1=160718003">160718003</a>
                            </td>
                            <td>Children not allowed in house (finding)</td>
                            <td/>
                        </tr>
                        <tr>
                            <td>
                                <a href="http://browser.ihtsdotools.org/?perspective=full&amp;conceptId1=160720000">160720000</a>
                            </td>
                            <td>Harassment by landlord (finding)</td>
                            <td/>
                        </tr>
                        <tr>
                            <td>
                                <a href="http://browser.ihtsdotools.org/?perspective=full&amp;conceptId1=160721001">160721001</a>
                            </td>
                            <td>Housing unsuited to needs (finding)</td>
                            <td/>
                        </tr>
                        <tr>
                            <td>
                                <a href="http://browser.ihtsdotools.org/?perspective=full&amp;conceptId1=160724009">160724009</a>
                            </td>
                            <td>Independent housing, not alone (finding)</td>
                            <td/>
                        </tr>
                        <tr>
                            <td>
                                <a href="http://browser.ihtsdotools.org/?perspective=full&amp;conceptId1=160729004">160729004</a>
                            </td>
                            <td>Lives in sheltered housing (finding)</td>
                            <td/>
                        </tr>
                        <tr>
                            <td>
                                <a href="http://browser.ihtsdotools.org/?perspective=full&amp;conceptId1=160732001">160732001</a>
                            </td>
                            <td>Resident in part III accommodation (finding)</td>
                            <td/>
                        </tr>
                        <tr>
                            <td>
                                <a href="http://browser.ihtsdotools.org/?perspective=full&amp;conceptId1=160734000">160734000</a>
                            </td>
                            <td>Lives in a nursing home (finding)</td>
                            <td/>
                        </tr>
                        <tr>
                            <td>
                                <a href="http://browser.ihtsdotools.org/?perspective=full&amp;conceptId1=160736003">160736003</a>
                            </td>
                            <td>Lives in a welfare home (finding)</td>
                            <td/>
                        </tr>
                        <tr>
                            <td>
                                <a href="http://browser.ihtsdotools.org/?perspective=full&amp;conceptId1=160737007">160737007</a>
                            </td>
                            <td>Lives in an old peoples home (finding)</td>
                            <td/>
                        </tr>
                        <tr>
                            <td>
                                <a href="http://browser.ihtsdotools.org/?perspective=full&amp;conceptId1=160738002">160738002</a>
                            </td>
                            <td>Lives in a children's home (finding)</td>
                            <td/>
                        </tr>
                        <tr>
                            <td>
                                <a href="http://browser.ihtsdotools.org/?perspective=full&amp;conceptId1=160744003">160744003</a>
                            </td>
                            <td>Lives in bed and breakfast accommodation (finding)</td>
                            <td/>
                        </tr>
                        <tr>
                            <td>
                                <a href="http://browser.ihtsdotools.org/?perspective=full&amp;conceptId1=160745002">160745002</a>
                            </td>
                            <td>Lives in lodgings (finding)</td>
                            <td/>
                        </tr>
                        <tr>
                            <td>
                                <a href="http://browser.ihtsdotools.org/?perspective=full&amp;conceptId1=160746001">160746001</a>
                            </td>
                            <td>Lives in a bedsit (finding)</td>
                            <td/>
                        </tr>
                        <tr>
                            <td>
                                <a href="http://browser.ihtsdotools.org/?perspective=full&amp;conceptId1=160750008">160750008</a>
                            </td>
                            <td>Rehoused (finding)</td>
                            <td/>
                        </tr>
                        <tr>
                            <td>
                                <a href="http://browser.ihtsdotools.org/?perspective=full&amp;conceptId1=160751007">160751007</a>
                            </td>
                            <td>Eviction from dwelling (finding)</td>
                            <td/>
                        </tr>
                        <tr>
                            <td>
                                <a href="http://browser.ihtsdotools.org/?perspective=full&amp;conceptId1=160752000">160752000</a>
                            </td>
                            <td>Eviction notice served (finding)</td>
                            <td/>
                        </tr>
                        <tr>
                            <td>
                                <a href="http://browser.ihtsdotools.org/?perspective=full&amp;conceptId1=160753005">160753005</a>
                            </td>
                            <td>Evicted forcibly from house (finding)</td>
                            <td/>
                        </tr>
                        <tr>
                            <td>
                                <a href="http://browser.ihtsdotools.org/?perspective=full&amp;conceptId1=160754004">160754004</a>
                            </td>
                            <td>Tenant evicted (finding)</td>
                            <td/>
                        </tr>
                        <tr>
                            <td>
                                <a href="http://browser.ihtsdotools.org/?perspective=full&amp;conceptId1=160936008">160936008</a>
                            </td>
                            <td>Houseowner - no mortgage (finding)</td>
                            <td/>
                        </tr>
                        <tr>
                            <td>
                                <a href="http://browser.ihtsdotools.org/?perspective=full&amp;conceptId1=160937004">160937004</a>
                            </td>
                            <td>Houseowner with mortgage (finding)</td>
                            <td/>
                        </tr>
                        <tr>
                            <td>
                                <a href="http://browser.ihtsdotools.org/?perspective=full&amp;conceptId1=160938009">160938009</a>
                            </td>
                            <td>House rented from council (finding)</td>
                            <td/>
                        </tr>
                        <tr>
                            <td>
                                <a href="http://browser.ihtsdotools.org/?perspective=full&amp;conceptId1=160939001">160939001</a>
                            </td>
                            <td>House rented from housing association (finding)</td>
                            <td/>
                        </tr>
                        <tr>
                            <td>
                                <a href="http://browser.ihtsdotools.org/?perspective=full&amp;conceptId1=160940004">160940004</a>
                            </td>
                            <td>House rented from private landlord (finding)</td>
                            <td/>
                        </tr>
                        <tr>
                            <td>
                                <a href="http://browser.ihtsdotools.org/?perspective=full&amp;conceptId1=160943002">160943002</a>
                            </td>
                            <td>Lives in own home (finding)</td>
                            <td/>
                        </tr>
                        <tr>
                            <td>
                                <a href="http://browser.ihtsdotools.org/?perspective=full&amp;conceptId1=16094681000119103">16094681000119103</a>
                            </td>
                            <td>Long term custodial care facility patient (finding)</td>
                            <td/>
                        </tr>
                        <tr>
                            <td>
                                <a href="http://browser.ihtsdotools.org/?perspective=full&amp;conceptId1=161036002">161036002</a>
                            </td>
                            <td>Housing adequate (finding)</td>
                            <td/>
                        </tr>
                        <tr>
                            <td>
                                <a href="http://browser.ihtsdotools.org/?perspective=full&amp;conceptId1=161056001">161056001</a>
                            </td>
                            <td>In care (finding)</td>
                            <td/>
                        </tr>
                        <tr>
                            <td>
                                <a href="http://browser.ihtsdotools.org/?perspective=full&amp;conceptId1=185955000">185955000</a>
                            </td>
                            <td>On urgent housing list (finding)</td>
                            <td/>
                        </tr>
                        <tr>
                            <td>
                                <a href="http://browser.ihtsdotools.org/?perspective=full&amp;conceptId1=185956004">185956004</a>
                            </td>
                            <td>On housing list (finding)</td>
                            <td/>
                        </tr>
                        <tr>
                            <td>
                                <a href="http://browser.ihtsdotools.org/?perspective=full&amp;conceptId1=185957008">185957008</a>
                            </td>
                            <td>Awaiting housing improvement (finding)</td>
                            <td/>
                        </tr>
                        <tr>
                            <td>
                                <a href="http://browser.ihtsdotools.org/?perspective=full&amp;conceptId1=185960001">185960001</a>
                            </td>
                            <td>Housing problem solved (finding)</td>
                            <td/>
                        </tr>
                        <tr>
                            <td>
                                <a href="http://browser.ihtsdotools.org/?perspective=full&amp;conceptId1=185961002">185961002</a>
                            </td>
                            <td>House fumigated (finding)</td>
                            <td/>
                        </tr>
                        <tr>
                            <td>
                                <a href="http://browser.ihtsdotools.org/?perspective=full&amp;conceptId1=224211003">224211003</a>
                            </td>
                            <td>Does not own home (finding)</td>
                            <td/>
                        </tr>
                        <tr>
                            <td>
                                <a href="http://browser.ihtsdotools.org/?perspective=full&amp;conceptId1=224212005">224212005</a>
                            </td>
                            <td>Home owned by family member (finding)</td>
                            <td/>
                        </tr>
                        <tr>
                            <td>
                                <a href="http://browser.ihtsdotools.org/?perspective=full&amp;conceptId1=224213000">224213000</a>
                            </td>
                            <td>Lives in rented accommodation (finding)</td>
                            <td/>
                        </tr>
                        <tr>
                            <td>
                                <a href="http://browser.ihtsdotools.org/?perspective=full&amp;conceptId1=224214006">224214006</a>
                            </td>
                            <td>Lives in furnished rented accommodation (finding)</td>
                            <td/>
                        </tr>
                        <tr>
                            <td>
                                <a href="http://browser.ihtsdotools.org/?perspective=full&amp;conceptId1=224215007">224215007</a>
                            </td>
                            <td>Lives in unfurnished rented accommodation (finding)</td>
                            <td/>
                        </tr>
                        <tr>
                            <td>
                                <a href="http://browser.ihtsdotools.org/?perspective=full&amp;conceptId1=224216008">224216008</a>
                            </td>
                            <td>Lives under a landlady scheme (finding)</td>
                            <td/>
                        </tr>
                        <tr>
                            <td>
                                <a href="http://browser.ihtsdotools.org/?perspective=full&amp;conceptId1=224217004">224217004</a>
                            </td>
                            <td>Lives in tied accommodation (finding)</td>
                            <td/>
                        </tr>
                        <tr>
                            <td>
                                <a href="http://browser.ihtsdotools.org/?perspective=full&amp;conceptId1=224218009">224218009</a>
                            </td>
                            <td>Lives in hotel (finding)</td>
                            <td/>
                        </tr>
                        <tr>
                            <td>
                                <a href="http://browser.ihtsdotools.org/?perspective=full&amp;conceptId1=224219001">224219001</a>
                            </td>
                            <td>Lives in independent group home (finding)</td>
                            <td/>
                        </tr>
                        <tr>
                            <td>
                                <a href="http://browser.ihtsdotools.org/?perspective=full&amp;conceptId1=224220007">224220007</a>
                            </td>
                            <td>Lives in supported home (finding)</td>
                            <td/>
                        </tr>
                        <tr>
                            <td>
                                <a href="http://browser.ihtsdotools.org/?perspective=full&amp;conceptId1=224221006">224221006</a>
                            </td>
                            <td>Lives in warden controlled accommodation (finding)</td>
                            <td/>
                        </tr>
                        <tr>
                            <td>
                                <a href="http://browser.ihtsdotools.org/?perspective=full&amp;conceptId1=224222004">224222004</a>
                            </td>
                            <td>Lives in accommodation with resident warden (finding)</td>
                            <td/>
                        </tr>
                        <tr>
                            <td>
                                <a href="http://browser.ihtsdotools.org/?perspective=full&amp;conceptId1=224223009">224223009</a>
                            </td>
                            <td>Lives in accommodation with visiting warden (finding)</td>
                            <td/>
                        </tr>
                        <tr>
                            <td>
                                <a href="http://browser.ihtsdotools.org/?perspective=full&amp;conceptId1=224224003">224224003</a>
                            </td>
                            <td>Lives in staffed home (finding)</td>
                            <td/>
                        </tr>
                        <tr>
                            <td>
                                <a href="http://browser.ihtsdotools.org/?perspective=full&amp;conceptId1=224225002">224225002</a>
                            </td>
                            <td>Lives in hospital (finding)</td>
                            <td/>
                        </tr>
                        <tr>
                            <td>
                                <a href="http://browser.ihtsdotools.org/?perspective=full&amp;conceptId1=224226001">224226001</a>
                            </td>
                            <td>No fixed abode (finding)</td>
                            <td/>
                        </tr>
                        <tr>
                            <td>
                                <a href="http://browser.ihtsdotools.org/?perspective=full&amp;conceptId1=224228000">224228000</a>
                            </td>
                            <td>Living rough (finding)</td>
                            <td/>
                        </tr>
                        <tr>
                            <td>
                                <a href="http://browser.ihtsdotools.org/?perspective=full&amp;conceptId1=224229008">224229008</a>
                            </td>
                            <td>Sleeping out (finding)</td>
                            <td/>
                        </tr>
                        <tr>
                            <td>
                                <a href="http://browser.ihtsdotools.org/?perspective=full&amp;conceptId1=224231004">224231004</a>
                            </td>
                            <td>Sleeping in night shelter (finding)</td>
                            <td/>
                        </tr>
                        <tr>
                            <td>
                                <a href="http://browser.ihtsdotools.org/?perspective=full&amp;conceptId1=224232006">224232006</a>
                            </td>
                            <td>Sleeping at friends home (finding)</td>
                            <td/>
                        </tr>
                        <tr>
                            <td>
                                <a href="http://browser.ihtsdotools.org/?perspective=full&amp;conceptId1=224233001">224233001</a>
                            </td>
                            <td>Sleeping in vehicle (finding)</td>
                            <td/>
                        </tr>
                        <tr>
                            <td>
                                <a href="http://browser.ihtsdotools.org/?perspective=full&amp;conceptId1=224234007">224234007</a>
                            </td>
                            <td>Home repossessed (finding)</td>
                            <td/>
                        </tr>
                        <tr>
                            <td>
                                <a href="http://browser.ihtsdotools.org/?perspective=full&amp;conceptId1=224236009">224236009</a>
                            </td>
                            <td>Not eligible for accommodation (finding)</td>
                            <td/>
                        </tr>
                        <tr>
                            <td>
                                <a href="http://browser.ihtsdotools.org/?perspective=full&amp;conceptId1=224237000">224237000</a>
                            </td>
                            <td>Eligible for accommodation (finding)</td>
                            <td/>
                        </tr>
                        <tr>
                            <td>
                                <a href="http://browser.ihtsdotools.org/?perspective=full&amp;conceptId1=224239002">224239002</a>
                            </td>
                            <td>On waiting list for accommodation (finding)</td>
                            <td/>
                        </tr>
                        <tr>
                            <td>
                                <a href="http://browser.ihtsdotools.org/?perspective=full&amp;conceptId1=224241001">224241001</a>
                            </td>
                            <td>Not on waiting list for accommodation (finding)</td>
                            <td/>
                        </tr>
                        <tr>
                            <td>
                                <a href="http://browser.ihtsdotools.org/?perspective=full&amp;conceptId1=224243003">224243003</a>
                            </td>
                            <td>Communal areas in accommodation (finding)</td>
                            <td/>
                        </tr>
                        <tr>
                            <td>
                                <a href="http://browser.ihtsdotools.org/?perspective=full&amp;conceptId1=224244009">224244009</a>
                            </td>
                            <td>No communal areas in accommodation (finding)</td>
                            <td/>
                        </tr>
                        <tr>
                            <td>
                                <a href="http://browser.ihtsdotools.org/?perspective=full&amp;conceptId1=224246006">224246006</a>
                            </td>
                            <td>Private areas available in accommodation (finding)</td>
                            <td/>
                        </tr>
                        <tr>
                            <td>
                                <a href="http://browser.ihtsdotools.org/?perspective=full&amp;conceptId1=224247002">224247002</a>
                            </td>
                            <td>Has own room (finding)</td>
                            <td/>
                        </tr>
                        <tr>
                            <td>
                                <a href="http://browser.ihtsdotools.org/?perspective=full&amp;conceptId1=224248007">224248007</a>
                            </td>
                            <td>Lack of space for privacy in accommodation (finding)</td>
                            <td/>
                        </tr>
                        <tr>
                            <td>
                                <a href="http://browser.ihtsdotools.org/?perspective=full&amp;conceptId1=224250004">224250004</a>
                            </td>
                            <td>Satisfactory living conditions (finding)</td>
                            <td/>
                        </tr>
                        <tr>
                            <td>
                                <a href="http://browser.ihtsdotools.org/?perspective=full&amp;conceptId1=224251000">224251000</a>
                            </td>
                            <td>Problem with condensation (finding)</td>
                            <td/>
                        </tr>
                        <tr>
                            <td>
                                <a href="http://browser.ihtsdotools.org/?perspective=full&amp;conceptId1=224252007">224252007</a>
                            </td>
                            <td>Rising damp in home (finding)</td>
                            <td/>
                        </tr>
                        <tr>
                            <td>
                                <a href="http://browser.ihtsdotools.org/?perspective=full&amp;conceptId1=224253002">224253002</a>
                            </td>
                            <td>Penetrating damp in home (finding)</td>
                            <td/>
                        </tr>
                        <tr>
                            <td>
                                <a href="http://browser.ihtsdotools.org/?perspective=full&amp;conceptId1=224254008">224254008</a>
                            </td>
                            <td>Wet patches on wall in home (finding)</td>
                            <td/>
                        </tr>
                        <tr>
                            <td>
                                <a href="http://browser.ihtsdotools.org/?perspective=full&amp;conceptId1=224255009">224255009</a>
                            </td>
                            <td>Mold growth in home (finding)</td>
                            <td/>
                        </tr>
                        <tr>
                            <td>
                                <a href="http://browser.ihtsdotools.org/?perspective=full&amp;conceptId1=224256005">224256005</a>
                            </td>
                            <td>Mold on surfaces in home (finding)</td>
                            <td/>
                        </tr>
                        <tr>
                            <td>
                                <a href="http://browser.ihtsdotools.org/?perspective=full&amp;conceptId1=224257001">224257001</a>
                            </td>
                            <td>Mold on clothing in home (finding)</td>
                            <td/>
                        </tr>
                        <tr>
                            <td>
                                <a href="http://browser.ihtsdotools.org/?perspective=full&amp;conceptId1=224258006">224258006</a>
                            </td>
                            <td>Mold on bedding in home (finding)</td>
                            <td/>
                        </tr>
                        <tr>
                            <td>
                                <a href="http://browser.ihtsdotools.org/?perspective=full&amp;conceptId1=224259003">224259003</a>
                            </td>
                            <td>Home subject to flooding (finding)</td>
                            <td/>
                        </tr>
                        <tr>
                            <td>
                                <a href="http://browser.ihtsdotools.org/?perspective=full&amp;conceptId1=224260008">224260008</a>
                            </td>
                            <td>Hazards in the home (finding)</td>
                            <td/>
                        </tr>
                        <tr>
                            <td>
                                <a href="http://browser.ihtsdotools.org/?perspective=full&amp;conceptId1=224262000">224262000</a>
                            </td>
                            <td>House in good repair (finding)</td>
                            <td/>
                        </tr>
                        <tr>
                            <td>
                                <a href="http://browser.ihtsdotools.org/?perspective=full&amp;conceptId1=224264004">224264004</a>
                            </td>
                            <td>Living space sufficient for needs (finding)</td>
                            <td/>
                        </tr>
                        <tr>
                            <td>
                                <a href="http://browser.ihtsdotools.org/?perspective=full&amp;conceptId1=224266002">224266002</a>
                            </td>
                            <td>Home well personalized (finding)</td>
                            <td/>
                        </tr>
                        <tr>
                            <td>
                                <a href="http://browser.ihtsdotools.org/?perspective=full&amp;conceptId1=224267006">224267006</a>
                            </td>
                            <td>Home poorly personalized (finding)</td>
                            <td/>
                        </tr>
                        <tr>
                            <td>
                                <a href="http://browser.ihtsdotools.org/?perspective=full&amp;conceptId1=224269009">224269009</a>
                            </td>
                            <td>Clean home (finding)</td>
                            <td/>
                        </tr>
                        <tr>
                            <td>
                                <a href="http://browser.ihtsdotools.org/?perspective=full&amp;conceptId1=224270005">224270005</a>
                            </td>
                            <td>Dirty home (finding)</td>
                            <td/>
                        </tr>
                        <tr>
                            <td>
                                <a href="http://browser.ihtsdotools.org/?perspective=full&amp;conceptId1=224271009">224271009</a>
                            </td>
                            <td>Lives in squalid conditions (finding)</td>
                            <td/>
                        </tr>
                        <tr>
                            <td>
                                <a href="http://browser.ihtsdotools.org/?perspective=full&amp;conceptId1=224273007">224273007</a>
                            </td>
                            <td>Home tidy (finding)</td>
                            <td/>
                        </tr>
                        <tr>
                            <td>
                                <a href="http://browser.ihtsdotools.org/?perspective=full&amp;conceptId1=224274001">224274001</a>
                            </td>
                            <td>Home untidy (finding)</td>
                            <td/>
                        </tr>
                        <tr>
                            <td>
                                <a href="http://browser.ihtsdotools.org/?perspective=full&amp;conceptId1=224276004">224276004</a>
                            </td>
                            <td>Newly decorated accommodation (finding)</td>
                            <td/>
                        </tr>
                        <tr>
                            <td>
                                <a href="http://browser.ihtsdotools.org/?perspective=full&amp;conceptId1=224277008">224277008</a>
                            </td>
                            <td>Accommodation not decorated recently (finding)</td>
                            <td/>
                        </tr>
                        <tr>
                            <td>
                                <a href="http://browser.ihtsdotools.org/?perspective=full&amp;conceptId1=26533002">26533002</a>
                            </td>
                            <td>Apartment building living (finding)</td>
                            <td/>
                        </tr>
                        <tr>
                            <td>
                                <a href="http://browser.ihtsdotools.org/?perspective=full&amp;conceptId1=266935003">266935003</a>
                            </td>
                            <td>Housing lack (finding)</td>
                            <td/>
                        </tr>
                        <tr>
                            <td>
                                <a href="http://browser.ihtsdotools.org/?perspective=full&amp;conceptId1=266936002">266936002</a>
                            </td>
                            <td>House in poor repair (finding)</td>
                            <td/>
                        </tr>
                        <tr>
                            <td>
                                <a href="http://browser.ihtsdotools.org/?perspective=full&amp;conceptId1=266939009">266939009</a>
                            </td>
                            <td>Lives in residential hostel (finding)</td>
                            <td/>
                        </tr>
                        <tr>
                            <td>
                                <a href="http://browser.ihtsdotools.org/?perspective=full&amp;conceptId1=266940006">266940006</a>
                            </td>
                            <td>Lives in squat (finding)</td>
                            <td/>
                        </tr>
                        <tr>
                            <td>
                                <a href="http://browser.ihtsdotools.org/?perspective=full&amp;conceptId1=270469004">270469004</a>
                            </td>
                            <td>Lives in warden attended accommodation (finding)</td>
                            <td/>
                        </tr>
                        <tr>
                            <td>
                                <a href="http://browser.ihtsdotools.org/?perspective=full&amp;conceptId1=271364002">271364002</a>
                            </td>
                            <td>Finding relating to awaiting housing or re-housing (finding)</td>
                            <td/>
                        </tr>
                        <tr>
                            <td>
                                <a href="http://browser.ihtsdotools.org/?perspective=full&amp;conceptId1=275643002">275643002</a>
                            </td>
                            <td>Housing - awaiting action (finding)</td>
                            <td/>
                        </tr>
                        <tr>
                            <td>
                                <a href="http://browser.ihtsdotools.org/?perspective=full&amp;conceptId1=276051005">276051005</a>
                            </td>
                            <td>Fixed equipment in home (finding)</td>
                            <td/>
                        </tr>
                        <tr>
                            <td>
                                <a href="http://browser.ihtsdotools.org/?perspective=full&amp;conceptId1=276053008">276053008</a>
                            </td>
                            <td>Tenure of accommodation (finding)</td>
                            <td/>
                        </tr>
                        <tr>
                            <td>
                                <a href="http://browser.ihtsdotools.org/?perspective=full&amp;conceptId1=276055001">276055001</a>
                            </td>
                            <td>Access to or within the residence (finding)</td>
                            <td/>
                        </tr>
                        <tr>
                            <td>
                                <a href="http://browser.ihtsdotools.org/?perspective=full&amp;conceptId1=29461000119100">29461000119100</a>
                            </td>
                            <td>Adult foster home living (finding)</td>
                            <td/>
                        </tr>
                        <tr>
                            <td>
                                <a href="http://browser.ihtsdotools.org/?perspective=full&amp;conceptId1=302145009">302145009</a>
                            </td>
                            <td>Owns own home (finding)</td>
                            <td/>
                        </tr>
                        <tr>
                            <td>
                                <a href="http://browser.ihtsdotools.org/?perspective=full&amp;conceptId1=308899009">308899009</a>
                            </td>
                            <td>Unsatisfactory living conditions (finding)</td>
                            <td/>
                        </tr>
                        <tr>
                            <td>
                                <a href="http://browser.ihtsdotools.org/?perspective=full&amp;conceptId1=309681005">309681005</a>
                            </td>
                            <td>Lives in furnished rented flat (finding)</td>
                            <td/>
                        </tr>
                        <tr>
                            <td>
                                <a href="http://browser.ihtsdotools.org/?perspective=full&amp;conceptId1=309683008">309683008</a>
                            </td>
                            <td>Slum housing (finding)</td>
                            <td/>
                        </tr>
                        <tr>
                            <td>
                                <a href="http://browser.ihtsdotools.org/?perspective=full&amp;conceptId1=310869005">310869005</a>
                            </td>
                            <td>Planning to move (finding)</td>
                            <td/>
                        </tr>
                        <tr>
                            <td>
                                <a href="http://browser.ihtsdotools.org/?perspective=full&amp;conceptId1=32911000">32911000</a>
                            </td>
                            <td>Homeless (finding)</td>
                            <td/>
                        </tr>
                        <tr>
                            <td>
                                <a href="http://browser.ihtsdotools.org/?perspective=full&amp;conceptId1=360875003">360875003</a>
                            </td>
                            <td>Moving to new residence (finding)</td>
                            <td/>
                        </tr>
                        <tr>
                            <td>
                                <a href="http://browser.ihtsdotools.org/?perspective=full&amp;conceptId1=360885002">360885002</a>
                            </td>
                            <td>Change of residence status (finding)</td>
                            <td/>
                        </tr>
                        <tr>
                            <td>
                                <a href="http://browser.ihtsdotools.org/?perspective=full&amp;conceptId1=365509003">365509003</a>
                            </td>
                            <td>Finding of housing ownership and tenure (finding)</td>
                            <td/>
                        </tr>
                        <tr>
                            <td>
                                <a href="http://browser.ihtsdotools.org/?perspective=full&amp;conceptId1=365510008">365510008</a>
                            </td>
                            <td>Finding of temporary shelter arrangements (finding)</td>
                            <td/>
                        </tr>
                        <tr>
                            <td>
                                <a href="http://browser.ihtsdotools.org/?perspective=full&amp;conceptId1=365511007">365511007</a>
                            </td>
                            <td>Finding of eligibility for accommodation (finding)</td>
                            <td/>
                        </tr>
                        <tr>
                            <td>
                                <a href="http://browser.ihtsdotools.org/?perspective=full&amp;conceptId1=365512000">365512000</a>
                            </td>
                            <td>Finding of characteristics of home environment (finding)</td>
                            <td/>
                        </tr>
                        <tr>
                            <td>
                                <a href="http://browser.ihtsdotools.org/?perspective=full&amp;conceptId1=365513005">365513005</a>
                            </td>
                            <td>Finding of state of repair of house (finding)</td>
                            <td/>
                        </tr>
                        <tr>
                            <td>
                                <a href="http://browser.ihtsdotools.org/?perspective=full&amp;conceptId1=365514004">365514004</a>
                            </td>
                            <td>Finding of adequacy of living space (finding)</td>
                            <td/>
                        </tr>
                        <tr>
                            <td>
                                <a href="http://browser.ihtsdotools.org/?perspective=full&amp;conceptId1=365515003">365515003</a>
                            </td>
                            <td>Finding of personalization of home (finding)</td>
                            <td/>
                        </tr>
                        <tr>
                            <td>
                                <a href="http://browser.ihtsdotools.org/?perspective=full&amp;conceptId1=365516002">365516002</a>
                            </td>
                            <td>Finding of cleanliness of home (finding)</td>
                            <td/>
                        </tr>
                        <tr>
                            <td>
                                <a href="http://browser.ihtsdotools.org/?perspective=full&amp;conceptId1=365517006">365517006</a>
                            </td>
                            <td>Finding of tidiness of home (finding)</td>
                            <td/>
                        </tr>
                        <tr>
                            <td>
                                <a href="http://browser.ihtsdotools.org/?perspective=full&amp;conceptId1=365519009">365519009</a>
                            </td>
                            <td>Finding related to decoration of home (finding)</td>
                            <td/>
                        </tr>
                        <tr>
                            <td>
                                <a href="http://browser.ihtsdotools.org/?perspective=full&amp;conceptId1=365520003">365520003</a>
                            </td>
                            <td>Finding of opportunity for privacy in accommodation (finding)</td>
                            <td/>
                        </tr>
                        <tr>
                            <td>
                                <a href="http://browser.ihtsdotools.org/?perspective=full&amp;conceptId1=365521004">365521004</a>
                            </td>
                            <td>Finding of presence of communal areas in accommodation (finding)</td>
                            <td/>
                        </tr>
                        <tr>
                            <td>
                                <a href="http://browser.ihtsdotools.org/?perspective=full&amp;conceptId1=365522006">365522006</a>
                            </td>
                            <td>Finding of waiting list for accommodation (finding)</td>
                            <td/>
                        </tr>
                        <tr>
                            <td>
                                <a href="http://browser.ihtsdotools.org/?perspective=full&amp;conceptId1=394923006">394923006</a>
                            </td>
                            <td>Lives in a residential home (finding)</td>
                            <td/>
                        </tr>
                        <tr>
                            <td>
                                <a href="http://browser.ihtsdotools.org/?perspective=full&amp;conceptId1=397756006">397756006</a>
                            </td>
                            <td>Lives in damp conditions (finding)</td>
                            <td/>
                        </tr>
                        <tr>
                            <td>
                                <a href="http://browser.ihtsdotools.org/?perspective=full&amp;conceptId1=398081001">398081001</a>
                            </td>
                            <td>Damp in house (finding)</td>
                            <td/>
                        </tr>
                        <tr>
                            <td>
                                <a href="http://browser.ihtsdotools.org/?perspective=full&amp;conceptId1=406132007">406132007</a>
                            </td>
                            <td>Living temporarily with relatives (finding)</td>
                            <td/>
                        </tr>
                        <tr>
                            <td>
                                <a href="http://browser.ihtsdotools.org/?perspective=full&amp;conceptId1=412769006">412769006</a>
                            </td>
                            <td>Lives in mother and baby unit (finding)</td>
                            <td/>
                        </tr>
                        <tr>
                            <td>
                                <a href="http://browser.ihtsdotools.org/?perspective=full&amp;conceptId1=413287003">413287003</a>
                            </td>
                            <td>More than 3 address changes in 12 months (finding)</td>
                            <td/>
                        </tr>
                        <tr>
                            <td>
                                <a href="http://browser.ihtsdotools.org/?perspective=full&amp;conceptId1=413304006">413304006</a>
                            </td>
                            <td>Inadequate cooking facilities (finding)</td>
                            <td/>
                        </tr>
                        <tr>
                            <td>
                                <a href="http://browser.ihtsdotools.org/?perspective=full&amp;conceptId1=413305007">413305007</a>
                            </td>
                            <td>Inadequate safety equipment (finding)</td>
                            <td/>
                        </tr>
                        <tr>
                            <td>
                                <a href="http://browser.ihtsdotools.org/?perspective=full&amp;conceptId1=414418009">414418009</a>
                            </td>
                            <td>Housed (finding)</td>
                            <td/>
                        </tr>
                        <tr>
                            <td>
                                <a href="http://browser.ihtsdotools.org/?perspective=full&amp;conceptId1=422491004">422491004</a>
                            </td>
                            <td>Housing contains exposed wiring (finding)</td>
                            <td/>
                        </tr>
                        <tr>
                            <td>
                                <a href="http://browser.ihtsdotools.org/?perspective=full&amp;conceptId1=422712008">422712008</a>
                            </td>
                            <td>Housing contains unsafe equipment (finding)</td>
                            <td/>
                        </tr>
                        <tr>
                            <td>
                                <a href="http://browser.ihtsdotools.org/?perspective=full&amp;conceptId1=422883004">422883004</a>
                            </td>
                            <td>Housing contains unsafe appliance (finding)</td>
                            <td/>
                        </tr>
                        <tr>
                            <td>
                                <a href="http://browser.ihtsdotools.org/?perspective=full&amp;conceptId1=423098009">423098009</a>
                            </td>
                            <td>Steep stairs in house (finding)</td>
                            <td/>
                        </tr>
                        <tr>
                            <td>
                                <a href="http://browser.ihtsdotools.org/?perspective=full&amp;conceptId1=423155007">423155007</a>
                            </td>
                            <td>Housing contains structural barriers to movement (finding)</td>
                            <td/>
                        </tr>
                        <tr>
                            <td>
                                <a href="http://browser.ihtsdotools.org/?perspective=full&amp;conceptId1=423527000">423527000</a>
                            </td>
                            <td>Unsafe floor covering (finding)</td>
                            <td/>
                        </tr>
                        <tr>
                            <td>
                                <a href="http://browser.ihtsdotools.org/?perspective=full&amp;conceptId1=423798004">423798004</a>
                            </td>
                            <td>Lack of cooling in house (finding)</td>
                            <td/>
                        </tr>
                        <tr>
                            <td>
                                <a href="http://browser.ihtsdotools.org/?perspective=full&amp;conceptId1=423824003">423824003</a>
                            </td>
                            <td>Housing structurally unsound (finding)</td>
                            <td/>
                        </tr>
                        <tr>
                            <td>
                                <a href="http://browser.ihtsdotools.org/?perspective=full&amp;conceptId1=423859003">423859003</a>
                            </td>
                            <td>Crowded living space (finding)</td>
                            <td/>
                        </tr>
                        <tr>
                            <td>
                                <a href="http://browser.ihtsdotools.org/?perspective=full&amp;conceptId1=423961006">423961006</a>
                            </td>
                            <td>Unsafe storage of dangerous objects (finding)</td>
                            <td/>
                        </tr>
                        <tr>
                            <td>
                                <a href="http://browser.ihtsdotools.org/?perspective=full&amp;conceptId1=424160003">424160003</a>
                            </td>
                            <td>Unsafe storage of dangerous substances (finding)</td>
                            <td/>
                        </tr>
                        <tr>
                            <td>
                                <a href="http://browser.ihtsdotools.org/?perspective=full&amp;conceptId1=424415008">424415008</a>
                            </td>
                            <td>Dirty living conditions (finding)</td>
                            <td/>
                        </tr>
                        <tr>
                            <td>
                                <a href="http://browser.ihtsdotools.org/?perspective=full&amp;conceptId1=424465004">424465004</a>
                            </td>
                            <td>Obstructed means of residential exit (finding)</td>
                            <td/>
                        </tr>
                        <tr>
                            <td>
                                <a href="http://browser.ihtsdotools.org/?perspective=full&amp;conceptId1=424661000">424661000</a>
                            </td>
                            <td>Cluttered living space (finding)</td>
                            <td/>
                        </tr>
                        <tr>
                            <td>
                                <a href="http://browser.ihtsdotools.org/?perspective=full&amp;conceptId1=424771006">424771006</a>
                            </td>
                            <td>Insufficient means of residential exit (finding)</td>
                            <td/>
                        </tr>
                        <tr>
                            <td>
                                <a href="http://browser.ihtsdotools.org/?perspective=full&amp;conceptId1=424948003">424948003</a>
                            </td>
                            <td>Obstructed means of residential entrance (finding)</td>
                            <td/>
                        </tr>
                        <tr>
                            <td>
                                <a href="http://browser.ihtsdotools.org/?perspective=full&amp;conceptId1=425017003">425017003</a>
                            </td>
                            <td>Inadequate residential safety device (finding)</td>
                            <td/>
                        </tr>
                        <tr>
                            <td>
                                <a href="http://browser.ihtsdotools.org/?perspective=full&amp;conceptId1=425203001">425203001</a>
                            </td>
                            <td>Presence of lead-based paint (finding)</td>
                            <td/>
                        </tr>
                        <tr>
                            <td>
                                <a href="http://browser.ihtsdotools.org/?perspective=full&amp;conceptId1=425205008">425205008</a>
                            </td>
                            <td>Unsafe stairs in house (finding)</td>
                            <td/>
                        </tr>
                        <tr>
                            <td>
                                <a href="http://browser.ihtsdotools.org/?perspective=full&amp;conceptId1=425326006">425326006</a>
                            </td>
                            <td>Insufficient means of residential entrance (finding)</td>
                            <td/>
                        </tr>
                        <tr>
                            <td>
                                <a href="http://browser.ihtsdotools.org/?perspective=full&amp;conceptId1=429063000">429063000</a>
                            </td>
                            <td>Lives in bungalow (finding)</td>
                            <td/>
                        </tr>
                        <tr>
                            <td>
                                <a href="http://browser.ihtsdotools.org/?perspective=full&amp;conceptId1=443218005">443218005</a>
                            </td>
                            <td>Telecommunications device for the deaf installed in home (finding)</td>
                            <td/>
                        </tr>
                        <tr>
                            <td>
                                <a href="http://browser.ihtsdotools.org/?perspective=full&amp;conceptId1=443314009">443314009</a>
                            </td>
                            <td>Lives as illegal tenant (finding)</td>
                            <td/>
                        </tr>
                        <tr>
                            <td>
                                <a href="http://browser.ihtsdotools.org/?perspective=full&amp;conceptId1=4891000175102">4891000175102</a>
                            </td>
                            <td>External stairs at home (finding)</td>
                            <td/>
                        </tr>
                        <tr>
                            <td>
                                <a href="http://browser.ihtsdotools.org/?perspective=full&amp;conceptId1=5421000175100">5421000175100</a>
                            </td>
                            <td>Shower or tub on ground level not available (finding)</td>
                            <td/>
                        </tr>
                        <tr>
                            <td>
                                <a href="http://browser.ihtsdotools.org/?perspective=full&amp;conceptId1=5431000175102">5431000175102</a>
                            </td>
                            <td>Bedroom with bathroom on second level (finding)</td>
                            <td/>
                        </tr>
                        <tr>
                            <td>
                                <a href="http://browser.ihtsdotools.org/?perspective=full&amp;conceptId1=5491000175103">5491000175103</a>
                            </td>
                            <td>Lack of running water in house (finding)</td>
                            <td/>
                        </tr>
                        <tr>
                            <td>
                                <a href="http://browser.ihtsdotools.org/?perspective=full&amp;conceptId1=5501000175107">5501000175107</a>
                            </td>
                            <td>Lack of telephone in home environment (finding)</td>
                            <td/>
                        </tr>
                        <tr>
                            <td>
                                <a href="http://browser.ihtsdotools.org/?perspective=full&amp;conceptId1=5549007">5549007</a>
                            </td>
                            <td>Living in temporary quarters (finding)</td>
                            <td/>
                        </tr>
                        <tr>
                            <td>
                                <a href="http://browser.ihtsdotools.org/?perspective=full&amp;conceptId1=5794003">5794003</a>
                            </td>
                            <td>Country dweller (finding)</td>
                            <td/>
                        </tr>
                        <tr>
                            <td>
                                <a href="http://browser.ihtsdotools.org/?perspective=full&amp;conceptId1=60585007">60585007</a>
                            </td>
                            <td>Slum area living (finding)</td>
                            <td/>
                        </tr>
                        <tr>
                            <td>
                                <a href="http://browser.ihtsdotools.org/?perspective=full&amp;conceptId1=609239004">609239004</a>
                            </td>
                            <td>Lives in noninstitutional accommodation (finding)</td>
                            <td/>
                        </tr>
                        <tr>
                            <td>
                                <a href="http://browser.ihtsdotools.org/?perspective=full&amp;conceptId1=609240002">609240002</a>
                            </td>
                            <td>Lives in ground floor apartment (finding)</td>
                            <td/>
                        </tr>
                        <tr>
                            <td>
                                <a href="http://browser.ihtsdotools.org/?perspective=full&amp;conceptId1=609241003">609241003</a>
                            </td>
                            <td>Lives in apartment with elevator access (finding)</td>
                            <td/>
                        </tr>
                        <tr>
                            <td>
                                <a href="http://browser.ihtsdotools.org/?perspective=full&amp;conceptId1=609242005">609242005</a>
                            </td>
                            <td>Lives in apartment without elevator access (finding)</td>
                            <td/>
                        </tr>
                        <tr>
                            <td>
                                <a href="http://browser.ihtsdotools.org/?perspective=full&amp;conceptId1=609243000">609243000</a>
                            </td>
                            <td>Lives in semidetached house (finding)</td>
                            <td/>
                        </tr>
                        <tr>
                            <td>
                                <a href="http://browser.ihtsdotools.org/?perspective=full&amp;conceptId1=609244006">609244006</a>
                            </td>
                            <td>Lives in terraced house (finding)</td>
                            <td/>
                        </tr>
                        <tr>
                            <td>
                                <a href="http://browser.ihtsdotools.org/?perspective=full&amp;conceptId1=609245007">609245007</a>
                            </td>
                            <td>Lives in detached house (finding)</td>
                            <td/>
                        </tr>
                        <tr>
                            <td>
                                <a href="http://browser.ihtsdotools.org/?perspective=full&amp;conceptId1=62709005">62709005</a>
                            </td>
                            <td>Suburban dweller (finding)</td>
                            <td/>
                        </tr>
                        <tr>
                            <td>
                                <a href="http://browser.ihtsdotools.org/?perspective=full&amp;conceptId1=65421000">65421000</a>
                            </td>
                            <td>Living in tent (finding)</td>
                            <td/>
                        </tr>
                        <tr>
                            <td>
                                <a href="http://browser.ihtsdotools.org/?perspective=full&amp;conceptId1=67972000">67972000</a>
                            </td>
                            <td>Single home living (finding)</td>
                            <td/>
                        </tr>
                        <tr>
                            <td>
                                <a href="http://browser.ihtsdotools.org/?perspective=full&amp;conceptId1=700209003">700209003</a>
                            </td>
                            <td>Lives on boat (finding)</td>
                            <td/>
                        </tr>
                        <tr>
                            <td>
                                <a href="http://browser.ihtsdotools.org/?perspective=full&amp;conceptId1=70147002">70147002</a>
                            </td>
                            <td>Living in trailer (finding)</td>
                            <td/>
                        </tr>
                        <tr>
                            <td>
                                <a href="http://browser.ihtsdotools.org/?perspective=full&amp;conceptId1=71092004">71092004</a>
                            </td>
                            <td>Living in retirement community (finding)</td>
                            <td/>
                        </tr>
                        <tr>
                            <td>
                                <a href="http://browser.ihtsdotools.org/?perspective=full&amp;conceptId1=71099008">71099008</a>
                            </td>
                            <td>Living in residence with no sanitation (finding)</td>
                            <td/>
                        </tr>
                        <tr>
                            <td>
                                <a href="http://browser.ihtsdotools.org/?perspective=full&amp;conceptId1=714085000">714085000</a>
                            </td>
                            <td>No stairs in residence (finding)</td>
                            <td/>
                        </tr>
                        <tr>
                            <td>
                                <a href="http://browser.ihtsdotools.org/?perspective=full&amp;conceptId1=715758005">715758005</a>
                            </td>
                            <td>Access to residence by stairs (finding)</td>
                            <td/>
                        </tr>
                        <tr>
                            <td>
                                <a href="http://browser.ihtsdotools.org/?perspective=full&amp;conceptId1=715995001">715995001</a>
                            </td>
                            <td>Access to residence by steps (finding)</td>
                            <td/>
                        </tr>
                        <tr>
                            <td>
                                <a href="http://browser.ihtsdotools.org/?perspective=full&amp;conceptId1=78153003">78153003</a>
                            </td>
                            <td>City dweller (finding)</td>
                            <td/>
                        </tr>
                        <tr>
                            <td>
                                <a href="http://browser.ihtsdotools.org/?perspective=full&amp;conceptId1=82876001">82876001</a>
                            </td>
                            <td>Living in mobile home (finding)</td>
                            <td/>
                        </tr>
                    </table>
                </li>
            </ul>
        </div>
  </text>
  <url value="http://cts.nlm.nih.gov/fhir/ValueSet/2.16.840.1.113883.11.20.9.49"/>
  <version value="2.1.0"/>
  <name value="ResidenceandAccommodationType"/>
  <title value="Residence and Accommodation Type"/>
  <status value="active"/>
  <date value="2018-01-05T22:00:04-08:00"/>
  <publisher value="Health Level 7"/>
  <compose>
    <include>
      <system value="http://snomed.info/sct"/>
      <concept>
        <code value="105526001"/>
        <display value="Homeless family (finding)"/>
      </concept>
      <concept>
        <code value="105527005"/>
        <display value="Living in residence with poor sanitation (finding)"/>
      </concept>
      <concept>
        <code value="105530003"/>
        <display value="Living in residential institution (finding)"/>
      </concept>
      <concept>
        <code value="105531004"/>
        <display value="Housing unsatisfactory (finding)"/>
      </concept>
      <concept>
        <code value="105532006"/>
        <display value="Overcrowded in house (finding)"/>
      </concept>
      <concept>
        <code value="105535008"/>
        <display value="Lack of heat in house (finding)"/>
      </concept>
      <concept>
        <code value="105536009"/>
        <display value="Living in housing without electricity (finding)"/>
      </concept>
      <concept>
        <code value="105537000"/>
        <display value="Living in housing with technical defects (finding)"/>
      </concept>
      <concept>
        <code value="113165003"/>
        <display value="Duplex home living (finding)"/>
      </concept>
      <concept>
        <code value="11762561000119103"/>
        <display value="Assisted living facility patient (finding)"/>
      </concept>
      <concept>
        <code value="160700001"/>
        <display value="Homeless single person (finding)"/>
      </concept>
      <concept>
        <code value="160701002"/>
        <display value="Social migrant (finding)"/>
      </concept>
      <concept>
        <code value="160702009"/>
        <display value="Illegal migrant (finding)"/>
      </concept>
      <concept>
        <code value="160703004"/>
        <display value="Vagrant (finding)"/>
      </concept>
      <concept>
        <code value="160706007"/>
        <display value="Lack of space in house (finding)"/>
      </concept>
      <concept>
        <code value="160708008"/>
        <display value="Stairs in house (finding)"/>
      </concept>
      <concept>
        <code value="160712002"/>
        <display value="Multiple occupancy (finding)"/>
      </concept>
      <concept>
        <code value="160715000"/>
        <display value="House infested (finding)"/>
      </concept>
      <concept>
        <code value="160716004"/>
        <display value="House liable to vandalism (finding)"/>
      </concept>
      <concept>
        <code value="160718003"/>
        <display value="Children not allowed in house (finding)"/>
      </concept>
      <concept>
        <code value="160720000"/>
        <display value="Harassment by landlord (finding)"/>
      </concept>
      <concept>
        <code value="160721001"/>
        <display value="Housing unsuited to needs (finding)"/>
      </concept>
      <concept>
        <code value="160724009"/>
        <display value="Independent housing, not alone (finding)"/>
      </concept>
      <concept>
        <code value="160729004"/>
        <display value="Lives in sheltered housing (finding)"/>
      </concept>
      <concept>
        <code value="160732001"/>
        <display value="Resident in part III accommodation (finding)"/>
      </concept>
      <concept>
        <code value="160734000"/>
        <display value="Lives in a nursing home (finding)"/>
      </concept>
      <concept>
        <code value="160736003"/>
        <display value="Lives in a welfare home (finding)"/>
      </concept>
      <concept>
        <code value="160737007"/>
        <display value="Lives in an old peoples home (finding)"/>
      </concept>
      <concept>
        <code value="160738002"/>
        <display value="Lives in a children&#39;s home (finding)"/>
      </concept>
      <concept>
        <code value="160744003"/>
        <display value="Lives in bed and breakfast accommodation (finding)"/>
      </concept>
      <concept>
        <code value="160745002"/>
        <display value="Lives in lodgings (finding)"/>
      </concept>
      <concept>
        <code value="160746001"/>
        <display value="Lives in a bedsit (finding)"/>
      </concept>
      <concept>
        <code value="160750008"/>
        <display value="Rehoused (finding)"/>
      </concept>
      <concept>
        <code value="160751007"/>
        <display value="Eviction from dwelling (finding)"/>
      </concept>
      <concept>
        <code value="160752000"/>
        <display value="Eviction notice served (finding)"/>
      </concept>
      <concept>
        <code value="160753005"/>
        <display value="Evicted forcibly from house (finding)"/>
      </concept>
      <concept>
        <code value="160754004"/>
        <display value="Tenant evicted (finding)"/>
      </concept>
      <concept>
        <code value="160936008"/>
        <display value="Houseowner - no mortgage (finding)"/>
      </concept>
      <concept>
        <code value="160937004"/>
        <display value="Houseowner with mortgage (finding)"/>
      </concept>
      <concept>
        <code value="160938009"/>
        <display value="House rented from council (finding)"/>
      </concept>
      <concept>
        <code value="160939001"/>
        <display value="House rented from housing association (finding)"/>
      </concept>
      <concept>
        <code value="160940004"/>
        <display value="House rented from private landlord (finding)"/>
      </concept>
      <concept>
        <code value="160943002"/>
        <display value="Lives in own home (finding)"/>
      </concept>
      <concept>
        <code value="16094681000119103"/>
        <display value="Long term custodial care facility patient (finding)"/>
      </concept>
      <concept>
        <code value="161036002"/>
        <display value="Housing adequate (finding)"/>
      </concept>
      <concept>
        <code value="161056001"/>
        <display value="In care (finding)"/>
      </concept>
      <concept>
        <code value="185955000"/>
        <display value="On urgent housing list (finding)"/>
      </concept>
      <concept>
        <code value="185956004"/>
        <display value="On housing list (finding)"/>
      </concept>
      <concept>
        <code value="185957008"/>
        <display value="Awaiting housing improvement (finding)"/>
      </concept>
      <concept>
        <code value="185960001"/>
        <display value="Housing problem solved (finding)"/>
      </concept>
      <concept>
        <code value="185961002"/>
        <display value="House fumigated (finding)"/>
      </concept>
      <concept>
        <code value="224211003"/>
        <display value="Does not own home (finding)"/>
      </concept>
      <concept>
        <code value="224212005"/>
        <display value="Home owned by family member (finding)"/>
      </concept>
      <concept>
        <code value="224213000"/>
        <display value="Lives in rented accommodation (finding)"/>
      </concept>
      <concept>
        <code value="224214006"/>
        <display value="Lives in furnished rented accommodation (finding)"/>
      </concept>
      <concept>
        <code value="224215007"/>
        <display value="Lives in unfurnished rented accommodation (finding)"/>
      </concept>
      <concept>
        <code value="224216008"/>
        <display value="Lives under a landlady scheme (finding)"/>
      </concept>
      <concept>
        <code value="224217004"/>
        <display value="Lives in tied accommodation (finding)"/>
      </concept>
      <concept>
        <code value="224218009"/>
        <display value="Lives in hotel (finding)"/>
      </concept>
      <concept>
        <code value="224219001"/>
        <display value="Lives in independent group home (finding)"/>
      </concept>
      <concept>
        <code value="224220007"/>
        <display value="Lives in supported home (finding)"/>
      </concept>
      <concept>
        <code value="224221006"/>
        <display value="Lives in warden controlled accommodation (finding)"/>
      </concept>
      <concept>
        <code value="224222004"/>
        <display value="Lives in accommodation with resident warden (finding)"/>
      </concept>
      <concept>
        <code value="224223009"/>
        <display value="Lives in accommodation with visiting warden (finding)"/>
      </concept>
      <concept>
        <code value="224224003"/>
        <display value="Lives in staffed home (finding)"/>
      </concept>
      <concept>
        <code value="224225002"/>
        <display value="Lives in hospital (finding)"/>
      </concept>
      <concept>
        <code value="224226001"/>
        <display value="No fixed abode (finding)"/>
      </concept>
      <concept>
        <code value="224228000"/>
        <display value="Living rough (finding)"/>
      </concept>
      <concept>
        <code value="224229008"/>
        <display value="Sleeping out (finding)"/>
      </concept>
      <concept>
        <code value="224231004"/>
        <display value="Sleeping in night shelter (finding)"/>
      </concept>
      <concept>
        <code value="224232006"/>
        <display value="Sleeping at friends home (finding)"/>
      </concept>
      <concept>
        <code value="224233001"/>
        <display value="Sleeping in vehicle (finding)"/>
      </concept>
      <concept>
        <code value="224234007"/>
        <display value="Home repossessed (finding)"/>
      </concept>
      <concept>
        <code value="224236009"/>
        <display value="Not eligible for accommodation (finding)"/>
      </concept>
      <concept>
        <code value="224237000"/>
        <display value="Eligible for accommodation (finding)"/>
      </concept>
      <concept>
        <code value="224239002"/>
        <display value="On waiting list for accommodation (finding)"/>
      </concept>
      <concept>
        <code value="224241001"/>
        <display value="Not on waiting list for accommodation (finding)"/>
      </concept>
      <concept>
        <code value="224243003"/>
        <display value="Communal areas in accommodation (finding)"/>
      </concept>
      <concept>
        <code value="224244009"/>
        <display value="No communal areas in accommodation (finding)"/>
      </concept>
      <concept>
        <code value="224246006"/>
        <display value="Private areas available in accommodation (finding)"/>
      </concept>
      <concept>
        <code value="224247002"/>
        <display value="Has own room (finding)"/>
      </concept>
      <concept>
        <code value="224248007"/>
        <display value="Lack of space for privacy in accommodation (finding)"/>
      </concept>
      <concept>
        <code value="224250004"/>
        <display value="Satisfactory living conditions (finding)"/>
      </concept>
      <concept>
        <code value="224251000"/>
        <display value="Problem with condensation (finding)"/>
      </concept>
      <concept>
        <code value="224252007"/>
        <display value="Rising damp in home (finding)"/>
      </concept>
      <concept>
        <code value="224253002"/>
        <display value="Penetrating damp in home (finding)"/>
      </concept>
      <concept>
        <code value="224254008"/>
        <display value="Wet patches on wall in home (finding)"/>
      </concept>
      <concept>
        <code value="224255009"/>
        <display value="Mold growth in home (finding)"/>
      </concept>
      <concept>
        <code value="224256005"/>
        <display value="Mold on surfaces in home (finding)"/>
      </concept>
      <concept>
        <code value="224257001"/>
        <display value="Mold on clothing in home (finding)"/>
      </concept>
      <concept>
        <code value="224258006"/>
        <display value="Mold on bedding in home (finding)"/>
      </concept>
      <concept>
        <code value="224259003"/>
        <display value="Home subject to flooding (finding)"/>
      </concept>
      <concept>
        <code value="224260008"/>
        <display value="Hazards in the home (finding)"/>
      </concept>
      <concept>
        <code value="224262000"/>
        <display value="House in good repair (finding)"/>
      </concept>
      <concept>
        <code value="224264004"/>
        <display value="Living space sufficient for needs (finding)"/>
      </concept>
      <concept>
        <code value="224266002"/>
        <display value="Home well personalized (finding)"/>
      </concept>
      <concept>
        <code value="224267006"/>
        <display value="Home poorly personalized (finding)"/>
      </concept>
      <concept>
        <code value="224269009"/>
        <display value="Clean home (finding)"/>
      </concept>
      <concept>
        <code value="224270005"/>
        <display value="Dirty home (finding)"/>
      </concept>
      <concept>
        <code value="224271009"/>
        <display value="Lives in squalid conditions (finding)"/>
      </concept>
      <concept>
        <code value="224273007"/>
        <display value="Home tidy (finding)"/>
      </concept>
      <concept>
        <code value="224274001"/>
        <display value="Home untidy (finding)"/>
      </concept>
      <concept>
        <code value="224276004"/>
        <display value="Newly decorated accommodation (finding)"/>
      </concept>
      <concept>
        <code value="224277008"/>
        <display value="Accommodation not decorated recently (finding)"/>
      </concept>
      <concept>
        <code value="26533002"/>
        <display value="Apartment building living (finding)"/>
      </concept>
      <concept>
        <code value="266935003"/>
        <display value="Housing lack (finding)"/>
      </concept>
      <concept>
        <code value="266936002"/>
        <display value="House in poor repair (finding)"/>
      </concept>
      <concept>
        <code value="266939009"/>
        <display value="Lives in residential hostel (finding)"/>
      </concept>
      <concept>
        <code value="266940006"/>
        <display value="Lives in squat (finding)"/>
      </concept>
      <concept>
        <code value="270469004"/>
        <display value="Lives in warden attended accommodation (finding)"/>
      </concept>
      <concept>
        <code value="271364002"/>
        <display value="Finding relating to awaiting housing or re-housing (finding)"/>
      </concept>
      <concept>
        <code value="275643002"/>
        <display value="Housing - awaiting action (finding)"/>
      </concept>
      <concept>
        <code value="276051005"/>
        <display value="Fixed equipment in home (finding)"/>
      </concept>
      <concept>
        <code value="276053008"/>
        <display value="Tenure of accommodation (finding)"/>
      </concept>
      <concept>
        <code value="276055001"/>
        <display value="Access to or within the residence (finding)"/>
      </concept>
      <concept>
        <code value="29461000119100"/>
        <display value="Adult foster home living (finding)"/>
      </concept>
      <concept>
        <code value="302145009"/>
        <display value="Owns own home (finding)"/>
      </concept>
      <concept>
        <code value="308899009"/>
        <display value="Unsatisfactory living conditions (finding)"/>
      </concept>
      <concept>
        <code value="309681005"/>
        <display value="Lives in furnished rented flat (finding)"/>
      </concept>
      <concept>
        <code value="309683008"/>
        <display value="Slum housing (finding)"/>
      </concept>
      <concept>
        <code value="310869005"/>
        <display value="Planning to move (finding)"/>
      </concept>
      <concept>
        <code value="32911000"/>
        <display value="Homeless (finding)"/>
      </concept>
      <concept>
        <code value="360875003"/>
        <display value="Moving to new residence (finding)"/>
      </concept>
      <concept>
        <code value="360885002"/>
        <display value="Change of residence status (finding)"/>
      </concept>
      <concept>
        <code value="365509003"/>
        <display value="Finding of housing ownership and tenure (finding)"/>
      </concept>
      <concept>
        <code value="365510008"/>
        <display value="Finding of temporary shelter arrangements (finding)"/>
      </concept>
      <concept>
        <code value="365511007"/>
        <display value="Finding of eligibility for accommodation (finding)"/>
      </concept>
      <concept>
        <code value="365512000"/>
        <display value="Finding of characteristics of home environment (finding)"/>
      </concept>
      <concept>
        <code value="365513005"/>
        <display value="Finding of state of repair of house (finding)"/>
      </concept>
      <concept>
        <code value="365514004"/>
        <display value="Finding of adequacy of living space (finding)"/>
      </concept>
      <concept>
        <code value="365515003"/>
        <display value="Finding of personalization of home (finding)"/>
      </concept>
      <concept>
        <code value="365516002"/>
        <display value="Finding of cleanliness of home (finding)"/>
      </concept>
      <concept>
        <code value="365517006"/>
        <display value="Finding of tidiness of home (finding)"/>
      </concept>
      <concept>
        <code value="365519009"/>
        <display value="Finding related to decoration of home (finding)"/>
      </concept>
      <concept>
        <code value="365520003"/>
        <display value="Finding of opportunity for privacy in accommodation (finding)"/>
      </concept>
      <concept>
        <code value="365521004"/>
        <display value="Finding of presence of communal areas in accommodation (finding)"/>
      </concept>
      <concept>
        <code value="365522006"/>
        <display value="Finding of waiting list for accommodation (finding)"/>
      </concept>
      <concept>
        <code value="394923006"/>
        <display value="Lives in a residential home (finding)"/>
      </concept>
      <concept>
        <code value="397756006"/>
        <display value="Lives in damp conditions (finding)"/>
      </concept>
      <concept>
        <code value="398081001"/>
        <display value="Damp in house (finding)"/>
      </concept>
      <concept>
        <code value="406132007"/>
        <display value="Living temporarily with relatives (finding)"/>
      </concept>
      <concept>
        <code value="412769006"/>
        <display value="Lives in mother and baby unit (finding)"/>
      </concept>
      <concept>
        <code value="413287003"/>
        <display value="More than 3 address changes in 12 months (finding)"/>
      </concept>
      <concept>
        <code value="413304006"/>
        <display value="Inadequate cooking facilities (finding)"/>
      </concept>
      <concept>
        <code value="413305007"/>
        <display value="Inadequate safety equipment (finding)"/>
      </concept>
      <concept>
        <code value="414418009"/>
        <display value="Housed (finding)"/>
      </concept>
      <concept>
        <code value="422491004"/>
        <display value="Housing contains exposed wiring (finding)"/>
      </concept>
      <concept>
        <code value="422712008"/>
        <display value="Housing contains unsafe equipment (finding)"/>
      </concept>
      <concept>
        <code value="422883004"/>
        <display value="Housing contains unsafe appliance (finding)"/>
      </concept>
      <concept>
        <code value="423098009"/>
        <display value="Steep stairs in house (finding)"/>
      </concept>
      <concept>
        <code value="423155007"/>
        <display value="Housing contains structural barriers to movement (finding)"/>
      </concept>
      <concept>
        <code value="423527000"/>
        <display value="Unsafe floor covering (finding)"/>
      </concept>
      <concept>
        <code value="423798004"/>
        <display value="Lack of cooling in house (finding)"/>
      </concept>
      <concept>
        <code value="423824003"/>
        <display value="Housing structurally unsound (finding)"/>
      </concept>
      <concept>
        <code value="423859003"/>
        <display value="Crowded living space (finding)"/>
      </concept>
      <concept>
        <code value="423961006"/>
        <display value="Unsafe storage of dangerous objects (finding)"/>
      </concept>
      <concept>
        <code value="424160003"/>
        <display value="Unsafe storage of dangerous substances (finding)"/>
      </concept>
      <concept>
        <code value="424415008"/>
        <display value="Dirty living conditions (finding)"/>
      </concept>
      <concept>
        <code value="424465004"/>
        <display value="Obstructed means of residential exit (finding)"/>
      </concept>
      <concept>
        <code value="424661000"/>
        <display value="Cluttered living space (finding)"/>
      </concept>
      <concept>
        <code value="424771006"/>
        <display value="Insufficient means of residential exit (finding)"/>
      </concept>
      <concept>
        <code value="424948003"/>
        <display value="Obstructed means of residential entrance (finding)"/>
      </concept>
      <concept>
        <code value="425017003"/>
        <display value="Inadequate residential safety device (finding)"/>
      </concept>
      <concept>
        <code value="425203001"/>
        <display value="Presence of lead-based paint (finding)"/>
      </concept>
      <concept>
        <code value="425205008"/>
        <display value="Unsafe stairs in house (finding)"/>
      </concept>
      <concept>
        <code value="425326006"/>
        <display value="Insufficient means of residential entrance (finding)"/>
      </concept>
      <concept>
        <code value="429063000"/>
        <display value="Lives in bungalow (finding)"/>
      </concept>
      <concept>
        <code value="443218005"/>
        <display value="Telecommunications device for the deaf installed in home (finding)"/>
      </concept>
      <concept>
        <code value="443314009"/>
        <display value="Lives as illegal tenant (finding)"/>
      </concept>
      <concept>
        <code value="4891000175102"/>
        <display value="External stairs at home (finding)"/>
      </concept>
      <concept>
        <code value="5421000175100"/>
        <display value="Shower or tub on ground level not available (finding)"/>
      </concept>
      <concept>
        <code value="5431000175102"/>
        <display value="Bedroom with bathroom on second level (finding)"/>
      </concept>
      <concept>
        <code value="5491000175103"/>
        <display value="Lack of running water in house (finding)"/>
      </concept>
      <concept>
        <code value="5501000175107"/>
        <display value="Lack of telephone in home environment (finding)"/>
      </concept>
      <concept>
        <code value="5549007"/>
        <display value="Living in temporary quarters (finding)"/>
      </concept>
      <concept>
        <code value="5794003"/>
        <display value="Country dweller (finding)"/>
      </concept>
      <concept>
        <code value="60585007"/>
        <display value="Slum area living (finding)"/>
      </concept>
      <concept>
        <code value="609239004"/>
        <display value="Lives in noninstitutional accommodation (finding)"/>
      </concept>
      <concept>
        <code value="609240002"/>
        <display value="Lives in ground floor apartment (finding)"/>
      </concept>
      <concept>
        <code value="609241003"/>
        <display value="Lives in apartment with elevator access (finding)"/>
      </concept>
      <concept>
        <code value="609242005"/>
        <display value="Lives in apartment without elevator access (finding)"/>
      </concept>
      <concept>
        <code value="609243000"/>
        <display value="Lives in semidetached house (finding)"/>
      </concept>
      <concept>
        <code value="609244006"/>
        <display value="Lives in terraced house (finding)"/>
      </concept>
      <concept>
        <code value="609245007"/>
        <display value="Lives in detached house (finding)"/>
      </concept>
      <concept>
        <code value="62709005"/>
        <display value="Suburban dweller (finding)"/>
      </concept>
      <concept>
        <code value="65421000"/>
        <display value="Living in tent (finding)"/>
      </concept>
      <concept>
        <code value="67972000"/>
        <display value="Single home living (finding)"/>
      </concept>
      <concept>
        <code value="700209003"/>
        <display value="Lives on boat (finding)"/>
      </concept>
      <concept>
        <code value="70147002"/>
        <display value="Living in trailer (finding)"/>
      </concept>
      <concept>
        <code value="71092004"/>
        <display value="Living in retirement community (finding)"/>
      </concept>
      <concept>
        <code value="71099008"/>
        <display value="Living in residence with no sanitation (finding)"/>
      </concept>
      <concept>
        <code value="714085000"/>
        <display value="No stairs in residence (finding)"/>
      </concept>
      <concept>
        <code value="715758005"/>
        <display value="Access to residence by stairs (finding)"/>
      </concept>
      <concept>
        <code value="715995001"/>
        <display value="Access to residence by steps (finding)"/>
      </concept>
      <concept>
        <code value="78153003"/>
        <display value="City dweller (finding)"/>
      </concept>
      <concept>
        <code value="82876001"/>
        <display value="Living in mobile home (finding)"/>
      </concept>
    </include>
  </compose>
</ValueSet>