{
  "resourceType": "ValueSet",
  "id": "2.16.840.1.113883.1.11.19601",
  "meta": {
    "versionId": "3",
    "lastUpdated": "2017-04-26T01:00:03.000-04:00"
  },
  "text": {
    "status": "generated",
    "div": "<div xmlns=\"http://www.w3.org/1999/xhtml\">\n            <h2>x_ServiceEventPerformer</h2>\n            <p>This value set includes codes from the following code systems:</p>\n            <ul>\n                <li>Include these codes as defined in \n                    <code>http://hl7.org/fhir/v3/ParticipationType</code>\n                    <table class=\"none\">\n                        <tr>\n                            <td>\n                                <b>Code</b>\n                            </td>\n                            <td>\n                                <b>Display</b>\n                            </td>\n                        </tr>\n                        <tr>\n                            <td>PPRF</td>\n                            <td>primary performer</td>\n                            <td/>\n                        </tr>\n                        <tr>\n                            <td>PRF</td>\n                            <td>performer</td>\n                            <td/>\n                        </tr>\n                        <tr>\n                            <td>SPRF</td>\n                            <td>secondary performer</td>\n                            <td/>\n                        </tr>\n                    </table>\n                </li>\n            </ul>\n        </div>"
  },
  "url": "http://cts.nlm.nih.gov/fhir/ValueSet/2.16.840.1.113883.1.11.19601",
  "version": "20170426",
  "name": "x_ServiceEventPerformer",
  "status": "active",
  "date": "2017-04-26T01:00:03-04:00",
  "publisher": "HL7 Terminology",
  "compose": {
    "include": [
      {
        "system": "http://hl7.org/fhir/v3/ParticipationType",
        "concept": [
          {
            "code": "PPRF",
            "display": "primary performer"
          },
          {
            "code": "PRF",
            "display": "performer"
          },
          {
            "code": "SPRF",
            "display": "secondary performer"
          }
        ]
      }
    ]
  }
}