{
  "resourceType": "ValueSet",
  "id": "2.16.840.1.113883.11.20.9.21",
  "meta": {
    "versionId": "5",
    "lastUpdated": "2018-05-07T22:08:23.000-07:00"
  },
  "text": {
    "status": "generated",
    "div": "<div xmlns=\"http://www.w3.org/1999/xhtml\">\n            <h2>AgePQ_UCUM</h2>\n            <p>This value set includes codes from the following code systems:</p>\n            <ul>\n                <li>Include these codes as defined in \n                    \n                    <a href=\"http://unitsofmeasure.org\">\n                        <code>http://unitsofmeasure.org</code>\n                    </a>\n                    <table class=\"none\">\n                        <tr>\n                            <td>\n                                <b>Code</b>\n                            </td>\n                            <td>\n                                <b>Display</b>\n                            </td>\n                        </tr>\n                        <tr>\n                            <td>a</td>\n                            <td>year</td>\n                            <td/>\n                        </tr>\n                        <tr>\n                            <td>d</td>\n                            <td>day</td>\n                            <td/>\n                        </tr>\n                        <tr>\n                            <td>h</td>\n                            <td>hour</td>\n                            <td/>\n                        </tr>\n                        <tr>\n                            <td>min</td>\n                            <td>minute</td>\n                            <td/>\n                        </tr>\n                        <tr>\n                            <td>mo</td>\n                            <td>month</td>\n                            <td/>\n                        </tr>\n                        <tr>\n                            <td>wk</td>\n                            <td>week</td>\n                            <td/>\n                        </tr>\n                    </table>\n                </li>\n            </ul>\n        </div>"
  },
  "url": "http://cts.nlm.nih.gov/fhir/ValueSet/2.16.840.1.113883.11.20.9.21",
  "version": "2.1.0",
  "name": "AgePQUCUM",
  "title": "AgePQ_UCUM",
  "status": "active",
  "date": "2018-05-07T22:00:05-07:00",
  "publisher": "Health Level 7",
  "compose": {
    "include": [
      {
        "system": "http://unitsofmeasure.org",
        "concept": [
          {
            "code": "a",
            "display": "year"
          },
          {
            "code": "d",
            "display": "day"
          },
          {
            "code": "h",
            "display": "hour"
          },
          {
            "code": "min",
            "display": "minute"
          },
          {
            "code": "mo",
            "display": "month"
          },
          {
            "code": "wk",
            "display": "week"
          }
        ]
      }
    ]
  }
}