<?xml version="1.0" encoding="UTF-8"?>

<ValueSet xmlns="http://hl7.org/fhir">
  <id value="2.16.840.1.113883.1.11.20.2.5"/>
  <meta>
    <versionId value="10"/>
    <lastUpdated value="2018-01-03T22:00:04.000-08:00"/>
  </meta>
  <text>
    <status value="generated"/><div xmlns="http://www.w3.org/1999/xhtml">
            <h2>Wound Measurements</h2>
            <p>This value set includes codes from the following code systems:</p>
            <ul>
                <li>Include these codes as defined in 
                    
                    <a href="http://loinc.org">
                        <code>http://loinc.org</code>
                    </a>
                    <table class="none">
                        <tr>
                            <td>
                                <b>Code</b>
                            </td>
                            <td>
                                <b>Display</b>
                            </td>
                        </tr>
                        <tr>
                            <td>
                                <a href="http://details.loinc.org/LOINC/39125-0.html">39125-0</a>
                            </td>
                            <td>Width of Wound</td>
                            <td/>
                        </tr>
                        <tr>
                            <td>
                                <a href="http://details.loinc.org/LOINC/39126-8.html">39126-8</a>
                            </td>
                            <td>Length of Wound</td>
                            <td/>
                        </tr>
                        <tr>
                            <td>
                                <a href="http://details.loinc.org/LOINC/39127-6.html">39127-6</a>
                            </td>
                            <td>Depth of Wound</td>
                            <td/>
                        </tr>
                        <tr>
                            <td>
                                <a href="http://details.loinc.org/LOINC/72293-4.html">72293-4</a>
                            </td>
                            <td>Undermining [Length] of Wound</td>
                            <td/>
                        </tr>
                        <tr>
                            <td>
                                <a href="http://details.loinc.org/LOINC/72296-7.html">72296-7</a>
                            </td>
                            <td>Tunneling [Length] of Wound</td>
                            <td/>
                        </tr>
                    </table>
                </li>
            </ul>
        </div>
  </text>
  <url value="http://cts.nlm.nih.gov/fhir/ValueSet/2.16.840.1.113883.1.11.20.2.5"/>
  <version value="2.1.0"/>
  <name value="WoundMeasurements"/>
  <title value="Wound Measurements"/>
  <status value="active"/>
  <date value="2018-01-03T22:00:04-08:00"/>
  <publisher value="Health Level 7"/>
  <compose>
    <include>
      <system value="http://loinc.org"/>
      <concept>
        <code value="39125-0"/>
        <display value="Width of Wound"/>
      </concept>
      <concept>
        <code value="39126-8"/>
        <display value="Length of Wound"/>
      </concept>
      <concept>
        <code value="39127-6"/>
        <display value="Depth of Wound"/>
      </concept>
      <concept>
        <code value="72293-4"/>
        <display value="Undermining [Length] of Wound"/>
      </concept>
      <concept>
        <code value="72296-7"/>
        <display value="Tunneling [Length] of Wound"/>
      </concept>
    </include>
  </compose>
</ValueSet>