{
  "resourceType": "StructureDefinition",
  "id": "2.16.840.1.113883.10.20.22.5.1",
  "text": {
    "status": "generated",
    "div": "<div xmlns=\"http://www.w3.org/1999/xhtml\"><table border=\"0\" cellpadding=\"0\" cellspacing=\"0\" style=\"border: 0px #F0F0F0 solid; font-size: 11px; font-family: verdana; vertical-align: top;\"><tr style=\"border: 1px #F0F0F0 solid; font-size: 11px; font-family: verdana; vertical-align: top;\"><th style=\"vertical-align: top; text-align : left; background-color: white; border: 0px #F0F0F0 solid; padding:0px 4px 0px 4px\" class=\"hierarchy\"><a href=\"http://hl7.org/fhir/R4/formats.html#table\" title=\"The logical name of the element\">Name</a></th><th style=\"vertical-align: top; text-align : left; background-color: white; border: 0px #F0F0F0 solid; padding:0px 4px 0px 4px\" class=\"hierarchy\"><a href=\"http://hl7.org/fhir/R4/formats.html#table\" title=\"Information about the use of the element\">Flags</a></th><th style=\"vertical-align: top; text-align : left; background-color: white; border: 0px #F0F0F0 solid; padding:0px 4px 0px 4px\" class=\"hierarchy\"><a href=\"http://hl7.org/fhir/R4/formats.html#table\" title=\"Minimum and Maximum # of times the the element can appear in the instance\">Card.</a></th><th style=\"width: 100px\" class=\"hierarchy\"><a href=\"http://hl7.org/fhir/R4/formats.html#table\" title=\"Reference to the type of the element\">Type</a></th><th style=\"vertical-align: top; text-align : left; background-color: white; border: 0px #F0F0F0 solid; padding:0px 4px 0px 4px\" class=\"hierarchy\"><a href=\"http://hl7.org/fhir/R4/formats.html#table\" title=\"Additional information about the element\">Description &amp; Constraints</a><span style=\"float: right\"><a href=\"http://hl7.org/fhir/R4/formats.html#table\" title=\"Legend for this format\"><img src=\"http://hl7.org/fhir/R4/help16.png\" alt=\"doco\" style=\"background-color: inherit\"/></a></span></th></tr><tr style=\"border: 0px #F0F0F0 solid; padding:0px; vertical-align: top; background-color: white;\"><td style=\"vertical-align: top; text-align : left; background-color: white; border: 0px #F0F0F0 solid; padding:0px 4px 0px 4px; white-space: nowrap; background-image: url(tbl_bck1.png)\" class=\"hierarchy\"><img src=\"tbl_spacer.png\" alt=\".\" style=\"background-color: inherit\" class=\"hierarchy\"/><img src=\"icon_element.gif\" alt=\".\" style=\"background-color: white; background-color: inherit\" title=\"Element\" class=\"hierarchy\"/> <a href=\"{{[type]}}-{{[id]}}-definitions.html#PN\" title=\"null\">PN</a><a name=\"PN\"> </a></td><td style=\"vertical-align: top; text-align : left; background-color: white; border: 0px #F0F0F0 solid; padding:0px 4px 0px 4px\" class=\"hierarchy\"><span style=\"padding-left: 3px; padding-right: 3px; color: black; null\" title=\"This element has or is affected by some invariants (81-7278)\">I</span></td><td style=\"vertical-align: top; text-align : left; background-color: white; border: 0px #F0F0F0 solid; padding:0px 4px 0px 4px\" class=\"hierarchy\"><span style=\"opacity: 0.4\">1</span><span style=\"opacity: 0.5\">..</span><span style=\"opacity: 0.4\">*</span></td><td style=\"vertical-align: top; text-align : left; background-color: white; border: 0px #F0F0F0 solid; padding:0px 4px 0px 4px\" class=\"hierarchy\"><a href=\"file://C:\\Users\\sean.mcilvenna\\Code\\cda-core-2.0\\output/{{[type]}}-PN.html\">PN</a></td><td style=\"vertical-align: top; text-align : left; background-color: white; border: 0px #F0F0F0 solid; padding:0px 4px 0px 4px\" class=\"hierarchy\"><span style=\"font-weight:bold\">81-7278: </span>**SHALL NOT** have mixed content except for white space (CONF:81-7278).</td></tr>\r\n<tr style=\"border: 0px #F0F0F0 solid; padding:0px; vertical-align: top; background-color: #F7F7F7;\"><td style=\"vertical-align: top; text-align : left; background-color: #F7F7F7; border: 0px #F0F0F0 solid; padding:0px 4px 0px 4px; white-space: nowrap; background-image: url(tbl_bck10.png)\" class=\"hierarchy\"><img src=\"tbl_spacer.png\" alt=\".\" style=\"background-color: inherit\" class=\"hierarchy\"/><img src=\"tbl_vjoin.png\" alt=\".\" style=\"background-color: inherit\" class=\"hierarchy\"/><img src=\"icon_element.gif\" alt=\".\" style=\"background-color: #F7F7F7; background-color: inherit\" title=\"Element\" class=\"hierarchy\"/> <a href=\"{{[type]}}-{{[id]}}-definitions.html#PN.use\" title=\"MAY contain zero or one [0..1] @use, which SHALL be selected from ValueSet EntityNameUse urn:oid:2.16.840.1.113883.1.11.15913 STATIC 2005-05-01 (CONF:81-7154).\">use</a><a name=\"PN.use\"> </a></td><td style=\"vertical-align: top; text-align : left; background-color: #F7F7F7; border: 0px #F0F0F0 solid; padding:0px 4px 0px 4px\" class=\"hierarchy\"/><td style=\"vertical-align: top; text-align : left; background-color: #F7F7F7; border: 0px #F0F0F0 solid; padding:0px 4px 0px 4px\" class=\"hierarchy\">0..1</td><td style=\"vertical-align: top; text-align : left; background-color: #F7F7F7; border: 0px #F0F0F0 solid; padding:0px 4px 0px 4px\" class=\"hierarchy\"><a style=\"opacity: 0.4\" href=\"http://hl7.org/fhir/R4/datatypes.html#code\">code</a></td><td style=\"vertical-align: top; text-align : left; background-color: #F7F7F7; border: 0px #F0F0F0 solid; padding:0px 4px 0px 4px\" class=\"hierarchy\">use<br/><span style=\"font-weight:bold\">Binding: </span><a href=\"https://cts.nlm.nih.gov/fhir/ValueSet/2.16.840.1.113883.1.11.15913\">https://cts.nlm.nih.gov/fhir/ValueSet/2.16.840.1.113883.1.11.15913</a> (<a href=\"http://hl7.org/fhir/R4/terminologies.html#required\" title=\"To be conformant, the concept in this element SHALL be from the specified value set.\">required</a>)</td></tr>\r\n<tr style=\"border: 0px #F0F0F0 solid; padding:0px; vertical-align: top; background-color: white;\"><td style=\"vertical-align: top; text-align : left; background-color: white; border: 0px #F0F0F0 solid; padding:0px 4px 0px 4px; white-space: nowrap; background-image: url(tbl_bck11.png)\" class=\"hierarchy\"><img src=\"tbl_spacer.png\" alt=\".\" style=\"background-color: inherit\" class=\"hierarchy\"/><img src=\"tbl_vjoin.png\" alt=\".\" style=\"background-color: inherit\" class=\"hierarchy\"/><img src=\"icon_element.gif\" alt=\".\" style=\"background-color: white; background-color: inherit\" title=\"Element\" class=\"hierarchy\"/> <a href=\"{{[type]}}-{{[id]}}-definitions.html#PN.family\" title=\"SHALL contain exactly one [1..1] family (CONF:81-7159).\">family</a><a name=\"PN.family\"> </a></td><td style=\"vertical-align: top; text-align : left; background-color: white; border: 0px #F0F0F0 solid; padding:0px 4px 0px 4px\" class=\"hierarchy\"/><td style=\"vertical-align: top; text-align : left; background-color: white; border: 0px #F0F0F0 solid; padding:0px 4px 0px 4px\" class=\"hierarchy\">1..1</td><td style=\"vertical-align: top; text-align : left; background-color: white; border: 0px #F0F0F0 solid; padding:0px 4px 0px 4px\" class=\"hierarchy\"><a style=\"opacity: 0.4\" href=\"file://C:\\Users\\sean.mcilvenna\\Code\\cda-core-2.0\\output/{{[type]}}-ENXP.html\">ENXP</a></td><td style=\"vertical-align: top; text-align : left; background-color: white; border: 0px #F0F0F0 solid; padding:0px 4px 0px 4px\" class=\"hierarchy\">family</td></tr>\r\n<tr style=\"border: 0px #F0F0F0 solid; padding:0px; vertical-align: top; background-color: #F7F7F7;\"><td style=\"vertical-align: top; text-align : left; background-color: #F7F7F7; border: 0px #F0F0F0 solid; padding:0px 4px 0px 4px; white-space: nowrap; background-image: url(tbl_bck100.png)\" class=\"hierarchy\"><img src=\"tbl_spacer.png\" alt=\".\" style=\"background-color: inherit\" class=\"hierarchy\"/><img src=\"tbl_vline.png\" alt=\".\" style=\"background-color: inherit\" class=\"hierarchy\"/><img src=\"tbl_vjoin_end.png\" alt=\".\" style=\"background-color: inherit\" class=\"hierarchy\"/><img src=\"icon_element.gif\" alt=\".\" style=\"background-color: #F7F7F7; background-color: inherit\" title=\"Element\" class=\"hierarchy\"/> <a href=\"{{[type]}}-{{[id]}}-definitions.html#PN.family.qualifier\" title=\"This family MAY contain zero or one [0..1] @qualifier, which SHALL be selected from ValueSet EntityPersonNamePartQualifier urn:oid:2.16.840.1.113883.11.20.9.26 STATIC 2011-09-30 (CONF:81-7160).\">qualifier</a><a name=\"PN.family.qualifier\"> </a></td><td style=\"vertical-align: top; text-align : left; background-color: #F7F7F7; border: 0px #F0F0F0 solid; padding:0px 4px 0px 4px\" class=\"hierarchy\"/><td style=\"vertical-align: top; text-align : left; background-color: #F7F7F7; border: 0px #F0F0F0 solid; padding:0px 4px 0px 4px\" class=\"hierarchy\">0..1</td><td style=\"vertical-align: top; text-align : left; background-color: #F7F7F7; border: 0px #F0F0F0 solid; padding:0px 4px 0px 4px\" class=\"hierarchy\"/><td style=\"vertical-align: top; text-align : left; background-color: #F7F7F7; border: 0px #F0F0F0 solid; padding:0px 4px 0px 4px\" class=\"hierarchy\">qualifier<br/><span style=\"font-weight:bold\">Binding: </span><a href=\"https://cts.nlm.nih.gov/fhir/ValueSet/2.16.840.1.113883.11.20.9.26\">https://cts.nlm.nih.gov/fhir/ValueSet/2.16.840.1.113883.11.20.9.26</a> (<a href=\"http://hl7.org/fhir/R4/terminologies.html#required\" title=\"To be conformant, the concept in this element SHALL be from the specified value set.\">required</a>)</td></tr>\r\n<tr style=\"border: 0px #F0F0F0 solid; padding:0px; vertical-align: top; background-color: white;\"><td style=\"vertical-align: top; text-align : left; background-color: white; border: 0px #F0F0F0 solid; padding:0px 4px 0px 4px; white-space: nowrap; background-image: url(tbl_bck11.png)\" class=\"hierarchy\"><img src=\"tbl_spacer.png\" alt=\".\" style=\"background-color: inherit\" class=\"hierarchy\"/><img src=\"tbl_vjoin.png\" alt=\".\" style=\"background-color: inherit\" class=\"hierarchy\"/><img src=\"icon_element.gif\" alt=\".\" style=\"background-color: white; background-color: inherit\" title=\"Element\" class=\"hierarchy\"/> <a href=\"{{[type]}}-{{[id]}}-definitions.html#PN.given\" title=\"SHALL contain at least one [1..*] given (CONF:81-7157).\">given</a><a name=\"PN.given\"> </a></td><td style=\"vertical-align: top; text-align : left; background-color: white; border: 0px #F0F0F0 solid; padding:0px 4px 0px 4px\" class=\"hierarchy\"><span style=\"padding-left: 3px; padding-right: 3px; color: black; null\" title=\"This element has or is affected by some invariants (81-7163)\">I</span></td><td style=\"vertical-align: top; text-align : left; background-color: white; border: 0px #F0F0F0 solid; padding:0px 4px 0px 4px\" class=\"hierarchy\">1..*</td><td style=\"vertical-align: top; text-align : left; background-color: white; border: 0px #F0F0F0 solid; padding:0px 4px 0px 4px\" class=\"hierarchy\"><a style=\"opacity: 0.4\" href=\"file://C:\\Users\\sean.mcilvenna\\Code\\cda-core-2.0\\output/{{[type]}}-ENXP.html\">ENXP</a></td><td style=\"vertical-align: top; text-align : left; background-color: white; border: 0px #F0F0F0 solid; padding:0px 4px 0px 4px\" class=\"hierarchy\">given<br/><span style=\"font-weight:bold\">81-7163: </span>The second occurrence of given (given[2]) if provided, SHALL include middle name or middle initial (CONF:81-7163).<br/></td></tr>\r\n<tr style=\"border: 0px #F0F0F0 solid; padding:0px; vertical-align: top; background-color: #F7F7F7;\"><td style=\"vertical-align: top; text-align : left; background-color: #F7F7F7; border: 0px #F0F0F0 solid; padding:0px 4px 0px 4px; white-space: nowrap; background-image: url(tbl_bck100.png)\" class=\"hierarchy\"><img src=\"tbl_spacer.png\" alt=\".\" style=\"background-color: inherit\" class=\"hierarchy\"/><img src=\"tbl_vline.png\" alt=\".\" style=\"background-color: inherit\" class=\"hierarchy\"/><img src=\"tbl_vjoin_end.png\" alt=\".\" style=\"background-color: inherit\" class=\"hierarchy\"/><img src=\"icon_element.gif\" alt=\".\" style=\"background-color: #F7F7F7; background-color: inherit\" title=\"Element\" class=\"hierarchy\"/> <a href=\"{{[type]}}-{{[id]}}-definitions.html#PN.given.qualifier\" title=\"Such givens MAY contain zero or one [0..1] @qualifier, which SHALL be selected from ValueSet EntityPersonNamePartQualifier urn:oid:2.16.840.1.113883.11.20.9.26 STATIC 2011-09-30 (CONF:81-7158).\">qualifier</a><a name=\"PN.given.qualifier\"> </a></td><td style=\"vertical-align: top; text-align : left; background-color: #F7F7F7; border: 0px #F0F0F0 solid; padding:0px 4px 0px 4px\" class=\"hierarchy\"/><td style=\"vertical-align: top; text-align : left; background-color: #F7F7F7; border: 0px #F0F0F0 solid; padding:0px 4px 0px 4px\" class=\"hierarchy\">0..1</td><td style=\"vertical-align: top; text-align : left; background-color: #F7F7F7; border: 0px #F0F0F0 solid; padding:0px 4px 0px 4px\" class=\"hierarchy\"/><td style=\"vertical-align: top; text-align : left; background-color: #F7F7F7; border: 0px #F0F0F0 solid; padding:0px 4px 0px 4px\" class=\"hierarchy\">qualifier<br/><span style=\"font-weight:bold\">Binding: </span><a href=\"https://cts.nlm.nih.gov/fhir/ValueSet/2.16.840.1.113883.11.20.9.26\">https://cts.nlm.nih.gov/fhir/ValueSet/2.16.840.1.113883.11.20.9.26</a> (<a href=\"http://hl7.org/fhir/R4/terminologies.html#required\" title=\"To be conformant, the concept in this element SHALL be from the specified value set.\">required</a>)</td></tr>\r\n<tr style=\"border: 0px #F0F0F0 solid; padding:0px; vertical-align: top; background-color: white;\"><td style=\"vertical-align: top; text-align : left; background-color: white; border: 0px #F0F0F0 solid; padding:0px 4px 0px 4px; white-space: nowrap; background-image: url(tbl_bck11.png)\" class=\"hierarchy\"><img src=\"tbl_spacer.png\" alt=\".\" style=\"background-color: inherit\" class=\"hierarchy\"/><img src=\"tbl_vjoin.png\" alt=\".\" style=\"background-color: inherit\" class=\"hierarchy\"/><img src=\"icon_element.gif\" alt=\".\" style=\"background-color: white; background-color: inherit\" title=\"Element\" class=\"hierarchy\"/> <a href=\"{{[type]}}-{{[id]}}-definitions.html#PN.prefix\" title=\"MAY contain zero or more [0..*] prefix (CONF:81-7155).\">prefix</a><a name=\"PN.prefix\"> </a></td><td style=\"vertical-align: top; text-align : left; background-color: white; border: 0px #F0F0F0 solid; padding:0px 4px 0px 4px\" class=\"hierarchy\"/><td style=\"vertical-align: top; text-align : left; background-color: white; border: 0px #F0F0F0 solid; padding:0px 4px 0px 4px\" class=\"hierarchy\">0..*</td><td style=\"vertical-align: top; text-align : left; background-color: white; border: 0px #F0F0F0 solid; padding:0px 4px 0px 4px\" class=\"hierarchy\"><a style=\"opacity: 0.4\" href=\"file://C:\\Users\\sean.mcilvenna\\Code\\cda-core-2.0\\output/{{[type]}}-ENXP.html\">ENXP</a></td><td style=\"vertical-align: top; text-align : left; background-color: white; border: 0px #F0F0F0 solid; padding:0px 4px 0px 4px\" class=\"hierarchy\">prefix<br/></td></tr>\r\n<tr style=\"border: 0px #F0F0F0 solid; padding:0px; vertical-align: top; background-color: #F7F7F7;\"><td style=\"vertical-align: top; text-align : left; background-color: #F7F7F7; border: 0px #F0F0F0 solid; padding:0px 4px 0px 4px; white-space: nowrap; background-image: url(tbl_bck100.png)\" class=\"hierarchy\"><img src=\"tbl_spacer.png\" alt=\".\" style=\"background-color: inherit\" class=\"hierarchy\"/><img src=\"tbl_vline.png\" alt=\".\" style=\"background-color: inherit\" class=\"hierarchy\"/><img src=\"tbl_vjoin_end.png\" alt=\".\" style=\"background-color: inherit\" class=\"hierarchy\"/><img src=\"icon_element.gif\" alt=\".\" style=\"background-color: #F7F7F7; background-color: inherit\" title=\"Element\" class=\"hierarchy\"/> <a href=\"{{[type]}}-{{[id]}}-definitions.html#PN.prefix.qualifier\" title=\"The prefix, if present, MAY contain zero or one [0..1] @qualifier, which SHALL be selected from ValueSet EntityPersonNamePartQualifier urn:oid:2.16.840.1.113883.11.20.9.26 STATIC 2011-09-30 (CONF:81-7156).\">qualifier</a><a name=\"PN.prefix.qualifier\"> </a></td><td style=\"vertical-align: top; text-align : left; background-color: #F7F7F7; border: 0px #F0F0F0 solid; padding:0px 4px 0px 4px\" class=\"hierarchy\"/><td style=\"vertical-align: top; text-align : left; background-color: #F7F7F7; border: 0px #F0F0F0 solid; padding:0px 4px 0px 4px\" class=\"hierarchy\">0..1</td><td style=\"vertical-align: top; text-align : left; background-color: #F7F7F7; border: 0px #F0F0F0 solid; padding:0px 4px 0px 4px\" class=\"hierarchy\"/><td style=\"vertical-align: top; text-align : left; background-color: #F7F7F7; border: 0px #F0F0F0 solid; padding:0px 4px 0px 4px\" class=\"hierarchy\">qualifier<br/><span style=\"font-weight:bold\">Binding: </span><a href=\"https://cts.nlm.nih.gov/fhir/ValueSet/2.16.840.1.113883.11.20.9.26\">https://cts.nlm.nih.gov/fhir/ValueSet/2.16.840.1.113883.11.20.9.26</a> (<a href=\"http://hl7.org/fhir/R4/terminologies.html#required\" title=\"To be conformant, the concept in this element SHALL be from the specified value set.\">required</a>)</td></tr>\r\n<tr style=\"border: 0px #F0F0F0 solid; padding:0px; vertical-align: top; background-color: white;\"><td style=\"vertical-align: top; text-align : left; background-color: white; border: 0px #F0F0F0 solid; padding:0px 4px 0px 4px; white-space: nowrap; background-image: url(tbl_bck01.png)\" class=\"hierarchy\"><img src=\"tbl_spacer.png\" alt=\".\" style=\"background-color: inherit\" class=\"hierarchy\"/><img src=\"tbl_vjoin_end.png\" alt=\".\" style=\"background-color: inherit\" class=\"hierarchy\"/><img src=\"icon_element.gif\" alt=\".\" style=\"background-color: white; background-color: inherit\" title=\"Element\" class=\"hierarchy\"/> <a href=\"{{[type]}}-{{[id]}}-definitions.html#PN.suffix\" title=\"MAY contain zero or one [0..1] suffix (CONF:81-7161).\">suffix</a><a name=\"PN.suffix\"> </a></td><td style=\"vertical-align: top; text-align : left; background-color: white; border: 0px #F0F0F0 solid; padding:0px 4px 0px 4px\" class=\"hierarchy\"/><td style=\"vertical-align: top; text-align : left; background-color: white; border: 0px #F0F0F0 solid; padding:0px 4px 0px 4px\" class=\"hierarchy\">0..1</td><td style=\"vertical-align: top; text-align : left; background-color: white; border: 0px #F0F0F0 solid; padding:0px 4px 0px 4px\" class=\"hierarchy\"><a style=\"opacity: 0.4\" href=\"file://C:\\Users\\sean.mcilvenna\\Code\\cda-core-2.0\\output/{{[type]}}-ENXP.html\">ENXP</a></td><td style=\"vertical-align: top; text-align : left; background-color: white; border: 0px #F0F0F0 solid; padding:0px 4px 0px 4px\" class=\"hierarchy\">suffix</td></tr>\r\n<tr style=\"border: 0px #F0F0F0 solid; padding:0px; vertical-align: top; background-color: #F7F7F7;\"><td style=\"vertical-align: top; text-align : left; background-color: #F7F7F7; border: 0px #F0F0F0 solid; padding:0px 4px 0px 4px; white-space: nowrap; background-image: url(tbl_bck000.png)\" class=\"hierarchy\"><img src=\"tbl_spacer.png\" alt=\".\" style=\"background-color: inherit\" class=\"hierarchy\"/><img src=\"tbl_blank.png\" alt=\".\" style=\"background-color: inherit\" class=\"hierarchy\"/><img src=\"tbl_vjoin_end.png\" alt=\".\" style=\"background-color: inherit\" class=\"hierarchy\"/><img src=\"icon_element.gif\" alt=\".\" style=\"background-color: #F7F7F7; background-color: inherit\" title=\"Element\" class=\"hierarchy\"/> <a href=\"{{[type]}}-{{[id]}}-definitions.html#PN.suffix.qualifier\" title=\"The suffix, if present, MAY contain zero or one [0..1] @qualifier, which SHALL be selected from ValueSet EntityPersonNamePartQualifier urn:oid:2.16.840.1.113883.11.20.9.26 STATIC 2011-09-30 (CONF:81-7162).\">qualifier</a><a name=\"PN.suffix.qualifier\"> </a></td><td style=\"vertical-align: top; text-align : left; background-color: #F7F7F7; border: 0px #F0F0F0 solid; padding:0px 4px 0px 4px\" class=\"hierarchy\"/><td style=\"vertical-align: top; text-align : left; background-color: #F7F7F7; border: 0px #F0F0F0 solid; padding:0px 4px 0px 4px\" class=\"hierarchy\">0..1</td><td style=\"vertical-align: top; text-align : left; background-color: #F7F7F7; border: 0px #F0F0F0 solid; padding:0px 4px 0px 4px\" class=\"hierarchy\"/><td style=\"vertical-align: top; text-align : left; background-color: #F7F7F7; border: 0px #F0F0F0 solid; padding:0px 4px 0px 4px\" class=\"hierarchy\">qualifier<br/><span style=\"font-weight:bold\">Binding: </span><a href=\"https://cts.nlm.nih.gov/fhir/ValueSet/2.16.840.1.113883.11.20.9.26\">https://cts.nlm.nih.gov/fhir/ValueSet/2.16.840.1.113883.11.20.9.26</a> (<a href=\"http://hl7.org/fhir/R4/terminologies.html#required\" title=\"To be conformant, the concept in this element SHALL be from the specified value set.\">required</a>)</td></tr>\r\n<tr><td colspan=\"5\" class=\"hierarchy\"><br/><a href=\"http://hl7.org/fhir/R4/formats.html#table\" title=\"Legend for this format\"><img src=\"http://hl7.org/fhir/R4/help16.png\" alt=\"doco\" style=\"background-color: inherit\"/> Documentation for this format</a></td></tr></table></div>"
  },
  "url": "http://hl7.org/fhir/cda/ccda/StructureDefinition/2.16.840.1.113883.10.20.22.5.1",
  "identifier": [
    {
      "value": "urn:oid:2.16.840.1.113883.10.20.22.5.1"
    }
  ],
  "version": "2.1.0",
  "name": "USRealmPatientNamePTNUSFIELDED",
  "title": "US Realm Patient Name (PTN.US.FIELDED)",
  "status": "active",
  "date": "2020-01-13T13:37:55-08:00",
  "publisher": "Health Level 7",
  "description": "The US Realm Patient Name datatype flavor is a set of reusable constraints that can be used for the patient or any other person. It requires a first (given) and last (family) name. If a patient or person has only one name part (e.g., patient with first name only) place the name part in the field required by the organization. Use the appropriate nullFlavor, \"Not Applicable\" (NA), in the other field.\nFor information on mixed content see the Extensible Markup Language reference (http://www.w3c.org/TR/2008/REC-xml-20081126/).",
  "fhirVersion": "4.0.1",
  "kind": "resource",
  "abstract": false,
  "type": "PN",
  "baseDefinition": "http://hl7.org/fhir/cda/StructureDefinition/PN",
  "derivation": "constraint",
  "snapshot": {
    "element": [
      {
        "id": "PN",
        "path": "PN",
        "definition": "A name for a person. A sequence of name parts, such as given name or family name, prefix, suffix, etc. Examples for person name values are \"Jim Bob Walton, Jr.\", \"Adam Everyman\", etc. A person name may be as simple as a character string or may consist of several person name parts, such as, \"Jim\", \"Bob\", \"Walton\", and \"Jr.\". PN differs from EN because the qualifier type cannot include LS (Legal Status).",
        "min": 1,
        "max": "*",
        "base": {
          "path": "Base",
          "min": 0,
          "max": "*"
        },
        "constraint": [
          {
            "key": "81-7278",
            "severity": "error",
            "human": "**SHALL NOT** have mixed content except for white space (CONF:81-7278)."
          }
        ],
        "isModifier": false
      },
      {
        "id": "PN.nullFlavor",
        "path": "PN.nullFlavor",
        "representation": [
          "xmlAttr"
        ],
        "label": "Exceptional Value Detail",
        "definition": "If a value is an exceptional value (NULL-value), this specifies in what way and why proper information is missing.",
        "min": 0,
        "max": "1",
        "base": {
          "path": "ANY.nullFlavor",
          "min": 0,
          "max": "1"
        },
        "type": [
          {
            "code": "code"
          }
        ],
        "binding": {
          "strength": "required",
          "valueSet": "http://terminology.hl7.org/ValueSet/v3-NullFlavor"
        }
      },
      {
        "id": "PN.use",
        "path": "PN.use",
        "representation": [
          "xmlAttr"
        ],
        "label": "Use Code",
        "short": "use",
        "definition": "MAY contain zero or one [0..1] @use, which SHALL be selected from ValueSet EntityNameUse urn:oid:2.16.840.1.113883.1.11.15913 STATIC 2005-05-01 (CONF:81-7154).",
        "min": 0,
        "max": "1",
        "base": {
          "path": "EN.use",
          "min": 0,
          "max": "1"
        },
        "type": [
          {
            "code": "code"
          }
        ],
        "binding": {
          "strength": "required",
          "valueSet": "https://cts.nlm.nih.gov/fhir/ValueSet/2.16.840.1.113883.1.11.15913"
        }
      },
      {
        "id": "PN.delimiter",
        "path": "PN.delimiter",
        "min": 0,
        "max": "*",
        "base": {
          "path": "EN.delimiter",
          "min": 0,
          "max": "*"
        },
        "type": [
          {
            "code": "http://hl7.org/fhir/cda/StructureDefinition/ENXP"
          }
        ]
      },
      {
        "id": "PN.family",
        "path": "PN.family",
        "short": "family",
        "definition": "SHALL contain exactly one [1..1] family (CONF:81-7159).",
        "min": 1,
        "max": "1",
        "base": {
          "path": "EN.family",
          "min": 0,
          "max": "*"
        },
        "type": [
          {
            "code": "http://hl7.org/fhir/cda/StructureDefinition/ENXP"
          }
        ]
      },
      {
        "id": "PN.given",
        "path": "PN.given",
        "short": "given",
        "definition": "SHALL contain at least one [1..*] given (CONF:81-7157).",
        "min": 1,
        "max": "*",
        "base": {
          "path": "EN.given",
          "min": 0,
          "max": "*"
        },
        "type": [
          {
            "code": "http://hl7.org/fhir/cda/StructureDefinition/ENXP"
          }
        ],
        "constraint": [
          {
            "key": "81-7163",
            "severity": "warning",
            "human": "The second occurrence of given (given[2]) if provided, SHALL include middle name or middle initial (CONF:81-7163)."
          }
        ]
      },
      {
        "id": "PN.prefix",
        "path": "PN.prefix",
        "short": "prefix",
        "definition": "MAY contain zero or more [0..*] prefix (CONF:81-7155).",
        "min": 0,
        "max": "*",
        "base": {
          "path": "EN.prefix",
          "min": 0,
          "max": "*"
        },
        "type": [
          {
            "code": "http://hl7.org/fhir/cda/StructureDefinition/ENXP"
          }
        ]
      },
      {
        "id": "PN.suffix",
        "path": "PN.suffix",
        "short": "suffix",
        "definition": "MAY contain zero or one [0..1] suffix (CONF:81-7161).",
        "min": 0,
        "max": "1",
        "base": {
          "path": "EN.suffix",
          "min": 0,
          "max": "*"
        },
        "type": [
          {
            "code": "http://hl7.org/fhir/cda/StructureDefinition/ENXP"
          }
        ]
      },
      {
        "id": "PN.other",
        "path": "PN.other",
        "representation": [
          "xmlText"
        ],
        "min": 0,
        "max": "1",
        "base": {
          "path": "EN.other",
          "min": 0,
          "max": "1"
        },
        "type": [
          {
            "code": "string"
          }
        ]
      },
      {
        "id": "PN.validTime",
        "path": "PN.validTime",
        "label": "Valid Time",
        "definition": "An interval of time specifying the time during which the name is or was used for the entity. This accomodates the fact that people change names for people, places and things.",
        "min": 0,
        "max": "1",
        "base": {
          "path": "EN.validTime",
          "min": 0,
          "max": "1"
        },
        "type": [
          {
            "code": "http://hl7.org/fhir/cda/StructureDefinition/IVL-TS"
          }
        ]
      }
    ]
  },
  "differential": {
    "element": [
      {
        "id": "PN",
        "path": "PN",
        "constraint": [
          {
            "key": "81-7278",
            "severity": "error",
            "human": "**SHALL NOT** have mixed content except for white space (CONF:81-7278)."
          }
        ]
      },
      {
        "id": "PN.use",
        "path": "PN.use",
        "short": "use",
        "definition": "MAY contain zero or one [0..1] @use, which SHALL be selected from ValueSet EntityNameUse urn:oid:2.16.840.1.113883.1.11.15913 STATIC 2005-05-01 (CONF:81-7154).",
        "min": 0,
        "max": "1",
        "binding": {
          "strength": "required",
          "valueSet": "https://cts.nlm.nih.gov/fhir/ValueSet/2.16.840.1.113883.1.11.15913"
        }
      },
      {
        "id": "PN.family",
        "path": "PN.family",
        "short": "family",
        "definition": "SHALL contain exactly one [1..1] family (CONF:81-7159).",
        "min": 1,
        "max": "1"
      },
      {
        "id": "PN.family.qualifier",
        "path": "PN.family.qualifier",
        "short": "qualifier",
        "definition": "This family MAY contain zero or one [0..1] @qualifier, which SHALL be selected from ValueSet EntityPersonNamePartQualifier urn:oid:2.16.840.1.113883.11.20.9.26 STATIC 2011-09-30 (CONF:81-7160).",
        "min": 0,
        "max": "1",
        "binding": {
          "strength": "required",
          "valueSet": "https://cts.nlm.nih.gov/fhir/ValueSet/2.16.840.1.113883.11.20.9.26"
        }
      },
      {
        "id": "PN.given",
        "path": "PN.given",
        "short": "given",
        "definition": "SHALL contain at least one [1..*] given (CONF:81-7157).",
        "min": 1,
        "max": "*",
        "constraint": [
          {
            "key": "81-7163",
            "severity": "warning",
            "human": "The second occurrence of given (given[2]) if provided, SHALL include middle name or middle initial (CONF:81-7163)."
          }
        ]
      },
      {
        "id": "PN.given.qualifier",
        "path": "PN.given.qualifier",
        "short": "qualifier",
        "definition": "Such givens MAY contain zero or one [0..1] @qualifier, which SHALL be selected from ValueSet EntityPersonNamePartQualifier urn:oid:2.16.840.1.113883.11.20.9.26 STATIC 2011-09-30 (CONF:81-7158).",
        "min": 0,
        "max": "1",
        "binding": {
          "strength": "required",
          "valueSet": "https://cts.nlm.nih.gov/fhir/ValueSet/2.16.840.1.113883.11.20.9.26"
        }
      },
      {
        "id": "PN.prefix",
        "path": "PN.prefix",
        "short": "prefix",
        "definition": "MAY contain zero or more [0..*] prefix (CONF:81-7155).",
        "min": 0,
        "max": "*"
      },
      {
        "id": "PN.prefix.qualifier",
        "path": "PN.prefix.qualifier",
        "short": "qualifier",
        "definition": "The prefix, if present, MAY contain zero or one [0..1] @qualifier, which SHALL be selected from ValueSet EntityPersonNamePartQualifier urn:oid:2.16.840.1.113883.11.20.9.26 STATIC 2011-09-30 (CONF:81-7156).",
        "min": 0,
        "max": "1",
        "binding": {
          "strength": "required",
          "valueSet": "https://cts.nlm.nih.gov/fhir/ValueSet/2.16.840.1.113883.11.20.9.26"
        }
      },
      {
        "id": "PN.suffix",
        "path": "PN.suffix",
        "short": "suffix",
        "definition": "MAY contain zero or one [0..1] suffix (CONF:81-7161).",
        "min": 0,
        "max": "1"
      },
      {
        "id": "PN.suffix.qualifier",
        "path": "PN.suffix.qualifier",
        "short": "qualifier",
        "definition": "The suffix, if present, MAY contain zero or one [0..1] @qualifier, which SHALL be selected from ValueSet EntityPersonNamePartQualifier urn:oid:2.16.840.1.113883.11.20.9.26 STATIC 2011-09-30 (CONF:81-7162).",
        "min": 0,
        "max": "1",
        "binding": {
          "strength": "required",
          "valueSet": "https://cts.nlm.nih.gov/fhir/ValueSet/2.16.840.1.113883.11.20.9.26"
        }
      }
    ]
  }
}