{
  "resourceType": "StructureDefinition",
  "id": "2.16.840.1.113883.10.20.22.4.143",
  "text": {
    "status": "generated",
    "div": "<div xmlns=\"http://www.w3.org/1999/xhtml\"><table border=\"0\" cellpadding=\"0\" cellspacing=\"0\" style=\"border: 0px #F0F0F0 solid; font-size: 11px; font-family: verdana; vertical-align: top;\"><tr style=\"border: 1px #F0F0F0 solid; font-size: 11px; font-family: verdana; vertical-align: top;\"><th style=\"vertical-align: top; text-align : left; background-color: white; border: 0px #F0F0F0 solid; padding:0px 4px 0px 4px\" class=\"hierarchy\"><a href=\"http://hl7.org/fhir/R4/formats.html#table\" title=\"The logical name of the element\">Name</a></th><th style=\"vertical-align: top; text-align : left; background-color: white; border: 0px #F0F0F0 solid; padding:0px 4px 0px 4px\" class=\"hierarchy\"><a href=\"http://hl7.org/fhir/R4/formats.html#table\" title=\"Information about the use of the element\">Flags</a></th><th style=\"vertical-align: top; text-align : left; background-color: white; border: 0px #F0F0F0 solid; padding:0px 4px 0px 4px\" class=\"hierarchy\"><a href=\"http://hl7.org/fhir/R4/formats.html#table\" title=\"Minimum and Maximum # of times the the element can appear in the instance\">Card.</a></th><th style=\"width: 100px\" class=\"hierarchy\"><a href=\"http://hl7.org/fhir/R4/formats.html#table\" title=\"Reference to the type of the element\">Type</a></th><th style=\"vertical-align: top; text-align : left; background-color: white; border: 0px #F0F0F0 solid; padding:0px 4px 0px 4px\" class=\"hierarchy\"><a href=\"http://hl7.org/fhir/R4/formats.html#table\" title=\"Additional information about the element\">Description &amp; Constraints</a><span style=\"float: right\"><a href=\"http://hl7.org/fhir/R4/formats.html#table\" title=\"Legend for this format\"><img src=\"http://hl7.org/fhir/R4/help16.png\" alt=\"doco\" style=\"background-color: inherit\"/></a></span></th></tr><tr style=\"border: 0px #F0F0F0 solid; padding:0px; vertical-align: top; background-color: white;\"><td style=\"vertical-align: top; text-align : left; background-color: white; border: 0px #F0F0F0 solid; padding:0px 4px 0px 4px; white-space: nowrap; background-image: url(tbl_bck1.png)\" class=\"hierarchy\"><img src=\"tbl_spacer.png\" alt=\".\" style=\"background-color: inherit\" class=\"hierarchy\"/><img src=\"icon_element.gif\" alt=\".\" style=\"background-color: white; background-color: inherit\" title=\"Element\" class=\"hierarchy\"/> <a href=\"{{[type]}}-{{[id]}}-definitions.html#Observation\" title=\"null\">Observation</a><a name=\"Observation\"> </a></td><td style=\"vertical-align: top; text-align : left; background-color: white; border: 0px #F0F0F0 solid; padding:0px 4px 0px 4px\" class=\"hierarchy\"/><td style=\"vertical-align: top; text-align : left; background-color: white; border: 0px #F0F0F0 solid; padding:0px 4px 0px 4px\" class=\"hierarchy\"><span style=\"opacity: 0.4\">1</span><span style=\"opacity: 0.5\">..</span><span style=\"opacity: 0.4\">1</span></td><td style=\"vertical-align: top; text-align : left; background-color: white; border: 0px #F0F0F0 solid; padding:0px 4px 0px 4px\" class=\"hierarchy\"/><td style=\"vertical-align: top; text-align : left; background-color: white; border: 0px #F0F0F0 solid; padding:0px 4px 0px 4px\" class=\"hierarchy\"/></tr>\r\n<tr style=\"border: 0px #F0F0F0 solid; padding:0px; vertical-align: top; background-color: #F7F7F7;\"><td style=\"vertical-align: top; text-align : left; background-color: #F7F7F7; border: 0px #F0F0F0 solid; padding:0px 4px 0px 4px; white-space: nowrap; background-image: url(tbl_bck10.png)\" class=\"hierarchy\"><img src=\"tbl_spacer.png\" alt=\".\" style=\"background-color: inherit\" class=\"hierarchy\"/><img src=\"tbl_vjoin.png\" alt=\".\" style=\"background-color: inherit\" class=\"hierarchy\"/><img src=\"icon_element.gif\" alt=\".\" style=\"background-color: #F7F7F7; background-color: inherit\" title=\"Element\" class=\"hierarchy\"/> <a href=\"{{[type]}}-{{[id]}}-definitions.html#Observation.classCode\" title=\"SHALL contain exactly one [1..1] @classCode=&quot;OBS&quot; (CodeSystem: HL7ActClass urn:oid:2.16.840.1.113883.5.6) (CONF:1098-30949).\">classCode</a><a name=\"Observation.classCode\"> </a></td><td style=\"vertical-align: top; text-align : left; background-color: #F7F7F7; border: 0px #F0F0F0 solid; padding:0px 4px 0px 4px\" class=\"hierarchy\"/><td style=\"vertical-align: top; text-align : left; background-color: #F7F7F7; border: 0px #F0F0F0 solid; padding:0px 4px 0px 4px\" class=\"hierarchy\">1..1</td><td style=\"vertical-align: top; text-align : left; background-color: #F7F7F7; border: 0px #F0F0F0 solid; padding:0px 4px 0px 4px\" class=\"hierarchy\"><a style=\"opacity: 0.4\" href=\"http://hl7.org/fhir/R4/datatypes.html#code\">code</a></td><td style=\"vertical-align: top; text-align : left; background-color: #F7F7F7; border: 0px #F0F0F0 solid; padding:0px 4px 0px 4px\" class=\"hierarchy\">classCode<br/><span style=\"font-weight:bold\">Required Pattern: </span><span style=\"color: darkgreen\">OBS</span></td></tr>\r\n<tr style=\"border: 0px #F0F0F0 solid; padding:0px; vertical-align: top; background-color: white;\"><td style=\"vertical-align: top; text-align : left; background-color: white; border: 0px #F0F0F0 solid; padding:0px 4px 0px 4px; white-space: nowrap; background-image: url(tbl_bck10.png)\" class=\"hierarchy\"><img src=\"tbl_spacer.png\" alt=\".\" style=\"background-color: inherit\" class=\"hierarchy\"/><img src=\"tbl_vjoin.png\" alt=\".\" style=\"background-color: inherit\" class=\"hierarchy\"/><img src=\"icon_element.gif\" alt=\".\" style=\"background-color: white; background-color: inherit\" title=\"Element\" class=\"hierarchy\"/> <a href=\"{{[type]}}-{{[id]}}-definitions.html#Observation.moodCode\" title=\"SHALL contain exactly one [1..1] @moodCode=&quot;EVN&quot; (CodeSystem: HL7ActMood urn:oid:2.16.840.1.113883.5.1001) (CONF:1098-30950).\">moodCode</a><a name=\"Observation.moodCode\"> </a></td><td style=\"vertical-align: top; text-align : left; background-color: white; border: 0px #F0F0F0 solid; padding:0px 4px 0px 4px\" class=\"hierarchy\"/><td style=\"vertical-align: top; text-align : left; background-color: white; border: 0px #F0F0F0 solid; padding:0px 4px 0px 4px\" class=\"hierarchy\">1..1</td><td style=\"vertical-align: top; text-align : left; background-color: white; border: 0px #F0F0F0 solid; padding:0px 4px 0px 4px\" class=\"hierarchy\"><a style=\"opacity: 0.4\" href=\"http://hl7.org/fhir/R4/datatypes.html#code\">code</a></td><td style=\"vertical-align: top; text-align : left; background-color: white; border: 0px #F0F0F0 solid; padding:0px 4px 0px 4px\" class=\"hierarchy\">moodCode<br/><span style=\"font-weight:bold\">Required Pattern: </span><span style=\"color: darkgreen\">EVN</span></td></tr>\r\n<tr style=\"border: 0px #F0F0F0 solid; padding:0px; vertical-align: top; background-color: #F7F7F7;\"><td style=\"vertical-align: top; text-align : left; background-color: #F7F7F7; border: 0px #F0F0F0 solid; padding:0px 4px 0px 4px; white-space: nowrap; background-image: url(tbl_bck13.png)\" class=\"hierarchy\"><img src=\"tbl_spacer.png\" alt=\".\" style=\"background-color: inherit\" class=\"hierarchy\"/><img src=\"tbl_vjoin.png\" alt=\".\" style=\"background-color: inherit\" class=\"hierarchy\"/><img src=\"icon_slice.png\" alt=\".\" style=\"background-color: #F7F7F7; background-color: inherit\" title=\"Slice Definition\" class=\"hierarchy\"/> <a style=\"font-style: italic\" href=\"{{[type]}}-{{[id]}}-definitions.html#Observation.templateId\" title=\"SHALL contain exactly one [1..1] templateId (CONF:1098-30951) such that it\">templateId</a><a name=\"Observation.templateId\"> </a></td><td style=\"vertical-align: top; text-align : left; background-color: #F7F7F7; border: 0px #F0F0F0 solid; padding:0px 4px 0px 4px\" class=\"hierarchy\"/><td style=\"vertical-align: top; text-align : left; background-color: #F7F7F7; border: 0px #F0F0F0 solid; padding:0px 4px 0px 4px\" class=\"hierarchy\"><span style=\"font-style: italic\"/><span style=\"opacity: 0.4; font-style: italic\">0</span><span style=\"opacity: 0.5; font-style: italic\">..</span><span style=\"opacity: 0.4; font-style: italic\">*</span></td><td style=\"vertical-align: top; text-align : left; background-color: #F7F7F7; border: 0px #F0F0F0 solid; padding:0px 4px 0px 4px\" class=\"hierarchy\"><a style=\"font-style: italic\" href=\"http://hl7.org/fhir/R4/profiling.html#slicing\">(Slice Definition)</a></td><td style=\"vertical-align: top; text-align : left; background-color: #F7F7F7; border: 0px #F0F0F0 solid; padding:0px 4px 0px 4px\" class=\"hierarchy\"><span style=\"font-weight:bold; font-style: italic\">Slice: </span><span style=\"font-style: italic\">Unordered, Open by value:root</span></td></tr>\r\n<tr style=\"border: 0px #F0F0F0 solid; padding:0px; vertical-align: top; background-color: white;\"><td style=\"vertical-align: top; text-align : left; background-color: white; border: 0px #F0F0F0 solid; padding:0px 4px 0px 4px; white-space: nowrap; background-image: url(tbl_bck125.png)\" class=\"hierarchy\"><img src=\"tbl_spacer.png\" alt=\".\" style=\"background-color: inherit\" class=\"hierarchy\"/><img src=\"tbl_vline.png\" alt=\".\" style=\"background-color: inherit\" class=\"hierarchy\"/><img src=\"tbl_vjoin_end_slicer.png\" alt=\".\" style=\"background-color: inherit\" class=\"hierarchy\"/><img src=\"icon_slice_item.png\" alt=\".\" style=\"background-color: white; background-color: inherit\" title=\"Slice Item\" class=\"hierarchy\"/> <a href=\"{{[type]}}-{{[id]}}-definitions.html#Observation.templateId:templateId1\" title=\"Slice templateId1: SHALL contain exactly one [1..1] templateId (CONF:1098-30951) such that it\">templateId:templateId1</a><a name=\"Observation.templateId\"> </a></td><td style=\"vertical-align: top; text-align : left; background-color: white; border: 0px #F0F0F0 solid; padding:0px 4px 0px 4px\" class=\"hierarchy\"/><td style=\"vertical-align: top; text-align : left; background-color: white; border: 0px #F0F0F0 solid; padding:0px 4px 0px 4px\" class=\"hierarchy\">1..1</td><td style=\"vertical-align: top; text-align : left; background-color: white; border: 0px #F0F0F0 solid; padding:0px 4px 0px 4px\" class=\"hierarchy\"><a style=\"opacity: 0.4\" href=\"file://C:\\Users\\sean.mcilvenna\\Code\\cda-core-2.0\\output/{{[type]}}-II.html\">http://hl7.org/fhir/cda/StructureDefinition/II</a></td><td style=\"vertical-align: top; text-align : left; background-color: white; border: 0px #F0F0F0 solid; padding:0px 4px 0px 4px\" class=\"hierarchy\">templateId</td></tr>\r\n<tr style=\"border: 0px #F0F0F0 solid; padding:0px; vertical-align: top; background-color: #F7F7F7;\"><td style=\"vertical-align: top; text-align : left; background-color: #F7F7F7; border: 0px #F0F0F0 solid; padding:0px 4px 0px 4px; white-space: nowrap; background-image: url(tbl_bck1244.png)\" class=\"hierarchy\"><img src=\"tbl_spacer.png\" alt=\".\" style=\"background-color: inherit\" class=\"hierarchy\"/><img src=\"tbl_vline.png\" alt=\".\" style=\"background-color: inherit\" class=\"hierarchy\"/><img src=\"tbl_blank.png\" alt=\".\" style=\"background-color: inherit\" class=\"hierarchy\"/><img src=\"tbl_vjoin_end_slice.png\" alt=\".\" style=\"background-color: inherit\" class=\"hierarchy\"/><img src=\"icon_slice_item.png\" alt=\".\" style=\"background-color: #F7F7F7; background-color: inherit\" title=\"Slice Item\" class=\"hierarchy\"/> <a href=\"{{[type]}}-{{[id]}}-definitions.html#Observation.templateId:templateId1.root:templateId1\" title=\"Slice templateId1: SHALL contain exactly one [1..1] @root=&quot;2.16.840.1.113883.10.20.22.4.143&quot; (CONF:1098-30952).\">root:templateId1</a><a name=\"Observation.templateId.root\"> </a></td><td style=\"vertical-align: top; text-align : left; background-color: #F7F7F7; border: 0px #F0F0F0 solid; padding:0px 4px 0px 4px\" class=\"hierarchy\"/><td style=\"vertical-align: top; text-align : left; background-color: #F7F7F7; border: 0px #F0F0F0 solid; padding:0px 4px 0px 4px\" class=\"hierarchy\">1..1</td><td style=\"vertical-align: top; text-align : left; background-color: #F7F7F7; border: 0px #F0F0F0 solid; padding:0px 4px 0px 4px\" class=\"hierarchy\"/><td style=\"vertical-align: top; text-align : left; background-color: #F7F7F7; border: 0px #F0F0F0 solid; padding:0px 4px 0px 4px\" class=\"hierarchy\">root<br/><span style=\"font-weight:bold\">Required Pattern: </span><span style=\"color: darkgreen\">2.16.840.1.113883.10.20.22.4.143</span></td></tr>\r\n<tr style=\"border: 0px #F0F0F0 solid; padding:0px; vertical-align: top; background-color: white;\"><td style=\"vertical-align: top; text-align : left; background-color: white; border: 0px #F0F0F0 solid; padding:0px 4px 0px 4px; white-space: nowrap; background-image: url(tbl_bck10.png)\" class=\"hierarchy\"><img src=\"tbl_spacer.png\" alt=\".\" style=\"background-color: inherit\" class=\"hierarchy\"/><img src=\"tbl_vjoin.png\" alt=\".\" style=\"background-color: inherit\" class=\"hierarchy\"/><img src=\"icon_element.gif\" alt=\".\" style=\"background-color: white; background-color: inherit\" title=\"Element\" class=\"hierarchy\"/> <a href=\"{{[type]}}-{{[id]}}-definitions.html#Observation.id\" title=\"SHALL contain at least one [1..*] id (CONF:1098-30953).\">id</a><a name=\"Observation.id\"> </a></td><td style=\"vertical-align: top; text-align : left; background-color: white; border: 0px #F0F0F0 solid; padding:0px 4px 0px 4px\" class=\"hierarchy\"/><td style=\"vertical-align: top; text-align : left; background-color: white; border: 0px #F0F0F0 solid; padding:0px 4px 0px 4px\" class=\"hierarchy\">1..*</td><td style=\"vertical-align: top; text-align : left; background-color: white; border: 0px #F0F0F0 solid; padding:0px 4px 0px 4px\" class=\"hierarchy\"><a style=\"opacity: 0.4\" href=\"file://C:\\Users\\sean.mcilvenna\\Code\\cda-core-2.0\\output/{{[type]}}-II.html\">http://hl7.org/fhir/cda/StructureDefinition/II</a></td><td style=\"vertical-align: top; text-align : left; background-color: white; border: 0px #F0F0F0 solid; padding:0px 4px 0px 4px\" class=\"hierarchy\">id<br/></td></tr>\r\n<tr style=\"border: 0px #F0F0F0 solid; padding:0px; vertical-align: top; background-color: #F7F7F7;\"><td style=\"vertical-align: top; text-align : left; background-color: #F7F7F7; border: 0px #F0F0F0 solid; padding:0px 4px 0px 4px; white-space: nowrap; background-image: url(tbl_bck11.png)\" class=\"hierarchy\"><img src=\"tbl_spacer.png\" alt=\".\" style=\"background-color: inherit\" class=\"hierarchy\"/><img src=\"tbl_vjoin.png\" alt=\".\" style=\"background-color: inherit\" class=\"hierarchy\"/><img src=\"icon_element.gif\" alt=\".\" style=\"background-color: #F7F7F7; background-color: inherit\" title=\"Element\" class=\"hierarchy\"/> <a href=\"{{[type]}}-{{[id]}}-definitions.html#Observation.code\" title=\"SHALL contain exactly one [1..1] code (CONF:1098-30954).\">code</a><a name=\"Observation.code\"> </a></td><td style=\"vertical-align: top; text-align : left; background-color: #F7F7F7; border: 0px #F0F0F0 solid; padding:0px 4px 0px 4px\" class=\"hierarchy\"/><td style=\"vertical-align: top; text-align : left; background-color: #F7F7F7; border: 0px #F0F0F0 solid; padding:0px 4px 0px 4px\" class=\"hierarchy\">1..1</td><td style=\"vertical-align: top; text-align : left; background-color: #F7F7F7; border: 0px #F0F0F0 solid; padding:0px 4px 0px 4px\" class=\"hierarchy\"><a style=\"opacity: 0.4\" href=\"file://C:\\Users\\sean.mcilvenna\\Code\\cda-core-2.0\\output/{{[type]}}-CD.html\">http://hl7.org/fhir/cda/StructureDefinition/CD</a></td><td style=\"vertical-align: top; text-align : left; background-color: #F7F7F7; border: 0px #F0F0F0 solid; padding:0px 4px 0px 4px\" class=\"hierarchy\">code</td></tr>\r\n<tr style=\"border: 0px #F0F0F0 solid; padding:0px; vertical-align: top; background-color: white;\"><td style=\"vertical-align: top; text-align : left; background-color: white; border: 0px #F0F0F0 solid; padding:0px 4px 0px 4px; white-space: nowrap; background-image: url(tbl_bck110.png)\" class=\"hierarchy\"><img src=\"tbl_spacer.png\" alt=\".\" style=\"background-color: inherit\" class=\"hierarchy\"/><img src=\"tbl_vline.png\" alt=\".\" style=\"background-color: inherit\" class=\"hierarchy\"/><img src=\"tbl_vjoin.png\" alt=\".\" style=\"background-color: inherit\" class=\"hierarchy\"/><img src=\"icon_element.gif\" alt=\".\" style=\"background-color: white; background-color: inherit\" title=\"Element\" class=\"hierarchy\"/> <a href=\"{{[type]}}-{{[id]}}-definitions.html#Observation.code.code\" title=\"This code SHALL contain exactly one [1..1] @code=&quot;225773000&quot; Preference (CONF:1098-30955).\">code</a><a name=\"Observation.code.code\"> </a></td><td style=\"vertical-align: top; text-align : left; background-color: white; border: 0px #F0F0F0 solid; padding:0px 4px 0px 4px\" class=\"hierarchy\"/><td style=\"vertical-align: top; text-align : left; background-color: white; border: 0px #F0F0F0 solid; padding:0px 4px 0px 4px\" class=\"hierarchy\">1..1</td><td style=\"vertical-align: top; text-align : left; background-color: white; border: 0px #F0F0F0 solid; padding:0px 4px 0px 4px\" class=\"hierarchy\"/><td style=\"vertical-align: top; text-align : left; background-color: white; border: 0px #F0F0F0 solid; padding:0px 4px 0px 4px\" class=\"hierarchy\">code<br/><span style=\"font-weight:bold\">Required Pattern: </span><span style=\"color: darkgreen\">225773000</span></td></tr>\r\n<tr style=\"border: 0px #F0F0F0 solid; padding:0px; vertical-align: top; background-color: #F7F7F7;\"><td style=\"vertical-align: top; text-align : left; background-color: #F7F7F7; border: 0px #F0F0F0 solid; padding:0px 4px 0px 4px; white-space: nowrap; background-image: url(tbl_bck100.png)\" class=\"hierarchy\"><img src=\"tbl_spacer.png\" alt=\".\" style=\"background-color: inherit\" class=\"hierarchy\"/><img src=\"tbl_vline.png\" alt=\".\" style=\"background-color: inherit\" class=\"hierarchy\"/><img src=\"tbl_vjoin_end.png\" alt=\".\" style=\"background-color: inherit\" class=\"hierarchy\"/><img src=\"icon_element.gif\" alt=\".\" style=\"background-color: #F7F7F7; background-color: inherit\" title=\"Element\" class=\"hierarchy\"/> <a href=\"{{[type]}}-{{[id]}}-definitions.html#Observation.code.codeSystem\" title=\"This code SHALL contain exactly one [1..1] @codeSystem=&quot;2.16.840.1.113883.6.96&quot; (CodeSystem: SNOMED CT urn:oid:2.16.840.1.113883.6.96) (CONF:1098-30956).\">codeSystem</a><a name=\"Observation.code.codeSystem\"> </a></td><td style=\"vertical-align: top; text-align : left; background-color: #F7F7F7; border: 0px #F0F0F0 solid; padding:0px 4px 0px 4px\" class=\"hierarchy\"/><td style=\"vertical-align: top; text-align : left; background-color: #F7F7F7; border: 0px #F0F0F0 solid; padding:0px 4px 0px 4px\" class=\"hierarchy\">1..1</td><td style=\"vertical-align: top; text-align : left; background-color: #F7F7F7; border: 0px #F0F0F0 solid; padding:0px 4px 0px 4px\" class=\"hierarchy\"/><td style=\"vertical-align: top; text-align : left; background-color: #F7F7F7; border: 0px #F0F0F0 solid; padding:0px 4px 0px 4px\" class=\"hierarchy\">codeSystem<br/><span style=\"font-weight:bold\">Required Pattern: </span><span style=\"color: darkgreen\">2.16.840.1.113883.6.96</span></td></tr>\r\n<tr style=\"border: 0px #F0F0F0 solid; padding:0px; vertical-align: top; background-color: white;\"><td style=\"vertical-align: top; text-align : left; background-color: white; border: 0px #F0F0F0 solid; padding:0px 4px 0px 4px; white-space: nowrap; background-image: url(tbl_bck10.png)\" class=\"hierarchy\"><img src=\"tbl_spacer.png\" alt=\".\" style=\"background-color: inherit\" class=\"hierarchy\"/><img src=\"tbl_vjoin.png\" alt=\".\" style=\"background-color: inherit\" class=\"hierarchy\"/><img src=\"icon_element.gif\" alt=\".\" style=\"background-color: white; background-color: inherit\" title=\"Element\" class=\"hierarchy\"/> <a href=\"{{[type]}}-{{[id]}}-definitions.html#Observation.effectiveTime\" title=\"SHOULD contain zero or one [0..1] effectiveTime (CONF:1098-32327).\">effectiveTime</a><a name=\"Observation.effectiveTime\"> </a></td><td style=\"vertical-align: top; text-align : left; background-color: white; border: 0px #F0F0F0 solid; padding:0px 4px 0px 4px\" class=\"hierarchy\"/><td style=\"vertical-align: top; text-align : left; background-color: white; border: 0px #F0F0F0 solid; padding:0px 4px 0px 4px\" class=\"hierarchy\">0..1</td><td style=\"vertical-align: top; text-align : left; background-color: white; border: 0px #F0F0F0 solid; padding:0px 4px 0px 4px\" class=\"hierarchy\"><a style=\"opacity: 0.4\" href=\"file://C:\\Users\\sean.mcilvenna\\Code\\cda-core-2.0\\output/{{[type]}}-IVL-TS.html\">http://hl7.org/fhir/cda/StructureDefinition/IVL-TS</a></td><td style=\"vertical-align: top; text-align : left; background-color: white; border: 0px #F0F0F0 solid; padding:0px 4px 0px 4px\" class=\"hierarchy\">effectiveTime</td></tr>\r\n<tr style=\"border: 0px #F0F0F0 solid; padding:0px; vertical-align: top; background-color: #F7F7F7;\"><td style=\"vertical-align: top; text-align : left; background-color: #F7F7F7; border: 0px #F0F0F0 solid; padding:0px 4px 0px 4px; white-space: nowrap; background-image: url(tbl_bck10.png)\" class=\"hierarchy\"><img src=\"tbl_spacer.png\" alt=\".\" style=\"background-color: inherit\" class=\"hierarchy\"/><img src=\"tbl_vjoin.png\" alt=\".\" style=\"background-color: inherit\" class=\"hierarchy\"/><img src=\"icon_element.gif\" alt=\".\" style=\"background-color: #F7F7F7; background-color: inherit\" title=\"Element\" class=\"hierarchy\"/> <a href=\"{{[type]}}-{{[id]}}-definitions.html#Observation.value\" title=\"SHALL contain exactly one [1..1] value with @xsi:type=&quot;CD&quot;, where the code SHALL be selected from ValueSet Priority Level urn:oid:2.16.840.1.113883.11.20.9.60 DYNAMIC (CONF:1098-30957).\">value</a><a name=\"Observation.value\"> </a></td><td style=\"vertical-align: top; text-align : left; background-color: #F7F7F7; border: 0px #F0F0F0 solid; padding:0px 4px 0px 4px\" class=\"hierarchy\"/><td style=\"vertical-align: top; text-align : left; background-color: #F7F7F7; border: 0px #F0F0F0 solid; padding:0px 4px 0px 4px\" class=\"hierarchy\">1..1</td><td style=\"vertical-align: top; text-align : left; background-color: #F7F7F7; border: 0px #F0F0F0 solid; padding:0px 4px 0px 4px\" class=\"hierarchy\"><a style=\"opacity: 0.4\" href=\"file://C:\\Users\\sean.mcilvenna\\Code\\cda-core-2.0\\output/{{[type]}}-BL.html\">http://hl7.org/fhir/cda/StructureDefinition/BL</a><span style=\"opacity: 0.4\">, </span><a style=\"opacity: 0.4\" href=\"file://C:\\Users\\sean.mcilvenna\\Code\\cda-core-2.0\\output/{{[type]}}-ED.html\">http://hl7.org/fhir/cda/StructureDefinition/ED</a><span style=\"opacity: 0.4\">, </span><span style=\"opacity: 0.4\">http://hl7.org/fhir/cda/StructureDefinition/ST</span><span style=\"opacity: 0.4\">, </span><a style=\"opacity: 0.4\" href=\"file://C:\\Users\\sean.mcilvenna\\Code\\cda-core-2.0\\output/{{[type]}}-CD.html\">http://hl7.org/fhir/cda/StructureDefinition/CD</a><span style=\"opacity: 0.4\">, </span><a style=\"opacity: 0.4\" href=\"file://C:\\Users\\sean.mcilvenna\\Code\\cda-core-2.0\\output/{{[type]}}-CV.html\">http://hl7.org/fhir/cda/StructureDefinition/CV</a><span style=\"opacity: 0.4\">, </span><a style=\"opacity: 0.4\" href=\"file://C:\\Users\\sean.mcilvenna\\Code\\cda-core-2.0\\output/{{[type]}}-CE.html\">http://hl7.org/fhir/cda/StructureDefinition/CE</a><span style=\"opacity: 0.4\">, </span><a style=\"opacity: 0.4\" href=\"file://C:\\Users\\sean.mcilvenna\\Code\\cda-core-2.0\\output/{{[type]}}-SC.html\">http://hl7.org/fhir/cda/StructureDefinition/SC</a><span style=\"opacity: 0.4\">, </span><a style=\"opacity: 0.4\" href=\"file://C:\\Users\\sean.mcilvenna\\Code\\cda-core-2.0\\output/{{[type]}}-II.html\">http://hl7.org/fhir/cda/StructureDefinition/II</a><span style=\"opacity: 0.4\">, </span><a style=\"opacity: 0.4\" href=\"file://C:\\Users\\sean.mcilvenna\\Code\\cda-core-2.0\\output/{{[type]}}-TEL.html\">http://hl7.org/fhir/cda/StructureDefinition/TEL</a><span style=\"opacity: 0.4\">, </span><a style=\"opacity: 0.4\" href=\"file://C:\\Users\\sean.mcilvenna\\Code\\cda-core-2.0\\output/{{[type]}}-AD.html\">http://hl7.org/fhir/cda/StructureDefinition/AD</a><span style=\"opacity: 0.4\">, </span><a style=\"opacity: 0.4\" href=\"file://C:\\Users\\sean.mcilvenna\\Code\\cda-core-2.0\\output/{{[type]}}-EN.html\">http://hl7.org/fhir/cda/StructureDefinition/EN</a><span style=\"opacity: 0.4\">, </span><a style=\"opacity: 0.4\" href=\"file://C:\\Users\\sean.mcilvenna\\Code\\cda-core-2.0\\output/{{[type]}}-INT.html\">http://hl7.org/fhir/cda/StructureDefinition/INT</a><span style=\"opacity: 0.4\">, </span><a style=\"opacity: 0.4\" href=\"file://C:\\Users\\sean.mcilvenna\\Code\\cda-core-2.0\\output/{{[type]}}-REAL.html\">http://hl7.org/fhir/cda/StructureDefinition/REAL</a><span style=\"opacity: 0.4\">, </span><a style=\"opacity: 0.4\" href=\"file://C:\\Users\\sean.mcilvenna\\Code\\cda-core-2.0\\output/{{[type]}}-PQ.html\">http://hl7.org/fhir/cda/StructureDefinition/PQ</a><span style=\"opacity: 0.4\">, </span><a style=\"opacity: 0.4\" href=\"file://C:\\Users\\sean.mcilvenna\\Code\\cda-core-2.0\\output/{{[type]}}-MO.html\">http://hl7.org/fhir/cda/StructureDefinition/MO</a><span style=\"opacity: 0.4\">, </span><a style=\"opacity: 0.4\" href=\"file://C:\\Users\\sean.mcilvenna\\Code\\cda-core-2.0\\output/{{[type]}}-TS.html\">http://hl7.org/fhir/cda/StructureDefinition/TS</a><span style=\"opacity: 0.4\">, </span><a style=\"opacity: 0.4\" href=\"file://C:\\Users\\sean.mcilvenna\\Code\\cda-core-2.0\\output/{{[type]}}-IVL-PQ.html\">http://hl7.org/fhir/cda/StructureDefinition/IVL-PQ</a><span style=\"opacity: 0.4\">, </span><a style=\"opacity: 0.4\" href=\"file://C:\\Users\\sean.mcilvenna\\Code\\cda-core-2.0\\output/{{[type]}}-IVL-TS.html\">http://hl7.org/fhir/cda/StructureDefinition/IVL-TS</a><span style=\"opacity: 0.4\">, </span><a style=\"opacity: 0.4\" href=\"file://C:\\Users\\sean.mcilvenna\\Code\\cda-core-2.0\\output/{{[type]}}-PIVL-TS.html\">http://hl7.org/fhir/cda/StructureDefinition/PIVL-TS</a><span style=\"opacity: 0.4\">, </span><a style=\"opacity: 0.4\" href=\"file://C:\\Users\\sean.mcilvenna\\Code\\cda-core-2.0\\output/{{[type]}}-EIVL-TS.html\">http://hl7.org/fhir/cda/StructureDefinition/EIVL-TS</a><span style=\"opacity: 0.4\">, </span><a style=\"opacity: 0.4\" href=\"file://C:\\Users\\sean.mcilvenna\\Code\\cda-core-2.0\\output/{{[type]}}-SXPR-TS.html\">http://hl7.org/fhir/cda/StructureDefinition/SXPR-TS</a><span style=\"opacity: 0.4\">, </span><a style=\"opacity: 0.4\" href=\"file://C:\\Users\\sean.mcilvenna\\Code\\cda-core-2.0\\output/{{[type]}}-RTO-PQ-PQ.html\">http://hl7.org/fhir/cda/StructureDefinition/RTO-PQ-PQ</a></td><td style=\"vertical-align: top; text-align : left; background-color: #F7F7F7; border: 0px #F0F0F0 solid; padding:0px 4px 0px 4px\" class=\"hierarchy\">value<br/><span style=\"font-weight:bold\">Binding: </span><a href=\"https://cts.nlm.nih.gov/fhir/ValueSet/2.16.840.1.113883.11.20.9.60\">https://cts.nlm.nih.gov/fhir/ValueSet/2.16.840.1.113883.11.20.9.60</a> (<a href=\"http://hl7.org/fhir/R4/terminologies.html#required\" title=\"To be conformant, the concept in this element SHALL be from the specified value set.\">required</a>)</td></tr>\r\n<tr style=\"border: 0px #F0F0F0 solid; padding:0px; vertical-align: top; background-color: white;\"><td style=\"vertical-align: top; text-align : left; background-color: white; border: 0px #F0F0F0 solid; padding:0px 4px 0px 4px; white-space: nowrap; background-image: url(tbl_bck00.png)\" class=\"hierarchy\"><img src=\"tbl_spacer.png\" alt=\".\" style=\"background-color: inherit\" class=\"hierarchy\"/><img src=\"tbl_vjoin_end.png\" alt=\".\" style=\"background-color: inherit\" class=\"hierarchy\"/><img src=\"icon_resource.png\" alt=\".\" style=\"background-color: white; background-color: inherit\" title=\"Resource\" class=\"hierarchy\"/> <a href=\"{{[type]}}-{{[id]}}-definitions.html#Observation.author\" title=\"SHOULD contain zero or more [0..*] Author Participation (identifier: urn:oid:2.16.840.1.113883.10.20.22.4.119) (CONF:1098-30958).\">author</a><a name=\"Observation.author\"> </a></td><td style=\"vertical-align: top; text-align : left; background-color: white; border: 0px #F0F0F0 solid; padding:0px 4px 0px 4px\" class=\"hierarchy\"/><td style=\"vertical-align: top; text-align : left; background-color: white; border: 0px #F0F0F0 solid; padding:0px 4px 0px 4px\" class=\"hierarchy\">0..*</td><td style=\"vertical-align: top; text-align : left; background-color: white; border: 0px #F0F0F0 solid; padding:0px 4px 0px 4px\" class=\"hierarchy\"><a href=\"StructureDefinition-2.16.840.1.113883.10.20.22.4.119.html\" title=\"http://hl7.org/fhir/cda/StructureDefinition/Author\">AuthorParticipation</a></td><td style=\"vertical-align: top; text-align : left; background-color: white; border: 0px #F0F0F0 solid; padding:0px 4px 0px 4px\" class=\"hierarchy\">author<br/></td></tr>\r\n<tr><td colspan=\"5\" class=\"hierarchy\"><br/><a href=\"http://hl7.org/fhir/R4/formats.html#table\" title=\"Legend for this format\"><img src=\"http://hl7.org/fhir/R4/help16.png\" alt=\"doco\" style=\"background-color: inherit\"/> Documentation for this format</a></td></tr></table></div>"
  },
  "url": "http://hl7.org/fhir/cda/ccda/StructureDefinition/2.16.840.1.113883.10.20.22.4.143",
  "identifier": [
    {
      "value": "urn:oid:2.16.840.1.113883.10.20.22.4.143"
    }
  ],
  "version": "2.1.0",
  "name": "PriorityPreference",
  "title": "Priority Preference",
  "status": "active",
  "date": "2020-01-09T08:23:11-08:00",
  "publisher": "Health Level 7",
  "description": "This template represents priority preferences chosen by a patient or a care provider. Priority preferences are choices made by care providers or patients or both relative to options for care or treatment (including scheduling, care experience, and meeting of personal health goals), the sharing and disclosure of health information, and the prioritization of concerns and problems.",
  "fhirVersion": "4.0.1",
  "kind": "resource",
  "abstract": false,
  "type": "Observation",
  "baseDefinition": "http://hl7.org/fhir/cda/StructureDefinition/Observation",
  "derivation": "constraint",
  "snapshot": {
    "element": [
      {
        "id": "Observation",
        "path": "Observation",
        "min": 1,
        "max": "1",
        "base": {
          "path": "Base",
          "min": 0,
          "max": "*"
        },
        "isModifier": false
      },
      {
        "id": "Observation.classCode",
        "path": "Observation.classCode",
        "representation": [
          "xmlAttr"
        ],
        "short": "classCode",
        "definition": "SHALL contain exactly one [1..1] @classCode=\"OBS\" (CodeSystem: HL7ActClass urn:oid:2.16.840.1.113883.5.6) (CONF:1098-30949).",
        "min": 1,
        "max": "1",
        "base": {
          "path": "Observation.classCode",
          "min": 1,
          "max": "1"
        },
        "type": [
          {
            "code": "code"
          }
        ],
        "patternString": "OBS",
        "binding": {
          "strength": "required",
          "valueSet": "http://terminology.hl7.org/ValueSet/v3-ActClassObservation"
        }
      },
      {
        "id": "Observation.moodCode",
        "path": "Observation.moodCode",
        "representation": [
          "xmlAttr"
        ],
        "short": "moodCode",
        "definition": "SHALL contain exactly one [1..1] @moodCode=\"EVN\" (CodeSystem: HL7ActMood urn:oid:2.16.840.1.113883.5.1001) (CONF:1098-30950).",
        "min": 1,
        "max": "1",
        "base": {
          "path": "Observation.moodCode",
          "min": 1,
          "max": "1"
        },
        "type": [
          {
            "code": "code"
          }
        ],
        "patternString": "EVN"
      },
      {
        "id": "Observation.negationInd",
        "path": "Observation.negationInd",
        "representation": [
          "xmlAttr"
        ],
        "min": 0,
        "max": "1",
        "base": {
          "path": "Observation.negationInd",
          "min": 0,
          "max": "1"
        },
        "type": [
          {
            "code": "boolean"
          }
        ]
      },
      {
        "id": "Observation.templateId",
        "path": "Observation.templateId",
        "slicing": {
          "discriminator": [
            {
              "type": "value",
              "path": "root"
            }
          ],
          "rules": "open"
        },
        "definition": "SHALL contain exactly one [1..1] templateId (CONF:1098-30951) such that it",
        "min": 0,
        "max": "*",
        "base": {
          "path": "Observation.templateId",
          "min": 0,
          "max": "*"
        },
        "type": [
          {
            "code": "http://hl7.org/fhir/cda/StructureDefinition/II"
          }
        ]
      },
      {
        "id": "Observation.templateId:templateId1",
        "path": "Observation.templateId",
        "sliceName": "templateId1",
        "short": "templateId",
        "definition": "SHALL contain exactly one [1..1] templateId (CONF:1098-30951) such that it",
        "min": 1,
        "max": "1",
        "base": {
          "path": "Observation.templateId",
          "min": 0,
          "max": "*"
        },
        "type": [
          {
            "code": "http://hl7.org/fhir/cda/StructureDefinition/II"
          }
        ]
      },
      {
        "id": "Observation.id",
        "path": "Observation.id",
        "short": "id",
        "definition": "SHALL contain at least one [1..*] id (CONF:1098-30953).",
        "min": 1,
        "max": "*",
        "base": {
          "path": "Observation.id",
          "min": 0,
          "max": "*"
        },
        "type": [
          {
            "code": "http://hl7.org/fhir/cda/StructureDefinition/II"
          }
        ]
      },
      {
        "id": "Observation.code",
        "path": "Observation.code",
        "representation": [
          "typeAttr"
        ],
        "short": "code",
        "definition": "SHALL contain exactly one [1..1] code (CONF:1098-30954).",
        "min": 1,
        "max": "1",
        "base": {
          "path": "Observation.code",
          "min": 1,
          "max": "1"
        },
        "type": [
          {
            "code": "http://hl7.org/fhir/cda/StructureDefinition/CD"
          }
        ]
      },
      {
        "id": "Observation.derivationExpr",
        "path": "Observation.derivationExpr",
        "min": 0,
        "max": "1",
        "base": {
          "path": "Observation.derivationExpr",
          "min": 0,
          "max": "1"
        },
        "type": [
          {
            "code": "http://hl7.org/fhir/cda/StructureDefinition/ST"
          }
        ]
      },
      {
        "id": "Observation.text",
        "path": "Observation.text",
        "representation": [
          "typeAttr"
        ],
        "min": 0,
        "max": "1",
        "base": {
          "path": "Observation.text",
          "min": 0,
          "max": "1"
        },
        "type": [
          {
            "code": "http://hl7.org/fhir/cda/StructureDefinition/ED"
          }
        ]
      },
      {
        "id": "Observation.statusCode",
        "path": "Observation.statusCode",
        "min": 0,
        "max": "1",
        "base": {
          "path": "Observation.statusCode",
          "min": 0,
          "max": "1"
        },
        "type": [
          {
            "code": "http://hl7.org/fhir/cda/StructureDefinition/CS"
          }
        ],
        "binding": {
          "strength": "required",
          "valueSet": "http://terminology.hl7.org/ValueSet/v3-ActStatus"
        }
      },
      {
        "id": "Observation.effectiveTime",
        "path": "Observation.effectiveTime",
        "short": "effectiveTime",
        "definition": "SHOULD contain zero or one [0..1] effectiveTime (CONF:1098-32327).",
        "min": 0,
        "max": "1",
        "base": {
          "path": "Observation.effectiveTime",
          "min": 0,
          "max": "1"
        },
        "type": [
          {
            "code": "http://hl7.org/fhir/cda/StructureDefinition/IVL-TS"
          }
        ]
      },
      {
        "id": "Observation.priorityCode",
        "path": "Observation.priorityCode",
        "min": 0,
        "max": "1",
        "base": {
          "path": "Observation.priorityCode",
          "min": 0,
          "max": "1"
        },
        "type": [
          {
            "code": "http://hl7.org/fhir/cda/StructureDefinition/CE"
          }
        ],
        "binding": {
          "strength": "extensible",
          "valueSet": "http://terminology.hl7.org/ValueSet/v3-ActPriority"
        }
      },
      {
        "id": "Observation.repeatNumber",
        "path": "Observation.repeatNumber",
        "min": 0,
        "max": "1",
        "base": {
          "path": "Observation.repeatNumber",
          "min": 0,
          "max": "1"
        },
        "type": [
          {
            "code": "http://hl7.org/fhir/cda/StructureDefinition/IVL-INT"
          }
        ]
      },
      {
        "id": "Observation.languageCode",
        "path": "Observation.languageCode",
        "min": 0,
        "max": "1",
        "base": {
          "path": "Observation.languageCode",
          "min": 0,
          "max": "1"
        },
        "type": [
          {
            "code": "http://hl7.org/fhir/cda/StructureDefinition/CS"
          }
        ],
        "binding": {
          "strength": "required",
          "valueSet": "http://terminology.hl7.org/ValueSet/v3-HumanLanguage"
        }
      },
      {
        "id": "Observation.value",
        "path": "Observation.value",
        "representation": [
          "typeAttr"
        ],
        "short": "value",
        "definition": "SHALL contain exactly one [1..1] value with @xsi:type=\"CD\", where the code SHALL be selected from ValueSet Priority Level urn:oid:2.16.840.1.113883.11.20.9.60 DYNAMIC (CONF:1098-30957).",
        "min": 1,
        "max": "1",
        "base": {
          "path": "Observation.value",
          "min": 0,
          "max": "*"
        },
        "type": [
          {
            "code": "http://hl7.org/fhir/cda/StructureDefinition/BL"
          },
          {
            "code": "http://hl7.org/fhir/cda/StructureDefinition/ED"
          },
          {
            "code": "http://hl7.org/fhir/cda/StructureDefinition/ST"
          },
          {
            "code": "http://hl7.org/fhir/cda/StructureDefinition/CD"
          },
          {
            "code": "http://hl7.org/fhir/cda/StructureDefinition/CV"
          },
          {
            "code": "http://hl7.org/fhir/cda/StructureDefinition/CE"
          },
          {
            "code": "http://hl7.org/fhir/cda/StructureDefinition/SC"
          },
          {
            "code": "http://hl7.org/fhir/cda/StructureDefinition/II"
          },
          {
            "code": "http://hl7.org/fhir/cda/StructureDefinition/TEL"
          },
          {
            "code": "http://hl7.org/fhir/cda/StructureDefinition/AD"
          },
          {
            "code": "http://hl7.org/fhir/cda/StructureDefinition/EN"
          },
          {
            "code": "http://hl7.org/fhir/cda/StructureDefinition/INT"
          },
          {
            "code": "http://hl7.org/fhir/cda/StructureDefinition/REAL"
          },
          {
            "code": "http://hl7.org/fhir/cda/StructureDefinition/PQ"
          },
          {
            "code": "http://hl7.org/fhir/cda/StructureDefinition/MO"
          },
          {
            "code": "http://hl7.org/fhir/cda/StructureDefinition/TS"
          },
          {
            "code": "http://hl7.org/fhir/cda/StructureDefinition/IVL-PQ"
          },
          {
            "code": "http://hl7.org/fhir/cda/StructureDefinition/IVL-TS"
          },
          {
            "code": "http://hl7.org/fhir/cda/StructureDefinition/PIVL-TS"
          },
          {
            "code": "http://hl7.org/fhir/cda/StructureDefinition/EIVL-TS"
          },
          {
            "code": "http://hl7.org/fhir/cda/StructureDefinition/SXPR-TS"
          },
          {
            "code": "http://hl7.org/fhir/cda/StructureDefinition/RTO-PQ-PQ"
          }
        ]
      },
      {
        "id": "Observation.interpretationCode",
        "path": "Observation.interpretationCode",
        "min": 0,
        "max": "*",
        "base": {
          "path": "Observation.interpretationCode",
          "min": 0,
          "max": "*"
        },
        "type": [
          {
            "code": "http://hl7.org/fhir/cda/StructureDefinition/CE"
          }
        ],
        "binding": {
          "strength": "required",
          "valueSet": "http://terminology.hl7.org/ValueSet/v3-ObservationInterpretation"
        }
      },
      {
        "id": "Observation.methodCode",
        "path": "Observation.methodCode",
        "min": 0,
        "max": "*",
        "base": {
          "path": "Observation.methodCode",
          "min": 0,
          "max": "*"
        },
        "type": [
          {
            "code": "http://hl7.org/fhir/cda/StructureDefinition/CE"
          }
        ],
        "binding": {
          "strength": "extensible",
          "valueSet": "http://terminology.hl7.org/ValueSet/v3-ObservationMethod"
        }
      },
      {
        "id": "Observation.targetSiteCode",
        "path": "Observation.targetSiteCode",
        "definition": "Drawn from concept domain ActSite",
        "min": 0,
        "max": "*",
        "base": {
          "path": "Observation.targetSiteCode",
          "min": 0,
          "max": "*"
        },
        "type": [
          {
            "code": "http://hl7.org/fhir/cda/StructureDefinition/CD"
          }
        ]
      },
      {
        "id": "Observation.subject",
        "path": "Observation.subject",
        "min": 0,
        "max": "1",
        "base": {
          "path": "Observation.subject",
          "min": 0,
          "max": "1"
        },
        "type": [
          {
            "code": "Element"
          }
        ]
      },
      {
        "id": "Observation.subject.typeCode",
        "path": "Observation.subject.typeCode",
        "representation": [
          "xmlAttr"
        ],
        "min": 1,
        "max": "1",
        "base": {
          "path": "Observation.subject.typeCode",
          "min": 1,
          "max": "1"
        },
        "type": [
          {
            "code": "code"
          }
        ],
        "defaultValueCode": "SBJ",
        "fixedCode": "SBJ",
        "binding": {
          "strength": "required",
          "valueSet": "http://terminology.hl7.org/ValueSet/v3-ParticipationTargetSubject"
        }
      },
      {
        "id": "Observation.subject.contextControlCode",
        "path": "Observation.subject.contextControlCode",
        "representation": [
          "xmlAttr"
        ],
        "min": 1,
        "max": "1",
        "base": {
          "path": "Observation.subject.contextControlCode",
          "min": 1,
          "max": "1"
        },
        "type": [
          {
            "code": "code"
          }
        ],
        "defaultValueCode": "OP",
        "fixedCode": "OP",
        "binding": {
          "strength": "required",
          "valueSet": "http://terminology.hl7.org/ValueSet/v3-ContextControl"
        }
      },
      {
        "id": "Observation.subject.awarenessCode",
        "path": "Observation.subject.awarenessCode",
        "min": 0,
        "max": "1",
        "base": {
          "path": "Observation.subject.awarenessCode",
          "min": 0,
          "max": "1"
        },
        "type": [
          {
            "code": "http://hl7.org/fhir/cda/StructureDefinition/CE"
          }
        ],
        "binding": {
          "strength": "extensible",
          "valueSet": "http://terminology.hl7.org/ValueSet/v3-TargetAwareness"
        }
      },
      {
        "id": "Observation.subject.relatedSubject",
        "path": "Observation.subject.relatedSubject",
        "min": 1,
        "max": "1",
        "base": {
          "path": "Observation.subject.relatedSubject",
          "min": 1,
          "max": "1"
        },
        "type": [
          {
            "code": "http://hl7.org/fhir/cda/StructureDefinition/RelatedSubject"
          }
        ]
      },
      {
        "id": "Observation.specimen",
        "path": "Observation.specimen",
        "min": 0,
        "max": "*",
        "base": {
          "path": "Observation.specimen",
          "min": 0,
          "max": "*"
        },
        "type": [
          {
            "code": "Element"
          }
        ]
      },
      {
        "id": "Observation.specimen.typeCode",
        "path": "Observation.specimen.typeCode",
        "representation": [
          "xmlAttr"
        ],
        "min": 1,
        "max": "1",
        "base": {
          "path": "Observation.specimen.typeCode",
          "min": 1,
          "max": "1"
        },
        "type": [
          {
            "code": "code"
          }
        ],
        "defaultValueCode": "SPC",
        "fixedCode": "SPC",
        "binding": {
          "strength": "required",
          "valueSet": "http://terminology.hl7.org/ValueSet/v3-ParticipationTargetDirect"
        }
      },
      {
        "id": "Observation.specimen.specimenRole",
        "path": "Observation.specimen.specimenRole",
        "min": 1,
        "max": "1",
        "base": {
          "path": "Observation.specimen.specimenRole",
          "min": 1,
          "max": "1"
        },
        "type": [
          {
            "code": "http://hl7.org/fhir/cda/StructureDefinition/SpecimenRole"
          }
        ]
      },
      {
        "id": "Observation.performer",
        "path": "Observation.performer",
        "min": 0,
        "max": "*",
        "base": {
          "path": "Observation.performer",
          "min": 0,
          "max": "*"
        },
        "type": [
          {
            "code": "Element"
          }
        ]
      },
      {
        "id": "Observation.performer.typeCode",
        "path": "Observation.performer.typeCode",
        "representation": [
          "xmlAttr"
        ],
        "min": 1,
        "max": "1",
        "base": {
          "path": "Observation.performer.typeCode",
          "min": 1,
          "max": "1"
        },
        "type": [
          {
            "code": "code"
          }
        ],
        "defaultValueCode": "PRF",
        "fixedCode": "PRF",
        "binding": {
          "strength": "required",
          "valueSet": "http://terminology.hl7.org/ValueSet/v3-ParticipationPhysicalPerformer"
        }
      },
      {
        "id": "Observation.performer.templateId",
        "path": "Observation.performer.templateId",
        "definition": "When valued in an instance, this attribute signals the imposition of a set of template-defined constraints. The value of this attribute provides a unique identifier for the templates in question",
        "min": 0,
        "max": "*",
        "base": {
          "path": "Observation.performer.templateId",
          "min": 0,
          "max": "*"
        },
        "type": [
          {
            "code": "http://hl7.org/fhir/cda/StructureDefinition/II"
          }
        ]
      },
      {
        "id": "Observation.performer.time",
        "path": "Observation.performer.time",
        "min": 0,
        "max": "1",
        "base": {
          "path": "Observation.performer.time",
          "min": 0,
          "max": "1"
        },
        "type": [
          {
            "code": "http://hl7.org/fhir/cda/StructureDefinition/IVL-TS"
          }
        ]
      },
      {
        "id": "Observation.performer.modeCode",
        "path": "Observation.performer.modeCode",
        "min": 0,
        "max": "1",
        "base": {
          "path": "Observation.performer.modeCode",
          "min": 0,
          "max": "1"
        },
        "type": [
          {
            "code": "http://hl7.org/fhir/cda/StructureDefinition/CE"
          }
        ],
        "binding": {
          "strength": "extensible",
          "valueSet": "http://terminology.hl7.org/ValueSet/v3-ParticipationMode"
        }
      },
      {
        "id": "Observation.performer.assignedEntity",
        "path": "Observation.performer.assignedEntity",
        "min": 1,
        "max": "1",
        "base": {
          "path": "Observation.performer.assignedEntity",
          "min": 1,
          "max": "1"
        },
        "type": [
          {
            "code": "http://hl7.org/fhir/cda/StructureDefinition/AssignedEntity"
          }
        ]
      },
      {
        "id": "Observation.author",
        "path": "Observation.author",
        "short": "author",
        "definition": "SHOULD contain zero or more [0..*] Author Participation (identifier: urn:oid:2.16.840.1.113883.10.20.22.4.119) (CONF:1098-30958).",
        "min": 0,
        "max": "*",
        "base": {
          "path": "Observation.author",
          "min": 0,
          "max": "*"
        },
        "type": [
          {
            "code": "http://hl7.org/fhir/cda/StructureDefinition/Author",
            "profile": [
              "http://hl7.org/fhir/cda/ccda/StructureDefinition/2.16.840.1.113883.10.20.22.4.119"
            ]
          }
        ],
        "isModifier": false
      },
      {
        "id": "Observation.informant",
        "path": "Observation.informant",
        "min": 0,
        "max": "*",
        "base": {
          "path": "Observation.informant",
          "min": 0,
          "max": "*"
        },
        "type": [
          {
            "code": "Element"
          }
        ]
      },
      {
        "id": "Observation.informant.typeCode",
        "path": "Observation.informant.typeCode",
        "representation": [
          "xmlAttr"
        ],
        "min": 1,
        "max": "1",
        "base": {
          "path": "Observation.informant.typeCode",
          "min": 1,
          "max": "1"
        },
        "type": [
          {
            "code": "code"
          }
        ],
        "defaultValueCode": "INF",
        "fixedCode": "INF",
        "binding": {
          "strength": "required",
          "valueSet": "http://terminology.hl7.org/ValueSet/v3-ParticipationInformationGenerator"
        }
      },
      {
        "id": "Observation.informant.contextControlCode",
        "path": "Observation.informant.contextControlCode",
        "representation": [
          "xmlAttr"
        ],
        "min": 1,
        "max": "1",
        "base": {
          "path": "Observation.informant.contextControlCode",
          "min": 1,
          "max": "1"
        },
        "type": [
          {
            "code": "code"
          }
        ],
        "defaultValueCode": "OP",
        "fixedCode": "OP",
        "binding": {
          "strength": "required",
          "valueSet": "http://terminology.hl7.org/ValueSet/v3-ContextControl"
        }
      },
      {
        "id": "Observation.informant.assignedEntity",
        "path": "Observation.informant.assignedEntity",
        "min": 0,
        "max": "1",
        "base": {
          "path": "Observation.informant.assignedEntity",
          "min": 0,
          "max": "1"
        },
        "type": [
          {
            "code": "http://hl7.org/fhir/cda/StructureDefinition/AssignedEntity"
          }
        ]
      },
      {
        "id": "Observation.informant.relatedEntity",
        "path": "Observation.informant.relatedEntity",
        "min": 0,
        "max": "1",
        "base": {
          "path": "Observation.informant.relatedEntity",
          "min": 0,
          "max": "1"
        },
        "type": [
          {
            "code": "http://hl7.org/fhir/cda/StructureDefinition/RelatedEntity"
          }
        ]
      },
      {
        "id": "Observation.participant",
        "path": "Observation.participant",
        "min": 0,
        "max": "*",
        "base": {
          "path": "Observation.participant",
          "min": 0,
          "max": "*"
        },
        "type": [
          {
            "code": "Element"
          }
        ]
      },
      {
        "id": "Observation.participant.typeCode",
        "path": "Observation.participant.typeCode",
        "representation": [
          "xmlAttr"
        ],
        "min": 1,
        "max": "1",
        "base": {
          "path": "Observation.participant.typeCode",
          "min": 1,
          "max": "1"
        },
        "type": [
          {
            "code": "code"
          }
        ],
        "binding": {
          "strength": "required",
          "valueSet": "http://terminology.hl7.org/ValueSet/v3-ParticipationType"
        }
      },
      {
        "id": "Observation.participant.contextControlCode",
        "path": "Observation.participant.contextControlCode",
        "representation": [
          "xmlAttr"
        ],
        "min": 1,
        "max": "1",
        "base": {
          "path": "Observation.participant.contextControlCode",
          "min": 1,
          "max": "1"
        },
        "type": [
          {
            "code": "code"
          }
        ],
        "defaultValueCode": "OP",
        "fixedCode": "OP",
        "binding": {
          "strength": "required",
          "valueSet": "http://terminology.hl7.org/ValueSet/v3-ContextControl"
        }
      },
      {
        "id": "Observation.participant.time",
        "path": "Observation.participant.time",
        "min": 0,
        "max": "1",
        "base": {
          "path": "Observation.participant.time",
          "min": 0,
          "max": "1"
        },
        "type": [
          {
            "code": "http://hl7.org/fhir/cda/StructureDefinition/IVL-TS"
          }
        ]
      },
      {
        "id": "Observation.participant.awarenessCode",
        "path": "Observation.participant.awarenessCode",
        "min": 0,
        "max": "1",
        "base": {
          "path": "Observation.participant.awarenessCode",
          "min": 0,
          "max": "1"
        },
        "type": [
          {
            "code": "http://hl7.org/fhir/cda/StructureDefinition/CE"
          }
        ],
        "binding": {
          "strength": "extensible",
          "valueSet": "http://terminology.hl7.org/ValueSet/v3-TargetAwareness"
        }
      },
      {
        "id": "Observation.participant.participantRole",
        "path": "Observation.participant.participantRole",
        "min": 1,
        "max": "1",
        "base": {
          "path": "Observation.participant.participantRole",
          "min": 1,
          "max": "1"
        },
        "type": [
          {
            "code": "http://hl7.org/fhir/cda/StructureDefinition/ParticipantRole"
          }
        ]
      },
      {
        "id": "Observation.entryRelationship",
        "path": "Observation.entryRelationship",
        "min": 0,
        "max": "*",
        "base": {
          "path": "Observation.entryRelationship",
          "min": 0,
          "max": "*"
        },
        "type": [
          {
            "code": "Element"
          }
        ]
      },
      {
        "id": "Observation.entryRelationship.typeCode",
        "path": "Observation.entryRelationship.typeCode",
        "representation": [
          "xmlAttr"
        ],
        "min": 1,
        "max": "1",
        "base": {
          "path": "Observation.entryRelationship.typeCode",
          "min": 1,
          "max": "1"
        },
        "type": [
          {
            "code": "code"
          }
        ]
      },
      {
        "id": "Observation.entryRelationship.inversionInd",
        "path": "Observation.entryRelationship.inversionInd",
        "representation": [
          "xmlAttr"
        ],
        "min": 0,
        "max": "1",
        "base": {
          "path": "Observation.entryRelationship.inversionInd",
          "min": 0,
          "max": "1"
        },
        "type": [
          {
            "code": "boolean"
          }
        ]
      },
      {
        "id": "Observation.entryRelationship.contextConductionInd",
        "path": "Observation.entryRelationship.contextConductionInd",
        "representation": [
          "xmlAttr"
        ],
        "min": 1,
        "max": "1",
        "base": {
          "path": "Observation.entryRelationship.contextConductionInd",
          "min": 1,
          "max": "1"
        },
        "type": [
          {
            "code": "boolean"
          }
        ],
        "defaultValueBoolean": true
      },
      {
        "id": "Observation.entryRelationship.sequenceNumber",
        "path": "Observation.entryRelationship.sequenceNumber",
        "min": 0,
        "max": "1",
        "base": {
          "path": "Observation.entryRelationship.sequenceNumber",
          "min": 0,
          "max": "1"
        },
        "type": [
          {
            "code": "http://hl7.org/fhir/cda/StructureDefinition/INT"
          }
        ]
      },
      {
        "id": "Observation.entryRelationship.negationInd",
        "path": "Observation.entryRelationship.negationInd",
        "representation": [
          "xmlAttr"
        ],
        "min": 0,
        "max": "1",
        "base": {
          "path": "Observation.entryRelationship.negationInd",
          "min": 0,
          "max": "1"
        },
        "type": [
          {
            "code": "boolean"
          }
        ]
      },
      {
        "id": "Observation.entryRelationship.seperatableInd",
        "path": "Observation.entryRelationship.seperatableInd",
        "min": 0,
        "max": "1",
        "base": {
          "path": "Observation.entryRelationship.seperatableInd",
          "min": 0,
          "max": "1"
        },
        "type": [
          {
            "code": "http://hl7.org/fhir/cda/StructureDefinition/BL"
          }
        ]
      },
      {
        "id": "Observation.entryRelationship.observation",
        "path": "Observation.entryRelationship.observation",
        "min": 0,
        "max": "1",
        "base": {
          "path": "Observation.entryRelationship.observation",
          "min": 0,
          "max": "1"
        },
        "type": [
          {
            "code": "http://hl7.org/fhir/cda/StructureDefinition/Observation"
          }
        ]
      },
      {
        "id": "Observation.entryRelationship.regionOfInterest",
        "path": "Observation.entryRelationship.regionOfInterest",
        "min": 0,
        "max": "1",
        "base": {
          "path": "Observation.entryRelationship.regionOfInterest",
          "min": 0,
          "max": "1"
        },
        "type": [
          {
            "code": "http://hl7.org/fhir/cda/StructureDefinition/RegionOfInterest"
          }
        ]
      },
      {
        "id": "Observation.entryRelationship.observationMedia",
        "path": "Observation.entryRelationship.observationMedia",
        "min": 0,
        "max": "1",
        "base": {
          "path": "Observation.entryRelationship.observationMedia",
          "min": 0,
          "max": "1"
        },
        "type": [
          {
            "code": "http://hl7.org/fhir/cda/StructureDefinition/ObservationMedia"
          }
        ]
      },
      {
        "id": "Observation.entryRelationship.substanceAdministration",
        "path": "Observation.entryRelationship.substanceAdministration",
        "min": 0,
        "max": "1",
        "base": {
          "path": "Observation.entryRelationship.substanceAdministration",
          "min": 0,
          "max": "1"
        },
        "type": [
          {
            "code": "http://hl7.org/fhir/cda/StructureDefinition/SubstanceAdministration"
          }
        ]
      },
      {
        "id": "Observation.entryRelationship.supply",
        "path": "Observation.entryRelationship.supply",
        "min": 0,
        "max": "1",
        "base": {
          "path": "Observation.entryRelationship.supply",
          "min": 0,
          "max": "1"
        },
        "type": [
          {
            "code": "http://hl7.org/fhir/cda/StructureDefinition/Supply"
          }
        ]
      },
      {
        "id": "Observation.entryRelationship.procedure",
        "path": "Observation.entryRelationship.procedure",
        "min": 0,
        "max": "1",
        "base": {
          "path": "Observation.entryRelationship.procedure",
          "min": 0,
          "max": "1"
        },
        "type": [
          {
            "code": "http://hl7.org/fhir/cda/StructureDefinition/Procedure"
          }
        ]
      },
      {
        "id": "Observation.entryRelationship.encounter",
        "path": "Observation.entryRelationship.encounter",
        "min": 0,
        "max": "1",
        "base": {
          "path": "Observation.entryRelationship.encounter",
          "min": 0,
          "max": "1"
        },
        "type": [
          {
            "code": "http://hl7.org/fhir/cda/StructureDefinition/Encounter"
          }
        ]
      },
      {
        "id": "Observation.entryRelationship.organizer",
        "path": "Observation.entryRelationship.organizer",
        "min": 0,
        "max": "1",
        "base": {
          "path": "Observation.entryRelationship.organizer",
          "min": 0,
          "max": "1"
        },
        "type": [
          {
            "code": "http://hl7.org/fhir/cda/StructureDefinition/Organizer"
          }
        ]
      },
      {
        "id": "Observation.entryRelationship.act",
        "path": "Observation.entryRelationship.act",
        "min": 0,
        "max": "1",
        "base": {
          "path": "Observation.entryRelationship.act",
          "min": 0,
          "max": "1"
        },
        "type": [
          {
            "code": "http://hl7.org/fhir/cda/StructureDefinition/Act"
          }
        ]
      },
      {
        "id": "Observation.reference",
        "path": "Observation.reference",
        "min": 0,
        "max": "*",
        "base": {
          "path": "Observation.reference",
          "min": 0,
          "max": "*"
        },
        "type": [
          {
            "code": "Element"
          }
        ]
      },
      {
        "id": "Observation.reference.typeCode",
        "path": "Observation.reference.typeCode",
        "representation": [
          "xmlAttr"
        ],
        "min": 1,
        "max": "1",
        "base": {
          "path": "Observation.reference.typeCode",
          "min": 1,
          "max": "1"
        },
        "type": [
          {
            "code": "code"
          }
        ]
      },
      {
        "id": "Observation.reference.seperatableInd",
        "path": "Observation.reference.seperatableInd",
        "min": 0,
        "max": "1",
        "base": {
          "path": "Observation.reference.seperatableInd",
          "min": 0,
          "max": "1"
        },
        "type": [
          {
            "code": "http://hl7.org/fhir/cda/StructureDefinition/BL"
          }
        ]
      },
      {
        "id": "Observation.reference.externalAct",
        "path": "Observation.reference.externalAct",
        "min": 0,
        "max": "1",
        "base": {
          "path": "Observation.reference.externalAct",
          "min": 0,
          "max": "1"
        },
        "type": [
          {
            "code": "http://hl7.org/fhir/cda/StructureDefinition/ExternalAct"
          }
        ]
      },
      {
        "id": "Observation.reference.externalObservation",
        "path": "Observation.reference.externalObservation",
        "min": 0,
        "max": "1",
        "base": {
          "path": "Observation.reference.externalObservation",
          "min": 0,
          "max": "1"
        },
        "type": [
          {
            "code": "http://hl7.org/fhir/cda/StructureDefinition/ExternalObservation"
          }
        ]
      },
      {
        "id": "Observation.reference.externalProcedure",
        "path": "Observation.reference.externalProcedure",
        "min": 0,
        "max": "1",
        "base": {
          "path": "Observation.reference.externalProcedure",
          "min": 0,
          "max": "1"
        },
        "type": [
          {
            "code": "http://hl7.org/fhir/cda/StructureDefinition/ExternalProcedure"
          }
        ]
      },
      {
        "id": "Observation.reference.externalDocument",
        "path": "Observation.reference.externalDocument",
        "min": 0,
        "max": "1",
        "base": {
          "path": "Observation.reference.externalDocument",
          "min": 0,
          "max": "1"
        },
        "type": [
          {
            "code": "http://hl7.org/fhir/cda/StructureDefinition/ExternalDocument"
          }
        ]
      },
      {
        "id": "Observation.precondition",
        "path": "Observation.precondition",
        "min": 0,
        "max": "*",
        "base": {
          "path": "Observation.precondition",
          "min": 0,
          "max": "*"
        },
        "type": [
          {
            "code": "Element"
          }
        ]
      },
      {
        "id": "Observation.precondition.typeCode",
        "path": "Observation.precondition.typeCode",
        "representation": [
          "xmlAttr"
        ],
        "min": 1,
        "max": "1",
        "base": {
          "path": "Observation.precondition.typeCode",
          "min": 1,
          "max": "1"
        },
        "type": [
          {
            "code": "code"
          }
        ],
        "defaultValueCode": "PRCN",
        "fixedCode": "PRCN",
        "binding": {
          "strength": "required",
          "valueSet": "http://terminology.hl7.org/ValueSet/v3-ActRelationshipConditional"
        }
      },
      {
        "id": "Observation.precondition.criterion",
        "path": "Observation.precondition.criterion",
        "min": 1,
        "max": "1",
        "base": {
          "path": "Observation.precondition.criterion",
          "min": 1,
          "max": "1"
        },
        "type": [
          {
            "code": "http://hl7.org/fhir/cda/StructureDefinition/Criterion"
          }
        ]
      },
      {
        "id": "Observation.referenceRange",
        "path": "Observation.referenceRange",
        "min": 0,
        "max": "*",
        "base": {
          "path": "Observation.referenceRange",
          "min": 0,
          "max": "*"
        },
        "type": [
          {
            "code": "Element"
          }
        ]
      },
      {
        "id": "Observation.referenceRange.typeCode",
        "path": "Observation.referenceRange.typeCode",
        "representation": [
          "xmlAttr"
        ],
        "min": 1,
        "max": "1",
        "base": {
          "path": "Observation.referenceRange.typeCode",
          "min": 1,
          "max": "1"
        },
        "type": [
          {
            "code": "code"
          }
        ],
        "defaultValueCode": "REFV",
        "fixedCode": "REFV",
        "binding": {
          "strength": "required",
          "valueSet": "http://terminology.hl7.org/ValueSet/v3-ActRelationshipPertains"
        }
      },
      {
        "id": "Observation.referenceRange.observationRange",
        "path": "Observation.referenceRange.observationRange",
        "min": 1,
        "max": "1",
        "base": {
          "path": "Observation.referenceRange.observationRange",
          "min": 1,
          "max": "1"
        },
        "type": [
          {
            "code": "http://hl7.org/fhir/cda/StructureDefinition/ObservationRange"
          }
        ]
      }
    ]
  },
  "differential": {
    "element": [
      {
        "id": "Observation",
        "path": "Observation"
      },
      {
        "id": "Observation.classCode",
        "path": "Observation.classCode",
        "short": "classCode",
        "definition": "SHALL contain exactly one [1..1] @classCode=\"OBS\" (CodeSystem: HL7ActClass urn:oid:2.16.840.1.113883.5.6) (CONF:1098-30949).",
        "min": 1,
        "max": "1",
        "patternString": "OBS"
      },
      {
        "id": "Observation.moodCode",
        "path": "Observation.moodCode",
        "short": "moodCode",
        "definition": "SHALL contain exactly one [1..1] @moodCode=\"EVN\" (CodeSystem: HL7ActMood urn:oid:2.16.840.1.113883.5.1001) (CONF:1098-30950).",
        "min": 1,
        "max": "1",
        "patternString": "EVN"
      },
      {
        "id": "Observation.templateId",
        "path": "Observation.templateId",
        "slicing": {
          "discriminator": [
            {
              "type": "value",
              "path": "root"
            }
          ],
          "rules": "open"
        },
        "definition": "SHALL contain exactly one [1..1] templateId (CONF:1098-30951) such that it"
      },
      {
        "id": "Observation.templateId:templateId1",
        "path": "Observation.templateId",
        "sliceName": "templateId1",
        "short": "templateId",
        "definition": "SHALL contain exactly one [1..1] templateId (CONF:1098-30951) such that it",
        "min": 1,
        "max": "1"
      },
      {
        "id": "Observation.templateId:templateId1.root:templateId1",
        "path": "Observation.templateId.root",
        "sliceName": "templateId1",
        "short": "root",
        "definition": "SHALL contain exactly one [1..1] @root=\"2.16.840.1.113883.10.20.22.4.143\" (CONF:1098-30952).",
        "min": 1,
        "max": "1",
        "patternString": "2.16.840.1.113883.10.20.22.4.143"
      },
      {
        "id": "Observation.id",
        "path": "Observation.id",
        "short": "id",
        "definition": "SHALL contain at least one [1..*] id (CONF:1098-30953).",
        "min": 1,
        "max": "*"
      },
      {
        "id": "Observation.code",
        "path": "Observation.code",
        "short": "code",
        "definition": "SHALL contain exactly one [1..1] code (CONF:1098-30954).",
        "min": 1,
        "max": "1"
      },
      {
        "id": "Observation.code.code",
        "path": "Observation.code.code",
        "short": "code",
        "definition": "This code SHALL contain exactly one [1..1] @code=\"225773000\" Preference (CONF:1098-30955).",
        "min": 1,
        "max": "1",
        "patternString": "225773000"
      },
      {
        "id": "Observation.code.codeSystem",
        "path": "Observation.code.codeSystem",
        "short": "codeSystem",
        "definition": "This code SHALL contain exactly one [1..1] @codeSystem=\"2.16.840.1.113883.6.96\" (CodeSystem: SNOMED CT urn:oid:2.16.840.1.113883.6.96) (CONF:1098-30956).",
        "min": 1,
        "max": "1",
        "patternString": "2.16.840.1.113883.6.96"
      },
      {
        "id": "Observation.effectiveTime",
        "path": "Observation.effectiveTime",
        "short": "effectiveTime",
        "definition": "SHOULD contain zero or one [0..1] effectiveTime (CONF:1098-32327).",
        "min": 0,
        "max": "1"
      },
      {
        "id": "Observation.value",
        "path": "Observation.value",
        "short": "value",
        "definition": "SHALL contain exactly one [1..1] value with @xsi:type=\"CD\", where the code SHALL be selected from ValueSet Priority Level urn:oid:2.16.840.1.113883.11.20.9.60 DYNAMIC (CONF:1098-30957).",
        "min": 1,
        "max": "1",
        "binding": {
          "strength": "required",
          "valueSet": "https://cts.nlm.nih.gov/fhir/ValueSet/2.16.840.1.113883.11.20.9.60"
        }
      },
      {
        "id": "Observation.author",
        "path": "Observation.author",
        "short": "author",
        "definition": "SHOULD contain zero or more [0..*] Author Participation (identifier: urn:oid:2.16.840.1.113883.10.20.22.4.119) (CONF:1098-30958).",
        "min": 0,
        "max": "*",
        "type": [
          {
            "code": "http://hl7.org/fhir/cda/StructureDefinition/Author",
            "profile": [
              "http://hl7.org/fhir/cda/ccda/StructureDefinition/2.16.840.1.113883.10.20.22.4.119"
            ]
          }
        ]
      }
    ]
  }
}