{
  "resourceType": "ValueSet",
  "id": "2.16.840.1.114222.4.11.837",
  "meta": {
    "versionId": "1",
    "lastUpdated": "2012-10-25T12:28:31.000-04:00"
  },
  "text": {
    "status": "generated",
    "div": "<div xmlns=\"http://www.w3.org/1999/xhtml\">\n            <h2>Ethnicity</h2>\n            <p>This value set includes codes from the following code systems:</p>\n            <ul>\n                <li>Include these codes as defined in \n                    <code>http://cts.nlm.nih.gov/fhir/cs/cdcrec</code>\n                    <table class=\"none\">\n                        <tr>\n                            <td>\n                                <b>Code</b>\n                            </td>\n                            <td>\n                                <b>Display</b>\n                            </td>\n                        </tr>\n                        <tr>\n                            <td>2135-2</td>\n                            <td>Hispanic or Latino</td>\n                            <td/>\n                        </tr>\n                        <tr>\n                            <td>2186-5</td>\n                            <td>Not Hispanic or Latino</td>\n                            <td/>\n                        </tr>\n                    </table>\n                </li>\n            </ul>\n        </div>"
  },
  "url": "http://cts.nlm.nih.gov/fhir/ValueSet/2.16.840.1.114222.4.11.837",
  "version": "20121025",
  "name": "Ethnicity",
  "status": "active",
  "date": "2012-10-25T12:28:31-04:00",
  "publisher": "CDC NCHS",
  "compose": {
    "include": [
      {
        "system": "http://cts.nlm.nih.gov/fhir/cs/cdcrec",
        "concept": [
          {
            "code": "2135-2",
            "display": "Hispanic or Latino"
          },
          {
            "code": "2186-5",
            "display": "Not Hispanic or Latino"
          }
        ]
      }
    ]
  }
}