{
  "resourceType": "ValueSet",
  "id": "2.16.840.1.113883.11.20.9.18",
  "meta": {
    "versionId": "8",
    "lastUpdated": "2015-03-09T22:00:02.000-07:00"
  },
  "text": {
    "status": "generated",
    "div": "<div xmlns=\"http://www.w3.org/1999/xhtml\">\n            <h2>MoodCodeEvnInt</h2>\n            <p>This value set includes codes from the following code systems:</p>\n            <ul>\n                <li>Include these codes as defined in \n                    \n                    <code>http://hl7.org/fhir/v3/ActMood</code>\n                    <table class=\"none\">\n                        <tr>\n                            <td>\n                                <b>Code</b>\n                            </td>\n                            <td>\n                                <b>Display</b>\n                            </td>\n                        </tr>\n                        <tr>\n                            <td>EVN</td>\n                            <td>event (occurrence)</td>\n                            <td/>\n                        </tr>\n                        <tr>\n                            <td>INT</td>\n                            <td>intent</td>\n                            <td/>\n                        </tr>\n                    </table>\n                </li>\n            </ul>\n        </div>"
  },
  "url": "http://cts.nlm.nih.gov/fhir/ValueSet/2.16.840.1.113883.11.20.9.18",
  "version": "2.1.0",
  "name": "MoodCodeEvnInt",
  "title": "MoodCodeEvnInt",
  "status": "active",
  "date": "2015-03-09T22:00:02-07:00",
  "publisher": "Health Level 7",
  "compose": {
    "include": [
      {
        "system": "http://hl7.org/fhir/v3/ActMood",
        "concept": [
          {
            "code": "EVN",
            "display": "event (occurrence)"
          },
          {
            "code": "INT",
            "display": "intent"
          }
        ]
      }
    ]
  }
}