{
  "resourceType": "ValueSet",
  "id": "2.16.840.1.113883.11.20.8.1",
  "meta": {
    "versionId": "20",
    "lastUpdated": "2018-05-18T01:08:30.000-04:00"
  },
  "text": {
    "status": "generated",
    "div": "<div xmlns=\"http://www.w3.org/1999/xhtml\">\n            <h2>ProgressNoteDocumentTypeCode</h2>\n            <p>This value set includes codes from the following code systems:</p>\n            <ul>\n                <li>Include these codes as defined in \n                    <a href=\"http://loinc.org\">\n                        <code>http://loinc.org</code>\n                    </a>\n                    <table class=\"none\">\n                        <tr>\n                            <td>\n                                <b>Code</b>\n                            </td>\n                            <td>\n                                <b>Display</b>\n                            </td>\n                        </tr>\n                        <tr>\n                            <td>\n                                <a href=\"http://details.loinc.org/LOINC/11506-3.html\">11506-3</a>\n                            </td>\n                            <td>Progress note</td>\n                            <td/>\n                        </tr>\n                        <tr>\n                            <td>\n                                <a href=\"http://details.loinc.org/LOINC/11507-1.html\">11507-1</a>\n                            </td>\n                            <td>Occupational therapy Progress note</td>\n                            <td/>\n                        </tr>\n                        <tr>\n                            <td>\n                                <a href=\"http://details.loinc.org/LOINC/11508-9.html\">11508-9</a>\n                            </td>\n                            <td>Physical therapy Progress note</td>\n                            <td/>\n                        </tr>\n                        <tr>\n                            <td>\n                                <a href=\"http://details.loinc.org/LOINC/11509-7.html\">11509-7</a>\n                            </td>\n                            <td>Podiatry Progress note</td>\n                            <td/>\n                        </tr>\n                        <tr>\n                            <td>\n                                <a href=\"http://details.loinc.org/LOINC/11510-5.html\">11510-5</a>\n                            </td>\n                            <td>Psychology Progress note</td>\n                            <td/>\n                        </tr>\n                        <tr>\n                            <td>\n                                <a href=\"http://details.loinc.org/LOINC/11512-1.html\">11512-1</a>\n                            </td>\n                            <td>Speech-language pathology Progress note</td>\n                            <td/>\n                        </tr>\n                        <tr>\n                            <td>\n                                <a href=\"http://details.loinc.org/LOINC/15507-7.html\">15507-7</a>\n                            </td>\n                            <td>Emergency department Progress note</td>\n                            <td/>\n                        </tr>\n                        <tr>\n                            <td>\n                                <a href=\"http://details.loinc.org/LOINC/18733-6.html\">18733-6</a>\n                            </td>\n                            <td>Physician attending Progress note</td>\n                            <td/>\n                        </tr>\n                        <tr>\n                            <td>\n                                <a href=\"http://details.loinc.org/LOINC/28569-2.html\">28569-2</a>\n                            </td>\n                            <td>Physician consulting Progress note</td>\n                            <td/>\n                        </tr>\n                        <tr>\n                            <td>\n                                <a href=\"http://details.loinc.org/LOINC/28575-9.html\">28575-9</a>\n                            </td>\n                            <td>Nurse practitioner Progress note</td>\n                            <td/>\n                        </tr>\n                        <tr>\n                            <td>\n                                <a href=\"http://details.loinc.org/LOINC/28580-9.html\">28580-9</a>\n                            </td>\n                            <td>Chiropractic medicine Progress note</td>\n                            <td/>\n                        </tr>\n                        <tr>\n                            <td>\n                                <a href=\"http://details.loinc.org/LOINC/28617-9.html\">28617-9</a>\n                            </td>\n                            <td>Dentistry Progress note</td>\n                            <td/>\n                        </tr>\n                        <tr>\n                            <td>\n                                <a href=\"http://details.loinc.org/LOINC/28623-7.html\">28623-7</a>\n                            </td>\n                            <td>Nurse Progress note</td>\n                            <td/>\n                        </tr>\n                        <tr>\n                            <td>\n                                <a href=\"http://details.loinc.org/LOINC/28627-8.html\">28627-8</a>\n                            </td>\n                            <td>Psychiatry Progress note</td>\n                            <td/>\n                        </tr>\n                        <tr>\n                            <td>\n                                <a href=\"http://details.loinc.org/LOINC/28656-7.html\">28656-7</a>\n                            </td>\n                            <td>Social work Progress note</td>\n                            <td/>\n                        </tr>\n                        <tr>\n                            <td>\n                                <a href=\"http://details.loinc.org/LOINC/34124-8.html\">34124-8</a>\n                            </td>\n                            <td>Cardiology Outpatient Progress note</td>\n                            <td/>\n                        </tr>\n                        <tr>\n                            <td>\n                                <a href=\"http://details.loinc.org/LOINC/34125-5.html\">34125-5</a>\n                            </td>\n                            <td>Case manager Patient's home Progress note</td>\n                            <td/>\n                        </tr>\n                        <tr>\n                            <td>\n                                <a href=\"http://details.loinc.org/LOINC/34126-3.html\">34126-3</a>\n                            </td>\n                            <td>Intensive care unit Progress note</td>\n                            <td/>\n                        </tr>\n                        <tr>\n                            <td>\n                                <a href=\"http://details.loinc.org/LOINC/34127-1.html\">34127-1</a>\n                            </td>\n                            <td>Dentistry Hygienist Outpatient Progress note</td>\n                            <td/>\n                        </tr>\n                        <tr>\n                            <td>\n                                <a href=\"http://details.loinc.org/LOINC/34128-9.html\">34128-9</a>\n                            </td>\n                            <td>Dentistry Outpatient Progress note</td>\n                            <td/>\n                        </tr>\n                        <tr>\n                            <td>\n                                <a href=\"http://details.loinc.org/LOINC/34129-7.html\">34129-7</a>\n                            </td>\n                            <td>Patient's home Progress note</td>\n                            <td/>\n                        </tr>\n                        <tr>\n                            <td>\n                                <a href=\"http://details.loinc.org/LOINC/34130-5.html\">34130-5</a>\n                            </td>\n                            <td>Hospital Progress note</td>\n                            <td/>\n                        </tr>\n                        <tr>\n                            <td>\n                                <a href=\"http://details.loinc.org/LOINC/34131-3.html\">34131-3</a>\n                            </td>\n                            <td>Outpatient Progress note</td>\n                            <td/>\n                        </tr>\n                        <tr>\n                            <td>\n                                <a href=\"http://details.loinc.org/LOINC/34132-1.html\">34132-1</a>\n                            </td>\n                            <td>Pharmacology Outpatient Progress note</td>\n                            <td/>\n                        </tr>\n                        <tr>\n                            <td>\n                                <a href=\"http://details.loinc.org/LOINC/34900-1.html\">34900-1</a>\n                            </td>\n                            <td>General medicine Progress note</td>\n                            <td/>\n                        </tr>\n                        <tr>\n                            <td>\n                                <a href=\"http://details.loinc.org/LOINC/34901-9.html\">34901-9</a>\n                            </td>\n                            <td>General medicine Outpatient Progress note</td>\n                            <td/>\n                        </tr>\n                        <tr>\n                            <td>\n                                <a href=\"http://details.loinc.org/LOINC/34904-3.html\">34904-3</a>\n                            </td>\n                            <td>Mental health Progress note</td>\n                            <td/>\n                        </tr>\n                        <tr>\n                            <td>\n                                <a href=\"http://details.loinc.org/LOINC/64055-7.html\">64055-7</a>\n                            </td>\n                            <td>General medicine Medical student Hospital Progress note</td>\n                            <td/>\n                        </tr>\n                        <tr>\n                            <td>\n                                <a href=\"http://details.loinc.org/LOINC/64057-3.html\">64057-3</a>\n                            </td>\n                            <td>Surgery Hospital Progress note</td>\n                            <td/>\n                        </tr>\n                        <tr>\n                            <td>\n                                <a href=\"http://details.loinc.org/LOINC/64059-9.html\">64059-9</a>\n                            </td>\n                            <td>Critical care medicine Hospital Progress note</td>\n                            <td/>\n                        </tr>\n                        <tr>\n                            <td>\n                                <a href=\"http://details.loinc.org/LOINC/64061-5.html\">64061-5</a>\n                            </td>\n                            <td>Cardiothoracic surgery Hospital Progress note</td>\n                            <td/>\n                        </tr>\n                        <tr>\n                            <td>\n                                <a href=\"http://details.loinc.org/LOINC/64063-1.html\">64063-1</a>\n                            </td>\n                            <td>Pulmonary Hospital Progress note</td>\n                            <td/>\n                        </tr>\n                        <tr>\n                            <td>\n                                <a href=\"http://details.loinc.org/LOINC/64067-2.html\">64067-2</a>\n                            </td>\n                            <td>Surgery Medical student Hospital Progress note</td>\n                            <td/>\n                        </tr>\n                        <tr>\n                            <td>\n                                <a href=\"http://details.loinc.org/LOINC/64071-4.html\">64071-4</a>\n                            </td>\n                            <td>Critical care medicine Medical student Hospital Progress note</td>\n                            <td/>\n                        </tr>\n                        <tr>\n                            <td>\n                                <a href=\"http://details.loinc.org/LOINC/64075-5.html\">64075-5</a>\n                            </td>\n                            <td>Cardiothoracic surgery Medical student Hospital Progress note</td>\n                            <td/>\n                        </tr>\n                        <tr>\n                            <td>\n                                <a href=\"http://details.loinc.org/LOINC/64079-7.html\">64079-7</a>\n                            </td>\n                            <td>Pulmonary Medical student Hospital Progress note</td>\n                            <td/>\n                        </tr>\n                        <tr>\n                            <td>\n                                <a href=\"http://details.loinc.org/LOINC/68472-0.html\">68472-0</a>\n                            </td>\n                            <td>Cardiology Hospital Progress note</td>\n                            <td/>\n                        </tr>\n                        <tr>\n                            <td>\n                                <a href=\"http://details.loinc.org/LOINC/68473-8.html\">68473-8</a>\n                            </td>\n                            <td>Critical care medicine Physician attending Hospital Progress note</td>\n                            <td/>\n                        </tr>\n                        <tr>\n                            <td>\n                                <a href=\"http://details.loinc.org/LOINC/68475-3.html\">68475-3</a>\n                            </td>\n                            <td>General medicine Physician attending Hospital Progress note</td>\n                            <td/>\n                        </tr>\n                        <tr>\n                            <td>\n                                <a href=\"http://details.loinc.org/LOINC/68478-7.html\">68478-7</a>\n                            </td>\n                            <td>Pulmonary Physician attending Hospital Progress note</td>\n                            <td/>\n                        </tr>\n                        <tr>\n                            <td>\n                                <a href=\"http://details.loinc.org/LOINC/68479-5.html\">68479-5</a>\n                            </td>\n                            <td>Respiratory therapy Hospital Progress note</td>\n                            <td/>\n                        </tr>\n                        <tr>\n                            <td>\n                                <a href=\"http://details.loinc.org/LOINC/68480-3.html\">68480-3</a>\n                            </td>\n                            <td>Surgery Physician attending Hospital Progress note</td>\n                            <td/>\n                        </tr>\n                        <tr>\n                            <td>\n                                <a href=\"http://details.loinc.org/LOINC/68481-1.html\">68481-1</a>\n                            </td>\n                            <td>Cardiothoracic surgery Physician attending Hospital Progress note</td>\n                            <td/>\n                        </tr>\n                        <tr>\n                            <td>\n                                <a href=\"http://details.loinc.org/LOINC/68484-5.html\">68484-5</a>\n                            </td>\n                            <td>Cardiology Physician attending Hospital Progress note</td>\n                            <td/>\n                        </tr>\n                        <tr>\n                            <td>\n                                <a href=\"http://details.loinc.org/LOINC/68485-2.html\">68485-2</a>\n                            </td>\n                            <td>Cardiology Medical student Hospital Progress note</td>\n                            <td/>\n                        </tr>\n                        <tr>\n                            <td>\n                                <a href=\"http://details.loinc.org/LOINC/68554-5.html\">68554-5</a>\n                            </td>\n                            <td>Hematology+Medical oncology Progress note</td>\n                            <td/>\n                        </tr>\n                        <tr>\n                            <td>\n                                <a href=\"http://details.loinc.org/LOINC/68564-4.html\">68564-4</a>\n                            </td>\n                            <td>Obstetrics and Gynecology Progress note</td>\n                            <td/>\n                        </tr>\n                        <tr>\n                            <td>\n                                <a href=\"http://details.loinc.org/LOINC/68574-3.html\">68574-3</a>\n                            </td>\n                            <td>Ophthalmology Progress note</td>\n                            <td/>\n                        </tr>\n                        <tr>\n                            <td>\n                                <a href=\"http://details.loinc.org/LOINC/68582-6.html\">68582-6</a>\n                            </td>\n                            <td>Orthopaedic surgery Progress note</td>\n                            <td/>\n                        </tr>\n                        <tr>\n                            <td>\n                                <a href=\"http://details.loinc.org/LOINC/68595-8.html\">68595-8</a>\n                            </td>\n                            <td>Plastic surgery Progress note</td>\n                            <td/>\n                        </tr>\n                        <tr>\n                            <td>\n                                <a href=\"http://details.loinc.org/LOINC/68617-0.html\">68617-0</a>\n                            </td>\n                            <td>Adolescent medicine Progress note</td>\n                            <td/>\n                        </tr>\n                        <tr>\n                            <td>\n                                <a href=\"http://details.loinc.org/LOINC/68631-1.html\">68631-1</a>\n                            </td>\n                            <td>Allergy and immunology Progress note</td>\n                            <td/>\n                        </tr>\n                        <tr>\n                            <td>\n                                <a href=\"http://details.loinc.org/LOINC/68646-9.html\">68646-9</a>\n                            </td>\n                            <td>Child and adolescent psychiatry Progress note</td>\n                            <td/>\n                        </tr>\n                        <tr>\n                            <td>\n                                <a href=\"http://details.loinc.org/LOINC/68659-2.html\">68659-2</a>\n                            </td>\n                            <td>Clinical genetics Progress note</td>\n                            <td/>\n                        </tr>\n                        <tr>\n                            <td>\n                                <a href=\"http://details.loinc.org/LOINC/68668-3.html\">68668-3</a>\n                            </td>\n                            <td>Developmental-behavioral pediatrics Progress note</td>\n                            <td/>\n                        </tr>\n                        <tr>\n                            <td>\n                                <a href=\"http://details.loinc.org/LOINC/68679-0.html\">68679-0</a>\n                            </td>\n                            <td>Multi-specialty program Progress note</td>\n                            <td/>\n                        </tr>\n                        <tr>\n                            <td>\n                                <a href=\"http://details.loinc.org/LOINC/68693-1.html\">68693-1</a>\n                            </td>\n                            <td>Neurological surgery Progress note</td>\n                            <td/>\n                        </tr>\n                        <tr>\n                            <td>\n                                <a href=\"http://details.loinc.org/LOINC/68703-8.html\">68703-8</a>\n                            </td>\n                            <td>Neurology with special qualifications in child neurology Progress note</td>\n                            <td/>\n                        </tr>\n                        <tr>\n                            <td>\n                                <a href=\"http://details.loinc.org/LOINC/68725-1.html\">68725-1</a>\n                            </td>\n                            <td>Pediatric cardiology Progress note</td>\n                            <td/>\n                        </tr>\n                        <tr>\n                            <td>\n                                <a href=\"http://details.loinc.org/LOINC/68744-2.html\">68744-2</a>\n                            </td>\n                            <td>Pediatric gastroenterology Progress note</td>\n                            <td/>\n                        </tr>\n                        <tr>\n                            <td>\n                                <a href=\"http://details.loinc.org/LOINC/68755-8.html\">68755-8</a>\n                            </td>\n                            <td>Pediatric hematology-oncology Progress note</td>\n                            <td/>\n                        </tr>\n                        <tr>\n                            <td>\n                                <a href=\"http://details.loinc.org/LOINC/68763-2.html\">68763-2</a>\n                            </td>\n                            <td>Pediatric infectious diseases Progress note</td>\n                            <td/>\n                        </tr>\n                        <tr>\n                            <td>\n                                <a href=\"http://details.loinc.org/LOINC/68785-5.html\">68785-5</a>\n                            </td>\n                            <td>Pediatric pulmonology Progress note</td>\n                            <td/>\n                        </tr>\n                        <tr>\n                            <td>\n                                <a href=\"http://details.loinc.org/LOINC/68800-2.html\">68800-2</a>\n                            </td>\n                            <td>Pediatric surgery Progress note</td>\n                            <td/>\n                        </tr>\n                        <tr>\n                            <td>\n                                <a href=\"http://details.loinc.org/LOINC/68810-1.html\">68810-1</a>\n                            </td>\n                            <td>Pediatric urology Progress note</td>\n                            <td/>\n                        </tr>\n                        <tr>\n                            <td>\n                                <a href=\"http://details.loinc.org/LOINC/68830-9.html\">68830-9</a>\n                            </td>\n                            <td>Pediatrics Hospital Progress note</td>\n                            <td/>\n                        </tr>\n                        <tr>\n                            <td>\n                                <a href=\"http://details.loinc.org/LOINC/68840-8.html\">68840-8</a>\n                            </td>\n                            <td>Research Progress note</td>\n                            <td/>\n                        </tr>\n                        <tr>\n                            <td>\n                                <a href=\"http://details.loinc.org/LOINC/68862-2.html\">68862-2</a>\n                            </td>\n                            <td>Pediatric transplant hepatology Progress note</td>\n                            <td/>\n                        </tr>\n                        <tr>\n                            <td>\n                                <a href=\"http://details.loinc.org/LOINC/68873-9.html\">68873-9</a>\n                            </td>\n                            <td>Pediatric otolaryngology Progress note</td>\n                            <td/>\n                        </tr>\n                        <tr>\n                            <td>\n                                <a href=\"http://details.loinc.org/LOINC/68878-8.html\">68878-8</a>\n                            </td>\n                            <td>Pediatric rheumatology Progress note</td>\n                            <td/>\n                        </tr>\n                        <tr>\n                            <td>\n                                <a href=\"http://details.loinc.org/LOINC/68891-1.html\">68891-1</a>\n                            </td>\n                            <td>Pediatric dermatology Progress note</td>\n                            <td/>\n                        </tr>\n                        <tr>\n                            <td>\n                                <a href=\"http://details.loinc.org/LOINC/68896-0.html\">68896-0</a>\n                            </td>\n                            <td>Pediatric endocrinology Progress note</td>\n                            <td/>\n                        </tr>\n                        <tr>\n                            <td>\n                                <a href=\"http://details.loinc.org/LOINC/70238-1.html\">70238-1</a>\n                            </td>\n                            <td>Transplant surgery Hospital Progress note</td>\n                            <td/>\n                        </tr>\n                        <tr>\n                            <td>\n                                <a href=\"http://details.loinc.org/LOINC/72556-4.html\">72556-4</a>\n                            </td>\n                            <td>Interventional radiology Progress note</td>\n                            <td/>\n                        </tr>\n                        <tr>\n                            <td>\n                                <a href=\"http://details.loinc.org/LOINC/75220-4.html\">75220-4</a>\n                            </td>\n                            <td>Urology Progress note</td>\n                            <td/>\n                        </tr>\n                        <tr>\n                            <td>\n                                <a href=\"http://details.loinc.org/LOINC/75221-2.html\">75221-2</a>\n                            </td>\n                            <td>Neurology Progress note</td>\n                            <td/>\n                        </tr>\n                        <tr>\n                            <td>\n                                <a href=\"http://details.loinc.org/LOINC/75497-8.html\">75497-8</a>\n                            </td>\n                            <td>Telehealth Progress note</td>\n                            <td/>\n                        </tr>\n                        <tr>\n                            <td>\n                                <a href=\"http://details.loinc.org/LOINC/77426-5.html\">77426-5</a>\n                            </td>\n                            <td>Audiology Progress note</td>\n                            <td/>\n                        </tr>\n                        <tr>\n                            <td>\n                                <a href=\"http://details.loinc.org/LOINC/78323-3.html\">78323-3</a>\n                            </td>\n                            <td>Gastroenterology Progress note</td>\n                            <td/>\n                        </tr>\n                        <tr>\n                            <td>\n                                <a href=\"http://details.loinc.org/LOINC/78324-1.html\">78324-1</a>\n                            </td>\n                            <td>Family medicine Progress note</td>\n                            <td/>\n                        </tr>\n                        <tr>\n                            <td>\n                                <a href=\"http://details.loinc.org/LOINC/78325-8.html\">78325-8</a>\n                            </td>\n                            <td>Infectious disease Progress note</td>\n                            <td/>\n                        </tr>\n                        <tr>\n                            <td>\n                                <a href=\"http://details.loinc.org/LOINC/78326-6.html\">78326-6</a>\n                            </td>\n                            <td>Dermatology Progress note</td>\n                            <td/>\n                        </tr>\n                        <tr>\n                            <td>\n                                <a href=\"http://details.loinc.org/LOINC/78327-4.html\">78327-4</a>\n                            </td>\n                            <td>Endocrinology Progress note</td>\n                            <td/>\n                        </tr>\n                        <tr>\n                            <td>\n                                <a href=\"http://details.loinc.org/LOINC/78328-2.html\">78328-2</a>\n                            </td>\n                            <td>Hematology Progress note</td>\n                            <td/>\n                        </tr>\n                        <tr>\n                            <td>\n                                <a href=\"http://details.loinc.org/LOINC/78479-3.html\">78479-3</a>\n                            </td>\n                            <td>Neonatal perinatal medicine Progress note</td>\n                            <td/>\n                        </tr>\n                        <tr>\n                            <td>\n                                <a href=\"http://details.loinc.org/LOINC/78480-1.html\">78480-1</a>\n                            </td>\n                            <td>Nephrology Progress note</td>\n                            <td/>\n                        </tr>\n                        <tr>\n                            <td>\n                                <a href=\"http://details.loinc.org/LOINC/78481-9.html\">78481-9</a>\n                            </td>\n                            <td>Nutrition and dietetics Progress note</td>\n                            <td/>\n                        </tr>\n                        <tr>\n                            <td>\n                                <a href=\"http://details.loinc.org/LOINC/78482-7.html\">78482-7</a>\n                            </td>\n                            <td>Oncology Progress note</td>\n                            <td/>\n                        </tr>\n                        <tr>\n                            <td>\n                                <a href=\"http://details.loinc.org/LOINC/78663-2.html\">78663-2</a>\n                            </td>\n                            <td>Palliative care Progress note</td>\n                            <td/>\n                        </tr>\n                        <tr>\n                            <td>\n                                <a href=\"http://details.loinc.org/LOINC/78664-0.html\">78664-0</a>\n                            </td>\n                            <td>Recreational therapy Progress note</td>\n                            <td/>\n                        </tr>\n                        <tr>\n                            <td>\n                                <a href=\"http://details.loinc.org/LOINC/78665-7.html\">78665-7</a>\n                            </td>\n                            <td>Radiation oncology Progress note</td>\n                            <td/>\n                        </tr>\n                        <tr>\n                            <td>\n                                <a href=\"http://details.loinc.org/LOINC/78666-5.html\">78666-5</a>\n                            </td>\n                            <td>Rheumatology Progress note</td>\n                            <td/>\n                        </tr>\n                        <tr>\n                            <td>\n                                <a href=\"http://details.loinc.org/LOINC/78667-3.html\">78667-3</a>\n                            </td>\n                            <td>Optometry Progress note</td>\n                            <td/>\n                        </tr>\n                        <tr>\n                            <td>\n                                <a href=\"http://details.loinc.org/LOINC/78668-1.html\">78668-1</a>\n                            </td>\n                            <td>Pain medicine Progress note</td>\n                            <td/>\n                        </tr>\n                        <tr>\n                            <td>\n                                <a href=\"http://details.loinc.org/LOINC/78669-9.html\">78669-9</a>\n                            </td>\n                            <td>Otolaryngology Progress note</td>\n                            <td/>\n                        </tr>\n                        <tr>\n                            <td>\n                                <a href=\"http://details.loinc.org/LOINC/78705-1.html\">78705-1</a>\n                            </td>\n                            <td>Sports medicine Progress note</td>\n                            <td/>\n                        </tr>\n                        <tr>\n                            <td>\n                                <a href=\"http://details.loinc.org/LOINC/78710-1.html\">78710-1</a>\n                            </td>\n                            <td>Cardiology Progress note</td>\n                            <td/>\n                        </tr>\n                        <tr>\n                            <td>\n                                <a href=\"http://details.loinc.org/LOINC/80569-7.html\">80569-7</a>\n                            </td>\n                            <td>Pharmacology Progress note</td>\n                            <td/>\n                        </tr>\n                        <tr>\n                            <td>\n                                <a href=\"http://details.loinc.org/LOINC/80665-3.html\">80665-3</a>\n                            </td>\n                            <td>Clinical neurophysiology Progress note</td>\n                            <td/>\n                        </tr>\n                        <tr>\n                            <td>\n                                <a href=\"http://details.loinc.org/LOINC/80667-9.html\">80667-9</a>\n                            </td>\n                            <td>Vascular neurology Progress note</td>\n                            <td/>\n                        </tr>\n                        <tr>\n                            <td>\n                                <a href=\"http://details.loinc.org/LOINC/80671-1.html\">80671-1</a>\n                            </td>\n                            <td>Pastoral care Progress note</td>\n                            <td/>\n                        </tr>\n                        <tr>\n                            <td>\n                                <a href=\"http://details.loinc.org/LOINC/80815-4.html\">80815-4</a>\n                            </td>\n                            <td>Geriatric medicine Progress note</td>\n                            <td/>\n                        </tr>\n                        <tr>\n                            <td>\n                                <a href=\"http://details.loinc.org/LOINC/80819-6.html\">80819-6</a>\n                            </td>\n                            <td>Pulmonary Progress note</td>\n                            <td/>\n                        </tr>\n                        <tr>\n                            <td>\n                                <a href=\"http://details.loinc.org/LOINC/82365-8.html\">82365-8</a>\n                            </td>\n                            <td>Reproductive endocrinology and infertility Progress note</td>\n                            <td/>\n                        </tr>\n                        <tr>\n                            <td>\n                                <a href=\"http://details.loinc.org/LOINC/85441-4.html\">85441-4</a>\n                            </td>\n                            <td>Vascular surgery Progress note</td>\n                            <td/>\n                        </tr>\n                        <tr>\n                            <td>\n                                <a href=\"http://details.loinc.org/LOINC/85515-5.html\">85515-5</a>\n                            </td>\n                            <td>Bariatric surgery Progress note</td>\n                            <td/>\n                        </tr>\n                    </table>\n                </li>\n            </ul>\n        </div>"
  },
  "url": "http://cts.nlm.nih.gov/fhir/ValueSet/2.16.840.1.113883.11.20.8.1",
  "version": "20180518",
  "name": "ProgressNoteDocumentTypeCode",
  "status": "active",
  "date": "2018-05-18T01:00:03-04:00",
  "publisher": "HL7 Terminology",
  "compose": {
    "include": [
      {
        "system": "http://loinc.org",
        "concept": [
          {
            "code": "11506-3",
            "display": "Progress note"
          },
          {
            "code": "11507-1",
            "display": "Occupational therapy Progress note"
          },
          {
            "code": "11508-9",
            "display": "Physical therapy Progress note"
          },
          {
            "code": "11509-7",
            "display": "Podiatry Progress note"
          },
          {
            "code": "11510-5",
            "display": "Psychology Progress note"
          },
          {
            "code": "11512-1",
            "display": "Speech-language pathology Progress note"
          },
          {
            "code": "15507-7",
            "display": "Emergency department Progress note"
          },
          {
            "code": "18733-6",
            "display": "Physician attending Progress note"
          },
          {
            "code": "28569-2",
            "display": "Physician consulting Progress note"
          },
          {
            "code": "28575-9",
            "display": "Nurse practitioner Progress note"
          },
          {
            "code": "28580-9",
            "display": "Chiropractic medicine Progress note"
          },
          {
            "code": "28617-9",
            "display": "Dentistry Progress note"
          },
          {
            "code": "28623-7",
            "display": "Nurse Progress note"
          },
          {
            "code": "28627-8",
            "display": "Psychiatry Progress note"
          },
          {
            "code": "28656-7",
            "display": "Social work Progress note"
          },
          {
            "code": "34124-8",
            "display": "Cardiology Outpatient Progress note"
          },
          {
            "code": "34125-5",
            "display": "Case manager Patient's home Progress note"
          },
          {
            "code": "34126-3",
            "display": "Intensive care unit Progress note"
          },
          {
            "code": "34127-1",
            "display": "Dentistry Hygienist Outpatient Progress note"
          },
          {
            "code": "34128-9",
            "display": "Dentistry Outpatient Progress note"
          },
          {
            "code": "34129-7",
            "display": "Patient's home Progress note"
          },
          {
            "code": "34130-5",
            "display": "Hospital Progress note"
          },
          {
            "code": "34131-3",
            "display": "Outpatient Progress note"
          },
          {
            "code": "34132-1",
            "display": "Pharmacology Outpatient Progress note"
          },
          {
            "code": "34900-1",
            "display": "General medicine Progress note"
          },
          {
            "code": "34901-9",
            "display": "General medicine Outpatient Progress note"
          },
          {
            "code": "34904-3",
            "display": "Mental health Progress note"
          },
          {
            "code": "64055-7",
            "display": "General medicine Medical student Hospital Progress note"
          },
          {
            "code": "64057-3",
            "display": "Surgery Hospital Progress note"
          },
          {
            "code": "64059-9",
            "display": "Critical care medicine Hospital Progress note"
          },
          {
            "code": "64061-5",
            "display": "Cardiothoracic surgery Hospital Progress note"
          },
          {
            "code": "64063-1",
            "display": "Pulmonary Hospital Progress note"
          },
          {
            "code": "64067-2",
            "display": "Surgery Medical student Hospital Progress note"
          },
          {
            "code": "64071-4",
            "display": "Critical care medicine Medical student Hospital Progress note"
          },
          {
            "code": "64075-5",
            "display": "Cardiothoracic surgery Medical student Hospital Progress note"
          },
          {
            "code": "64079-7",
            "display": "Pulmonary Medical student Hospital Progress note"
          },
          {
            "code": "68472-0",
            "display": "Cardiology Hospital Progress note"
          },
          {
            "code": "68473-8",
            "display": "Critical care medicine Physician attending Hospital Progress note"
          },
          {
            "code": "68475-3",
            "display": "General medicine Physician attending Hospital Progress note"
          },
          {
            "code": "68478-7",
            "display": "Pulmonary Physician attending Hospital Progress note"
          },
          {
            "code": "68479-5",
            "display": "Respiratory therapy Hospital Progress note"
          },
          {
            "code": "68480-3",
            "display": "Surgery Physician attending Hospital Progress note"
          },
          {
            "code": "68481-1",
            "display": "Cardiothoracic surgery Physician attending Hospital Progress note"
          },
          {
            "code": "68484-5",
            "display": "Cardiology Physician attending Hospital Progress note"
          },
          {
            "code": "68485-2",
            "display": "Cardiology Medical student Hospital Progress note"
          },
          {
            "code": "68554-5",
            "display": "Hematology+Medical oncology Progress note"
          },
          {
            "code": "68564-4",
            "display": "Obstetrics and Gynecology Progress note"
          },
          {
            "code": "68574-3",
            "display": "Ophthalmology Progress note"
          },
          {
            "code": "68582-6",
            "display": "Orthopaedic surgery Progress note"
          },
          {
            "code": "68595-8",
            "display": "Plastic surgery Progress note"
          },
          {
            "code": "68617-0",
            "display": "Adolescent medicine Progress note"
          },
          {
            "code": "68631-1",
            "display": "Allergy and immunology Progress note"
          },
          {
            "code": "68646-9",
            "display": "Child and adolescent psychiatry Progress note"
          },
          {
            "code": "68659-2",
            "display": "Clinical genetics Progress note"
          },
          {
            "code": "68668-3",
            "display": "Developmental-behavioral pediatrics Progress note"
          },
          {
            "code": "68679-0",
            "display": "Multi-specialty program Progress note"
          },
          {
            "code": "68693-1",
            "display": "Neurological surgery Progress note"
          },
          {
            "code": "68703-8",
            "display": "Neurology with special qualifications in child neurology Progress note"
          },
          {
            "code": "68725-1",
            "display": "Pediatric cardiology Progress note"
          },
          {
            "code": "68744-2",
            "display": "Pediatric gastroenterology Progress note"
          },
          {
            "code": "68755-8",
            "display": "Pediatric hematology-oncology Progress note"
          },
          {
            "code": "68763-2",
            "display": "Pediatric infectious diseases Progress note"
          },
          {
            "code": "68785-5",
            "display": "Pediatric pulmonology Progress note"
          },
          {
            "code": "68800-2",
            "display": "Pediatric surgery Progress note"
          },
          {
            "code": "68810-1",
            "display": "Pediatric urology Progress note"
          },
          {
            "code": "68830-9",
            "display": "Pediatrics Hospital Progress note"
          },
          {
            "code": "68840-8",
            "display": "Research Progress note"
          },
          {
            "code": "68862-2",
            "display": "Pediatric transplant hepatology Progress note"
          },
          {
            "code": "68873-9",
            "display": "Pediatric otolaryngology Progress note"
          },
          {
            "code": "68878-8",
            "display": "Pediatric rheumatology Progress note"
          },
          {
            "code": "68891-1",
            "display": "Pediatric dermatology Progress note"
          },
          {
            "code": "68896-0",
            "display": "Pediatric endocrinology Progress note"
          },
          {
            "code": "70238-1",
            "display": "Transplant surgery Hospital Progress note"
          },
          {
            "code": "72556-4",
            "display": "Interventional radiology Progress note"
          },
          {
            "code": "75220-4",
            "display": "Urology Progress note"
          },
          {
            "code": "75221-2",
            "display": "Neurology Progress note"
          },
          {
            "code": "75497-8",
            "display": "Telehealth Progress note"
          },
          {
            "code": "77426-5",
            "display": "Audiology Progress note"
          },
          {
            "code": "78323-3",
            "display": "Gastroenterology Progress note"
          },
          {
            "code": "78324-1",
            "display": "Family medicine Progress note"
          },
          {
            "code": "78325-8",
            "display": "Infectious disease Progress note"
          },
          {
            "code": "78326-6",
            "display": "Dermatology Progress note"
          },
          {
            "code": "78327-4",
            "display": "Endocrinology Progress note"
          },
          {
            "code": "78328-2",
            "display": "Hematology Progress note"
          },
          {
            "code": "78479-3",
            "display": "Neonatal perinatal medicine Progress note"
          },
          {
            "code": "78480-1",
            "display": "Nephrology Progress note"
          },
          {
            "code": "78481-9",
            "display": "Nutrition and dietetics Progress note"
          },
          {
            "code": "78482-7",
            "display": "Oncology Progress note"
          },
          {
            "code": "78663-2",
            "display": "Palliative care Progress note"
          },
          {
            "code": "78664-0",
            "display": "Recreational therapy Progress note"
          },
          {
            "code": "78665-7",
            "display": "Radiation oncology Progress note"
          },
          {
            "code": "78666-5",
            "display": "Rheumatology Progress note"
          },
          {
            "code": "78667-3",
            "display": "Optometry Progress note"
          },
          {
            "code": "78668-1",
            "display": "Pain medicine Progress note"
          },
          {
            "code": "78669-9",
            "display": "Otolaryngology Progress note"
          },
          {
            "code": "78705-1",
            "display": "Sports medicine Progress note"
          },
          {
            "code": "78710-1",
            "display": "Cardiology Progress note"
          },
          {
            "code": "80569-7",
            "display": "Pharmacology Progress note"
          },
          {
            "code": "80665-3",
            "display": "Clinical neurophysiology Progress note"
          },
          {
            "code": "80667-9",
            "display": "Vascular neurology Progress note"
          },
          {
            "code": "80671-1",
            "display": "Pastoral care Progress note"
          },
          {
            "code": "80815-4",
            "display": "Geriatric medicine Progress note"
          },
          {
            "code": "80819-6",
            "display": "Pulmonary Progress note"
          },
          {
            "code": "82365-8",
            "display": "Reproductive endocrinology and infertility Progress note"
          },
          {
            "code": "85441-4",
            "display": "Vascular surgery Progress note"
          },
          {
            "code": "85515-5",
            "display": "Bariatric surgery Progress note"
          }
        ]
      }
    ]
  }
}