{
  "resourceType": "ValueSet",
  "id": "2.16.840.1.113883.11.20.9.26",
  "meta": {
    "versionId": "10",
    "lastUpdated": "2015-03-09T22:00:02.000-07:00"
  },
  "text": {
    "status": "generated",
    "div": "<div xmlns=\"http://www.w3.org/1999/xhtml\">\n            <h2>EntityPersonNamePartQualifier</h2>\n            <p>This value set includes codes from the following code systems:</p>\n            <ul>\n                <li>Include these codes as defined in \n                    \n                    <code>http://hl7.org/fhir/v3/EntityNamePartQualifier</code>\n                    <table class=\"none\">\n                        <tr>\n                            <td>\n                                <b>Code</b>\n                            </td>\n                            <td>\n                                <b>Display</b>\n                            </td>\n                        </tr>\n                        <tr>\n                            <td>AC</td>\n                            <td>academic</td>\n                            <td/>\n                        </tr>\n                        <tr>\n                            <td>AD</td>\n                            <td>adopted</td>\n                            <td/>\n                        </tr>\n                        <tr>\n                            <td>BR</td>\n                            <td>birth</td>\n                            <td/>\n                        </tr>\n                        <tr>\n                            <td>CL</td>\n                            <td>callme</td>\n                            <td/>\n                        </tr>\n                        <tr>\n                            <td>IN</td>\n                            <td>initial</td>\n                            <td/>\n                        </tr>\n                        <tr>\n                            <td>NB</td>\n                            <td>nobility</td>\n                            <td/>\n                        </tr>\n                        <tr>\n                            <td>PR</td>\n                            <td>professional</td>\n                            <td/>\n                        </tr>\n                        <tr>\n                            <td>SP</td>\n                            <td>spouse</td>\n                            <td/>\n                        </tr>\n                        <tr>\n                            <td>TITLE</td>\n                            <td>title</td>\n                            <td/>\n                        </tr>\n                        <tr>\n                            <td>VV</td>\n                            <td>voorvoegsel</td>\n                            <td/>\n                        </tr>\n                    </table>\n                </li>\n            </ul>\n        </div>"
  },
  "url": "http://cts.nlm.nih.gov/fhir/ValueSet/2.16.840.1.113883.11.20.9.26",
  "version": "2.1.0",
  "name": "EntityPersonNamePartQualifier",
  "title": "EntityPersonNamePartQualifier",
  "status": "active",
  "date": "2015-03-09T22:00:02-07:00",
  "publisher": "Health Level 7",
  "compose": {
    "include": [
      {
        "system": "http://hl7.org/fhir/v3/EntityNamePartQualifier",
        "concept": [
          {
            "code": "AC",
            "display": "academic"
          },
          {
            "code": "AD",
            "display": "adopted"
          },
          {
            "code": "BR",
            "display": "birth"
          },
          {
            "code": "CL",
            "display": "callme"
          },
          {
            "code": "IN",
            "display": "initial"
          },
          {
            "code": "NB",
            "display": "nobility"
          },
          {
            "code": "PR",
            "display": "professional"
          },
          {
            "code": "SP",
            "display": "spouse"
          },
          {
            "code": "TITLE",
            "display": "title"
          },
          {
            "code": "VV",
            "display": "voorvoegsel"
          }
        ]
      }
    ]
  }
}